0;1.468374029;-1.002343285;4389.683926;1.006440519;test
0;1.41190473;-1.000560308;1807.380942;1.001551862;test
0;1.365941689;-1.001780538;2172.622355;1.005163564;test
0;1.476828194;-1.002658644;7712.399713;1.009987003;test
0;1.21715702;-1.000561612;86.78700275;1.001501963;test
0;1.379008745;-1.000195129;680.9811171;1.000520498;test
0;1.44582175;-1.000305622;586.4186136;1.000817332;test
0;1.446694916;-1.003511026;3662.383541;1.012256382;test
0;1.115405471;-1.209245805;1292.833641;2.49157501;test
0;1.460156748;-1.089571563;95.61730654;1.335106338;test
0;1.378944981;-1.078867207;205.7182722;1.362020758;test
0;1.229573186;-1.010055106;99.41591393;1.028065878;test
0;1.458454998;-1.000342019;2308.172826;1.000915869;test
0;1.400879543;-1.001100713;1200.048959;1.003081244;test
0;1.337973419;-1.084414214;875.5210163;1.475105847;test
0;1.296496161;-1.001957087;4527.717747;1.007393995;test
0;1.421521504;-1.001274301;5068.012254;1.004246136;test
0;1.399385429;-1.000639965;461.0637825;1.001722302;test
0;1.339469466;-1.093150845;198.9339699;1.354613384;test
0;1.321832301;-1.002010295;6295.435043;1.008064704;test
0;1.281443313;-1.033306808;1454.658202;1.150244695;test
0;1.203570152;-1.021774658;4258.89277;1.117054232;test
0;1.119886851;-1.008355488;744.1508752;1.030968953;test
0;1.197585255;-1.052272693;277.8584213;1.17119304;test
0;1.243320455;-1.002604555;1904.605083;1.008603152;test
0;1.256847033;-1.068814762;1614.685248;1.347554959;test
0;1.373970189;-1.002004944;5638.99397;1.007739288;test
0;1.442805228;-1.000835344;8824.719417;1.002647312;test
0;1.446271888;-1.000863036;4446.329985;1.002320914;test
0;1.408315943;-1.000730895;6440.317843;1.002161897;test
0;1.438562702;-1.000524597;8284.095601;1.001382242;test
0;1.466263264;-1.000145603;13240.65906;1.000390515;test
0;1.400778723;-1.00070563;6824.821981;1.001852549;test
0;1.192664534;-1.084297622;507.1117492;1.329046987;test
0;1.438177786;-1.000695755;6345.248986;1.002000903;test
0;1.442277038;-1.001827866;4434.267833;1.005784744;test
0;1.381413223;-1.002410056;6054.369839;1.009592908;test
0;1.455782157;-1.003106725;5923.633102;1.009373894;test
0;1.459468067;-1.002997561;6261.899957;1.010860254;test
0;1.484053491;-1.001868051;2307.063715;1.005031855;test
0;1.38069172;-1.001476741;2006.395499;1.00434057;test
0;1.354836147;-1.002246182;3444.256746;1.007584101;test
0;1.489410501;-1.006672073;1234.972082;1.020044315;test
0;1.437517519;-1.001227573;7498.955102;1.003832804;test
0;1.421171778;-1.001095566;7178.173674;1.003055659;test
0;1.476883669;-1.00415986;3660.988418;1.013663608;test
0;1.481564376;-1.008059133;2037.344339;1.023397827;test
0;1.419852919;-1.00325575;2630.274548;1.009104124;test
0;1.424607644;-1.081779184;308.833707;1.253321981;test
0;1.404185262;-1.001942786;839.0282939;1.00518639;test
0;1.484456145;-1.001949281;6563.868599;1.005563105;test
0;1.40022107;-1.00104329;8291.757147;1.003438146;test
0;1.402561208;-1.002762959;1283.686533;1.008869786;test
0;1.420223287;-1.000703778;4770.480125;1.002066951;test
0;1.489207533;-1.002196505;1764.518035;1.005954832;test
0;1.441529595;-1.001999948;13003.90196;1.008341771;test
0;1.420650683;-1.000734768;4497.913257;1.002041647;test
1;1.370788763;-1.002087683;9089.036831;1.008367441;test
1;1.346602903;-1.000281865;8510.270156;1.000865768;test
1;1.38124197;-1.00021804;10359.61221;1.000669544;test
1;1.225761255;-1.000283943;4472.515385;1.000725266;test
1;1.367016034;-1.000895653;5767.844854;1.002964431;test
1;1.26604658;-1.002111189;8533.26948;1.008509552;test
1;1.288739565;-1.005125829;1766.408162;1.017120773;test
1;1.305495844;-1.000895495;7882.614849;1.003185109;test
1;1.254588444;-1.009916635;2185.617032;1.042423508;test
1;1.046231121;-4.203856967;1900.223591;51.77321882;test
1;1.174770944;-1.00911532;2847.924844;1.038560582;test
1;1.297373176;-1.000567671;1767.946695;1.001609591;test
1;1.375760205;-1.00050908;9199.597137;1.001620418;test
1;1.13771497;-1.299100178;1796.341314;3.320851307;test
1;1.196148959;-1.000288155;5501.60689;1.000761626;test
0;1.317335523;-1.005242732;9371.495314;1.025842249;training
0;1.384545639;-1.007183339;9311.88112;1.040101212;training
0;1.411834034;-1.010643351;9368.673283;1.063948285;training
0;1.306757736;-1.000791293;5170.147915;1.002587469;training
0;1.28753242;-1.004613062;9158.779773;1.022880329;training
0;1.300300451;-1.001520674;9582.255057;1.006158222;training
0;1.391424853;-1.003514266;9363.030529;1.016617994;training
0;1.449787147;-1.003239771;9319.387499;1.012422594;training
0;1.46829007;-1.002300387;9342.288965;1.006532428;training
0;1.462081601;-1.003865345;9165.695264;1.017744646;training
0;1.290566471;-1.027065551;9156.731563;1.212151717;training
0;1.461606432;-1.00446345;9165.065016;1.021468777;training
0;1.328662072;-1.001867126;9398.082739;1.00775111;training
0;1.343989936;-1.003557602;9324.161143;1.016467264;training
0;1.446475496;-1.00117174;7020.844327;1.003426431;training
0;1.420066626;-1.001221053;4257.406775;1.003744102;training
0;1.409408556;-1.001099207;6838.088536;1.003743953;training
0;1.422548895;-1.000283597;5013.023859;1.000763471;training
0;1.427412242;-1.001021624;7018.659009;1.00291211;training
0;1.436695039;-1.000335116;9129.666465;1.000919029;training
0;1.45602408;-1.000918423;7276.40278;1.002659782;training
0;1.44211623;-1.000482187;7200.139393;1.001508968;training
0;1.449841613;-1.000791882;7183.34934;1.002447968;training
0;1.421405011;-1.001576486;7296.748784;1.00514293;training
0;1.430220565;-1.000788135;7314.783978;1.00230876;training
0;1.419473974;-1.000532328;6764.083671;1.001471362;training
0;1.437089924;-1.001297828;7397.118901;1.004232498;training
0;1.430121524;-1.001758461;7369.843905;1.006121564;training
0;1.40218064;-1.005022278;2713.075408;1.020499457;training
0;1.428079416;-1.011725641;5014.073161;1.06492831;training
0;1.404529749;-1.014827904;5813.686429;1.086088183;training
0;1.39539415;-1.004010175;2908.809398;1.016491064;training
0;1.449549726;-1.004827713;4610.041164;1.019096448;training
0;1.460787359;-1.004657691;16932.25756;1.024781801;training
0;1.4183241;-1.004391203;3051.85046;1.016449729;training
0;1.453141974;-1.002511129;2807.475227;1.007098;training
0;1.415089811;-1.006119718;1802.54652;1.022461186;training
0;1.434541461;-1.004241224;4373.239894;1.015168642;training
0;1.22268014;-1.03589286;3440.609314;1.283869638;training
0;1.433646072;-1.007036441;4639.743515;1.02825338;training
0;1.425302135;-1.00927516;5107.819895;1.045060053;training
0;1.42178904;-1.007630069;5209.666717;1.034136033;training
0;1.343308322;-1.019562244;6284.04867;1.10947328;training
0;1.211671068;-1.029986781;6136.278597;1.172652009;training
0;1.260963485;-1.028999391;5923.614306;1.187785506;training
0;1.304000897;-1.006812086;4232.160289;1.02839135;training
0;1.289171154;-1.034310576;6264.577326;1.222586064;training
0;1.375516002;-1.012301405;19685.39282;1.09230595;training
0;1.415033859;-1.005495398;3022.061047;1.019913509;training
0;1.483524411;-1.002833044;3089.545305;1.008394547;training
0;1.474656646;-1.004197725;3152.137425;1.014158566;training
0;1.365864301;-1.017219165;6338.245878;1.092685443;training
0;1.246680971;-1.049357861;6333.467086;1.357222285;training
0;1.36348967;-1.018392453;6338.144955;1.101919424;training
0;1.193900117;-1.016285861;3182.291706;1.078555372;training
0;1.168185053;-1.011632654;3102.431489;1.052753075;training
0;1.326878147;-1.001970744;626.6563003;1.005407355;training
0;1.483133851;-1.002343436;605.7801761;1.006330651;training
0;1.427307236;-1.003020284;616.5249227;1.008787299;training
0;1.363861312;-1.000817922;534.3725453;1.002174496;training
0;1.347472957;-1.00315195;592.9661167;1.008974091;training
0;1.374907442;-1.001371398;2660.375272;1.004269491;training
0;1.264480804;-1.001224657;615.4074915;1.0032993;training
0;1.249399237;-1.000373106;604.282247;1.001016637;training
0;1.262650918;-1.000789506;623.3373454;1.002149369;training
0;1.327096033;-1.003281404;592.7265286;1.009686184;training
0;1.372529825;-1.003512091;592.7206282;1.011093007;training
0;1.327041064;-1.003354791;592.6422474;1.010465701;training
0;1.415252409;-1.003141166;600.3635397;1.009033871;training
0;1.453913044;-1.002757624;624.6269593;1.007662255;training
0;1.417741147;-1.000370423;838.0060939;1.00099053;training
0;1.420378501;-1.001269657;1148.882222;1.003433168;training
0;1.440247205;-1.000617618;4614.476284;1.001702478;training
0;1.259462698;-1.000756162;986.251294;1.002090191;training
0;1.399538848;-1.001191574;1273.783727;1.003225187;training
0;1.327885464;-1.002513884;1253.466171;1.008411505;training
0;1.254253188;-2.678056755;283.7709177;15.6728883;training
0;1.212456749;-3.336468096;250.9184293;22.89711483;training
0;1.201867799;-4.043032192;275.6223097;33.72181941;training
0;1.207173341;-1.555082745;208.4234617;4.193207513;training
0;1.196635995;-4.232594233;262.5139462;34.91793865;training
0;1.410135799;-1.191757038;979.545214;2.32456085;training
0;1.217933678;-2.25764216;248.1311749;10.33552358;training
0;1.387439156;-1.166060515;281.883725;1.59034183;training
0;1.290091223;-1.370025882;278.3192228;2.871168688;training
0;1.303450688;-2.048928321;272.1265547;9.566492154;training
0;1.224889469;-1.382495061;267.3163456;3.072501281;training
0;1.291086204;-1.656362544;270.3525113;4.888346815;training
0;1.333690488;-1.488131356;270.3260182;3.433235427;training
0;1.205103722;-2.581818679;275.1630544;14.33418762;training
0;1.293477895;-1.008530724;6470.326251;1.042576892;training
0;1.266947027;-1.016714074;4824.898934;1.088426061;training
0;1.323733615;-1.018444081;11701.63095;1.122157038;training
0;1.465607478;-1.004288273;4585.172192;1.01372102;training
0;1.269565912;-1.001912153;4598.583751;1.007076916;training
0;1.474673741;-1.003117952;4050.366112;1.009440626;training
0;1.358097532;-1.001415184;2605.856363;1.004042146;training
0;1.337830054;-1.00089145;2131.661887;1.002639412;training
0;1.341685851;-1.002125779;2124.509435;1.006626805;training
0;1.288216985;-1.000379744;1261.062924;1.001029769;training
0;1.314284416;-1.000589532;1991.071477;1.001617842;training
0;1.339973425;-1.000487802;7663.434495;1.001460348;training
0;1.406550296;-1.001579732;2616.982709;1.004400496;training
0;1.448420654;-1.001661723;2545.839317;1.004858797;training
0;1.466550406;-1.001298724;2414.784791;1.003744073;training
0;1.444935957;-1.00210587;2539.024477;1.005953661;training
0;1.303650662;-1.001387452;2132.95241;1.004289618;training
0;1.437629307;-1.002436394;2584.103584;1.007464401;training
0;1.246254944;-1.001500098;2866.112366;1.004858421;training
0;1.205606374;-1.002737704;2692.412061;1.009912776;training
0;1.377985168;-1.000186798;366.4478812;1.000498361;training
0;1.440257073;-1.000394601;362.6453092;1.001052585;training
0;1.437375717;-1.000318088;369.6731676;1.000848685;training
0;1.387697028;-1.000153615;290.6442781;1.000409765;training
0;1.39363304;-1.000267331;354.4895599;1.000711756;training
0;1.424743768;-1.000128941;1467.070629;1.000345075;training
0;1.366760417;-1.000124352;369.407096;1.000331563;training
0;1.368327046;-1.000214315;362.412705;1.000573602;training
0;1.353654833;-1.000315949;360.3484045;1.000855687;training
0;1.421762038;-1.000393207;354.4677661;1.001053052;training
0;1.365414978;-1.00033798;354.455279;1.000916428;training
0;1.438811046;-1.000366639;354.5728;1.000976853;training
0;1.404238473;-1.000370092;367.5347654;1.000983595;training
0;1.409407925;-1.000465888;360.6116361;1.001240087;training
0;1.344405408;-1.000498724;190.5705299;1.001350842;training
0;1.302516122;-1.000443417;190.5665796;1.001189603;training
0;1.337464111;-1.00065914;197.6458849;1.001769834;training
0;1.332420423;-1.000093835;176.6782076;1.00025023;training
0;1.346417734;-1.000269044;186.5644634;1.000725503;training
0;1.372527105;-1.000126262;822.1892673;1.000340603;training
0;1.357672155;-1.000716742;197.6503484;1.001934622;training
0;1.39714372;-1.000669405;190.7224231;1.001795038;training
0;1.453861646;-1.000547502;186.7584476;1.001461146;training
0;1.432373396;-1.000504781;186.7195384;1.001350195;training
0;1.308982565;-1.000274158;186.5630341;1.000731279;training
0;1.389687967;-1.000672643;186.7561892;1.001795622;training
0;1.342457772;-1.000146899;194.5610326;1.000392106;training
0;1.292936834;-1.000259907;186.5614412;1.00069319;training
0;1.178697657;-4.758134193;220.9007899;39.85062681;training
0;1.302803444;-2.658071794;264.2839336;16.02577177;training
0;1.238066815;-1.798880533;128.6863048;6.271817074;training
0;1.120871141;-2.417096878;407.762679;11.64856179;training
0;1.21607828;-2.141203167;166.9813446;8.248853153;training
0;1.376777672;-1.033793879;1604.859777;1.147465883;training
0;1.377250955;-1.046581758;233.4145179;1.186049697;training
0;1.43242248;-1.000298249;253.6802035;1.000795524;training
0;1.414539331;-1.000128127;259.5644697;1.000341714;training
0;1.395965085;-1.000196448;256.5315777;1.000523816;training
0;1.39600549;-1.000097735;231.7489962;1.000260544;training
0;1.431487503;-1.000250353;242.7105902;1.000667783;training
0;1.445080033;-1.000138053;1097.415866;1.000368484;training
0;1.419519447;-1.000239184;256.6403727;1.000637646;training
0;1.391601755;-1.000247096;259.6396452;1.000658695;training
0;1.438701356;-1.000237749;263.6425316;1.000633772;training
0;1.377767344;-1.000185142;242.5993973;1.000493804;training
0;1.431345038;-1.000285004;242.6424495;1.000760185;training
0;1.389972095;-1.000239956;242.5326131;1.000639889;training
0;1.431974486;-1.000226964;244.6745501;1.00060537;training
0;1.404608263;-1.000239013;263.6402016;1.000637535;training
0;1.169241453;-1.727930939;312.3409198;5.620185462;training
0;1.386141766;-1.082606356;327.038379;1.333442074;training
0;1.468858078;-1.05076666;320.0591742;1.180793057;training
0;1.202977965;-1.091546715;277.502608;1.383377142;training
0;1.306663262;-1.000287296;246.4963417;1.000771165;training
0;1.24297391;-1.282937559;1380.197269;3.026027172;training
0;1.197853632;-1.417063413;310.9833332;3.257334134;training
0;1.232189276;-1.312000384;321.6472633;2.623891607;training
0;1.26126321;-1.212006334;322.6920816;2.003724306;training
0;1.358496614;-1.10255421;311.0409382;1.426406095;training
0;1.224904905;-1.025030282;310.3764338;1.31278847;training
0;1.367833594;-1.073412814;313.2144827;1.308253832;training
0;1.259304054;-1.219134587;315.2904188;2.038967792;training
0;1.292045252;-1.146305408;324.9400602;1.646420898;training
0;1.451309511;-1.001574138;832.9598649;1.004271492;training
0;1.371963602;-1.000821514;824.5532053;1.002113636;training
0;1.35071253;-1.000871339;857.5923162;1.002236893;training
0;1.398835071;-1.000422366;763.4549486;1.00111992;training
0;1.415138605;-1.001526358;801.8581133;1.004067987;training
0;1.426086816;-1.000597395;3936.151799;1.001601175;training
0;1.465022219;-1.001487552;858.0934419;1.004008348;training
0;1.466684828;-1.001416921;825.1327972;1.003814867;training
0;1.413365831;-1.001499833;845.3821587;1.004124082;training
0;1.379279525;-1.001710025;800.2445273;1.004865404;training
0;1.414769821;-1.001450109;801.2491841;1.004001244;training
0;1.382699887;-1.001195998;801.7206261;1.003073583;training
0;1.418104167;-1.001071943;855.7455032;1.002796094;training
0;1.386386978;-1.000973488;845.6302077;1.002508717;training
0;1.201223563;-1.217698258;420.0898809;2.130883706;training
0;1.367224583;-1.02317792;1357.215525;1.117586836;training
0;1.33599016;-1.043665994;1132.723487;1.24309728;training
0;1.343551639;-1.001773828;1036.707963;1.005419437;training
0;1.274853995;-1.043877706;908.5968791;1.194841365;training
0;1.377089366;-1.015617184;4398.6366;1.078116692;training
0;1.379451918;-1.012729404;1245.269899;1.051605538;training
0;1.3263895;-1.016439268;2282.316496;1.073426218;training
0;1.451381359;-1.007940251;1136.156436;1.027147536;training
0;1.45047653;-1.015827788;809.3833036;1.046641226;training
0;1.304222372;-1.02591801;1066.735007;1.120639377;training
0;1.447924518;-1.016403528;1037.590312;1.051909727;training
0;1.339629226;-1.021745029;1313.378574;1.098058612;training
0;1.353062797;-1.017797856;1664.003721;1.087415975;training
0;1.338497803;-1.021646278;1087.659919;1.097309488;training
0;1.294758132;-1.01712733;752.3064039;1.060380869;training
0;1.290620431;-1.090244564;1174.190526;1.582037459;training
0;1.411700011;-1.001296982;1130.073117;1.003584888;training
0;1.360851531;-1.018125535;827.2718236;1.065851927;training
0;1.433095779;-1.008469838;4633.443511;1.036362968;training
0;1.374125694;-1.02074489;1308.064645;1.090741553;training
0;1.394799798;-1.014169266;958.0763881;1.046759038;training
0;1.40750009;-1.009697315;526.6253215;1.029504409;training
0;1.289235346;-1.05569535;1001.18776;1.306411656;training
0;1.366992063;-1.014496294;1155.841401;1.057773524;training
0;1.284170428;-1.038608064;1081.793944;1.192637783;training
0;1.383878681;-1.00489924;827.4470892;1.013695136;training
0;1.328188547;-1.0063293;912.9278739;1.018812486;training
0;1.232500739;-2.010399649;1177.609835;13.15218079;training
0;1.292858316;-1.510453041;1222.098463;5.971460605;training
0;1.383762241;-1.007608844;1241.060186;1.025256201;training
0;1.360903718;-1.014447678;898.0420312;1.04678497;training
0;1.226757304;-1.223144945;1035.603031;2.439813122;training
0;1.244965499;-1.167564693;4223.7486;2.797822285;training
0;1.213083594;-1.338175915;1119.663081;3.436731904;training
0;1.418099203;-1.016262874;1102.961186;1.057714081;training
0;1.432513573;-1.039608508;1120.351138;1.180547782;training
0;1.249646448;-1.241773188;1037.772318;2.752353158;training
0;1.237129071;-2.36376072;1211.869812;17.19194268;training
0;1.271463645;-1.588962029;1033.969167;6.952928535;training
0;1.208254996;-1.047509591;1188.537856;1.264943507;training
0;1.245911358;-1.008325859;1258.742078;1.022474328;training
0;1.383442069;-1.000179712;499.4510677;1.000479118;training
0;1.442597342;-1.00020093;491.5288427;1.000536129;training
0;1.446130429;-1.000232539;505.4997821;1.000620375;training
0;1.40609418;-1.000100133;363.6406745;1.000266965;training
0;1.413575931;-1.000206816;482.5259098;1.00055136;training
0;1.434612555;-1.000132278;2025.083962;1.000353634;training
0;1.392696104;-1.000180893;505.4180761;1.000482341;training
0;1.407935725;-1.000187896;491.419213;1.000501402;training
0;1.405819961;-1.000192195;501.4540245;1.000512492;training
0;1.434279169;-1.000175739;482.524495;1.000468784;training
0;1.415466081;-1.000217276;482.3525411;1.000580532;training
0;1.444593223;-1.00014805;482.4866363;1.000394972;training
0;1.429728887;-1.000186278;515.4922234;1.00049655;training
0;1.403897925;-1.000206449;501.5249534;1.000550174;training
0;1.433047334;-1.002709198;13153.79248;1.010924922;training
0;1.362435324;-1.000796819;6310.312237;1.00271117;training
0;1.387470142;-1.003497425;13273.6334;1.015714185;training
0;1.375101275;-1.001589211;8283.629919;1.006322463;training
0;1.409296339;-1.004128366;12583.3001;1.020707622;training
0;1.457585635;-1.001061424;44554.8427;1.005029793;training
0;1.459487324;-1.002297324;13276.99417;1.007497425;training
0;1.484226368;-1.001658834;13183.25259;1.004740366;training
0;1.481037116;-1.001426743;13168.96101;1.004218476;training
0;1.436456367;-1.006715889;12591.96462;1.036268684;training
0;1.409186872;-1.002423744;12576.18792;1.01080086;training
0;1.432476071;-1.002044761;12580.37669;1.007794009;training
0;1.401277821;-1.005191189;13056.29299;1.028741454;training
0;1.392506619;-1.005684332;13157.14993;1.032227751;training
0;1.34496949;-1.301143868;1695.581943;3.863181826;training
0;1.310728392;-1.050110342;1701.830273;1.243439745;training
0;1.276156004;-1.08393734;1643.429328;1.476804044;training
0;1.408599753;-1.002077735;1715.798534;1.005654903;training
0;1.332113626;-1.024931661;1619.44617;1.101909783;training
0;1.423028549;-1.002520408;2608.587016;1.006950999;training
0;1.400798739;-1.09653968;1703.497198;1.583104113;training
0;1.446003142;-1.031126374;1657.280896;1.119997056;training
0;1.389317306;-1.027935137;1705.245406;1.115347733;training
0;1.420594959;-1.035846614;1605.235194;1.15992483;training
0;1.359289607;-1.146329053;1602.596768;2.050747877;training
0;1.441502532;-1.021327826;1613.940059;1.075605635;training
0;1.363784863;-1.027572314;1687.900906;1.119587999;training
0;1.405028211;-1.039593002;1700.346251;1.204628015;training
0;1.202598349;-1.166518696;293.6201487;2.415791985;training
0;1.229097821;-1.697867286;291.7468518;5.282552938;training
0;1.274743982;-1.786205216;273.5792604;6.076924569;training
0;1.319458091;-1.031237434;319.7027112;1.0992929;training
0;1.238808789;-1.068006069;272.2441487;1.521635015;training
0;1.435905959;-1.015354595;1230.037967;1.046395954;training
0;1.269317405;-1.212250027;273.2131452;1.975396428;training
0;1.276301799;-1.221333029;294.721272;2.142274409;training
0;1.284929093;-1.240990665;293.8514866;2.304587693;training
0;1.331647726;-1.148066862;275.6090019;1.828970271;training
0;1.2604338;-1.812681394;268.0351502;5.993598803;training
0;1.334920154;-1.400411787;274.1199244;3.187334771;training
0;1.197777749;-1.187716345;283.8627091;2.152393926;training
0;1.240020369;-1.236119438;288.0833948;2.086361571;training
0;1.422548058;-1.000417638;306.4600916;1.001114074;training
0;1.395250035;-1.000337098;307.4851184;1.000898805;training
0;1.416904226;-1.000388531;303.4917401;1.001036428;training
0;1.361151689;-1.000102116;328.6408434;1.00027228;training
0;1.411471646;-1.000368778;290.488911;1.000983306;training
0;1.442322087;-1.000153394;1481.072512;1.000409284;training
0;1.393823666;-1.00049819;303.4607853;1.001329273;training
0;1.40818552;-1.000397476;307.4561965;1.001060444;training
0;1.39381575;-1.000392816;303.4526421;1.001047869;training
0;1.438968944;-1.000409003;290.4955192;1.001090804;training
0;1.404533648;-1.000280044;290.4477915;1.000746826;training
0;1.432155653;-1.000422918;290.5301856;1.001127818;training
0;1.398394954;-1.000454688;297.4580642;1.001212808;training
0;1.436580604;-1.000342739;303.4545655;1.000914121;training
0;1.318992907;-1.001428847;440.3966624;1.003742532;training
0;1.44617678;-1.001037534;422.5244099;1.002764302;training
0;1.418252656;-1.000277228;424.5286905;1.000739678;training
0;1.297420773;-1.001639111;378.4854211;1.004208634;training
0;1.32587386;-1.001826459;400.4050342;1.004798833;training
0;1.312416521;-1.001393737;1913.752488;1.00354366;training
0;1.31098991;-1.001577145;432.3632969;1.004144714;training
0;1.301746763;-1.001652378;422.3223621;1.00433374;training
0;1.30170704;-1.001578385;432.3216051;1.004153647;training
0;1.383183428;-1.001291244;400.3652187;1.003418584;training
0;1.249469453;-1.003032123;397.1348618;1.008246198;training
0;1.348670066;-1.001365066;398.6813517;1.003672198;training
0;1.3603257;-1.001528058;420.4517135;1.004036369;training
0;1.387335397;-1.001322146;432.4909424;1.003506372;training
0;1.261474729;-1.013986959;847.7234803;1.045801232;training
0;1.216710186;-1.002985102;870.4009355;1.033103891;training
0;1.266275883;-1.008738209;871.1472612;1.033082353;training
0;1.214367064;-1.007296586;632.2021505;1.023953511;training
0;1.217373439;-1.009197515;816.0519823;1.042854751;training
0;1.245306944;-1.002457937;3574.443243;1.023464665;training
0;1.335421126;-1.015773185;870.4352246;1.045137985;training
0;1.404067707;-1.01682772;872.2451295;1.04936684;training
0;1.484853679;-1.013798465;853.878121;1.040362873;training
0;1.376875115;-1.026569935;813.9482708;1.088492596;training
0;1.222004865;-1.085749428;808.0556115;1.349513588;training
0;1.38200474;-1.01622158;818.354744;1.04652755;training
0;1.20933615;-1.007971572;808.7975158;1.02983322;training
0;1.203888361;-1.005410666;851.0775472;1.026181403;training
0;1.447182413;-1.001810324;906.3002406;1.004906947;training
0;1.367640377;-1.00349372;918.1687406;1.010742937;training
0;1.314886156;-1.004998589;887.9850087;1.016231068;training
0;1.441787673;-1.000490594;1142.881536;1.00133264;training
0;1.427813637;-1.002403038;880.7609682;1.006778512;training
0;1.458508711;-1.001331739;4277.409165;1.00411557;training
0;1.43397156;-1.002577799;890.511329;1.006808596;training
0;1.418648657;-1.002286827;920.2711013;1.006021549;training
0;1.345134614;-1.003001833;893.0157698;1.008203229;training
0;1.345057372;-1.001735338;880.4968873;1.004654764;training
0;1.439392736;-1.001860117;881.1784831;1.005019742;training
0;1.348856176;-1.002858148;879.2604712;1.008465171;training
0;1.434790632;-1.002907536;909.3826748;1.008061771;training
0;1.41141468;-1.003193242;891.7222933;1.009276972;training
0;1.264095307;-1.003785435;2229.278908;1.01393757;training
0;1.318864847;-1.02339393;4062.766364;1.118044561;training
0;1.407608592;-1.012165605;3819.1735;1.051961924;training
0;1.31489988;-1.00278877;3121.984869;1.01071654;training
0;1.251661809;-1.04797591;3973.74991;1.3083617;training
0;1.320262811;-1.025042914;11798.78594;1.181292252;training
0;1.263902344;-1.006014842;2304.647017;1.024671578;training
0;1.25667728;-1.011323646;2483.393313;1.050793261;training
0;1.363437905;-1.006310748;2343.617395;1.023561929;training
0;1.432060282;-1.004979735;2216.004615;1.016718065;training
0;1.2576836;-1.025399868;3969.297881;1.146532659;training
0;1.42863561;-1.012989437;3622.984077;1.063057542;training
0;1.254416864;-1.040074978;3949.400979;1.252124721;training
0;1.314197962;-1.02088019;3274.571403;1.108283644;training
0;1.177207294;-1.289353786;854.0767671;3.204391112;training
0;1.427140458;-1.015032034;868.1901954;1.048218747;training
0;1.230658866;-1.060796311;849.9836206;1.272628333;training
0;1.21538447;-1.501883679;720.1535837;4.734792052;training
0;1.34452678;-1.048131024;807.3744;1.216091267;training
0;1.320539689;-1.023863215;3418.041513;1.117133526;training
0;1.326808508;-1.027575575;843.4853424;1.118815559;training
0;1.252525298;-1.0439534;863.9381402;1.264224684;training
0;1.362733274;-1.01386795;856.5766524;1.047683118;training
0;1.155854847;-1.731365889;798.9261756;7.467997796;training
0;1.311584755;-1.057970313;798.7510139;1.255999703;training
0;1.162692568;-2.367254277;800.7442025;15.76800982;training
0;1.1525662;-1.597267271;839.8932606;5.490325999;training
0;1.311533965;-1.094464888;856.263154;1.556117637;training
0;1.193126462;-2.573764658;739.9380568;17.11228807;training
0;1.372266234;-1.19055369;1337.33886;2.458557324;training
0;1.322145163;-1.126242919;1317.880287;1.802317903;training
0;1.443257241;-1.007821985;1221.946135;1.025994048;training
0;1.439255816;-1.036925758;1267.00392;1.166490182;training
0;1.4134589;-1.009592218;5573.082678;1.038757331;training
0;1.38249788;-1.08076783;1317.080219;1.448280082;training
0;1.257113377;-1.312086795;746.8715334;3.080413298;training
0;1.211539974;-1.334279714;741.2215425;3.437037483;training
0;1.447510592;-1.054245299;720.0202758;1.179247533;training
0;1.318293159;-1.099352546;736.7232729;1.471018401;training
0;1.447828765;-1.08855407;739.0417597;1.357500104;training
0;1.440404381;-1.028939135;1303.241405;1.104793401;training
0;1.3554145;-1.219483241;1342.496507;2.801158223;training
0;1.358081247;-1.003238921;4084.197244;1.011175871;training
0;1.373655858;-1.003253646;2916.088735;1.009433637;training
0;1.385363243;-1.002157228;1807.460926;1.00562159;training
0;1.356488652;-1.000602617;2650.080511;1.001708466;training
0;1.358858824;-1.002718096;3016.105264;1.008524319;training
0;1.372613268;-1.000735716;4793.113078;1.002181354;training
0;1.389462254;-1.004705093;3044.406364;1.016173764;training
0;1.439257156;-1.004292231;2914.767943;1.012646782;training
0;1.463971601;-1.004906872;3005.040943;1.015375823;training
0;1.446600182;-1.007353441;2796.855792;1.023511626;training
0;1.339334959;-1.006269291;2580.262899;1.022931464;training
0;1.447004363;-1.004865459;2469.94469;1.013024822;training
0;1.344707586;-1.004754738;3444.642448;1.016187845;training
0;1.331038315;-1.003362131;2442.657639;1.01088698;training
0;1.421086624;-1.000524072;10308.24778;1.001577114;training
0;1.466141975;-1.000403805;2897.861162;1.001079274;training
0;1.448911068;-1.000341384;4991.951411;1.000925873;training
0;1.405017739;-1.000678081;9296.837;1.001945124;training
0;1.407667636;-1.000352518;10873.27923;1.000963175;training
0;1.437327567;-1.000281933;11171.15326;1.000780021;training
0;1.435869105;-1.00026622;11386.83851;1.000716678;training
0;1.438706845;-1.000333357;10829.85569;1.000916456;training
0;1.437074994;-1.000640637;8880.240247;1.001812709;training
0;1.402742808;-1.000650593;9209.565012;1.001847939;training
0;1.445956422;-1.000508113;9533.594322;1.001373835;training
0;1.432881446;-1.000694212;10249.78943;1.002025659;training
0;1.464658101;-1.000648061;11126.06947;1.001787322;training
0;1.450126565;-1.000630258;10249.84177;1.001694245;training
0;1.461926328;-1.000515964;5846.888356;1.001388232;training
0;1.465526003;-1.001470075;10121.51426;1.004424081;training
0;1.44453274;-1.001164092;9480.849297;1.003598319;training
0;1.43477428;-1.000393309;13014.30993;1.001072922;training
0;1.44453337;-1.000509763;10661.05005;1.001561514;training
0;1.389112087;-1.000366159;6044.642686;1.001190501;training
0;1.39504789;-1.000681313;5606.50139;1.002327074;training
0;1.450952193;-1.002458205;9768.772852;1.009717628;training
0;1.436731242;-1.002526281;9665.508626;1.009365283;training
0;1.444024895;-1.002126582;9604.26368;1.008771349;training
0;1.450010268;-1.001348076;10149.71131;1.004362467;training
0;1.452497776;-1.000445381;5757.021214;1.001213419;training
0;1.458448007;-1.003450654;3358.698541;1.011405318;training
0;1.303392281;-1.005444449;3711.084659;1.023331117;training
0;1.349801071;-1.002588985;3520.647539;1.009822814;training
0;1.460659425;-1.001312738;2668.571061;1.003580479;training
0;1.45235966;-1.003881541;3003.751408;1.014047125;training
0;1.469726894;-1.001652491;14924.18681;1.006691506;training
0;1.464562335;-1.002966221;3525.464927;1.010934858;training
0;1.438467723;-1.003766865;3714.109705;1.012724749;training
0;1.420351542;-1.003659432;3630.082504;1.013144681;training
0;1.338850755;-1.002272888;2996.173698;1.007915371;training
0;1.455108679;-1.006127833;3000.291911;1.022582967;training
0;1.333425175;-1.008522719;2996.066194;1.040253196;training
0;1.405422113;-1.004475218;3410.301341;1.017678746;training
0;1.345299319;-1.005313928;3629.077367;1.021712758;training
0;1.432804892;-1.000831093;6386.258866;1.002696411;training
0;1.458788758;-1.001053619;6300.912851;1.003315837;training
0;1.442863168;-1.001157939;6230.072786;1.003944296;training
0;1.429058025;-1.000529115;7471.615973;1.001427087;training
0;1.422650811;-1.000631217;6181.342238;1.001704682;training
0;1.435267183;-1.000628376;13716.13873;1.00172661;training
0;1.456262435;-1.000569649;6234.863783;1.001551102;training
0;1.412818281;-1.000384061;6142.391563;1.001229434;training
0;1.397204095;-1.00078287;5804.033605;1.002756081;training
0;1.419443153;-1.001143799;5744.185;1.003663802;training
0;1.443398271;-1.002954568;11323.50135;1.011603586;training
0;1.417702819;-1.000682389;6058.494446;1.001996624;training
0;1.439177642;-1.0010771;6005.507349;1.003387623;training
0;1.449708009;-1.001235824;6055.158129;1.004050781;training
0;1.470565592;-1.002105667;5618.777911;1.006401149;training
0;1.279084447;-1.000413843;3157.434529;1.001189593;training
0;1.227566867;-1.000294439;3172.987839;1.000879349;training
0;1.442694749;-1.000934423;4087.99085;1.002762559;training
0;1.450612079;-1.00260081;5320.481066;1.010401685;training
0;1.448497072;-1.001019465;7373.61645;1.003528184;training
0;1.484653857;-1.000794411;3178.787415;1.002157404;training
0;1.462902339;-1.001200231;3160.022042;1.003589854;training
0;1.425659089;-1.001231448;3097.756495;1.00359271;training
0;1.340985787;-1.002521897;5314.135877;1.009013735;training
0;1.449441323;-1.003868129;5317.578065;1.014985659;training
0;1.334949844;-1.011554061;5314.88783;1.064726792;training
0;1.400084617;-1.00214948;5596.476073;1.008083301;training
0;1.358808359;-1.001778137;5659.073079;1.0060613;training
0;1.39161798;-1.000102083;7721.362191;1.000273068;training
0;1.409931136;-1.000315702;10378.91048;1.000856449;training
0;1.402381847;-1.000127735;14106.62797;1.000343659;training
0;1.468016599;-1.000624206;10365.65088;1.001731771;training
0;1.410748725;-1.00055126;10386.63959;1.001693232;training
0;1.468005422;-1.000757892;10384.27323;1.002174948;training
0;1.438138919;-1.00094662;4077.319135;1.002607326;training
0;1.44318201;-1.001910737;4159.525198;1.005589345;training
0;1.452056703;-1.001369842;3664.638503;1.003851386;training
0;1.379452033;-1.00172115;5033.677756;1.005462679;training
0;1.361587936;-1.002478469;4192.400786;1.008181848;training
0;1.39881957;-1.002626414;9176.90455;1.010130638;training
0;1.446992857;-1.0017174;4189.984106;1.005768201;training
0;1.381718593;-1.013851801;6000.635927;1.084299086;training
0;1.394874609;-1.010021521;4197.951902;1.053921893;training
0;1.433785725;-1.004626866;4108.417975;1.020053521;training
0;1.372712366;-1.003124458;4150.58447;1.011277358;training
0;1.438450243;-1.000837081;4111.73071;1.002367504;training
0;1.401335706;-1.00149405;4076.615992;1.0047931;training
0;1.418616568;-1.001599598;3929.807073;1.004832348;training
0;1.433955565;-1.003006034;2923.813289;1.008939716;training
0;1.445701085;-1.00443555;2239.448787;1.013610094;training
0;1.397274376;-1.005283968;2067.253482;1.017302886;training
0;1.445573169;-1.002565029;3443.665441;1.007604133;training
0;1.433257543;-1.003891683;2274.70379;1.011521213;training
0;1.456078249;-1.003600457;5892.047537;1.012018074;training
0;1.374983938;-1.004003331;2516.880679;1.013240305;training
0;1.307687422;-1.008721259;2063.009877;1.032972349;training
0;1.351963792;-1.010541049;2439.463288;1.045439251;training
0;1.321547884;-1.017840588;2224.300085;1.0728113;training
0;1.440032879;-1.004983823;2196.924066;1.016071385;training
0;1.316637945;-1.004628579;2208.135912;1.012336286;training
0;1.426831118;-1.004914492;2619.176636;1.01637542;training
0;1.444474064;-1.004010254;2556.704493;1.011834755;training
0;1.355377271;-1.002763559;3340.516361;1.009015056;training
0;1.380205799;-1.002575988;2967.826155;1.008037198;training
0;1.410087657;-1.002945499;3278.330354;1.009348337;training
0;1.293689244;-1.002916993;2938.789236;1.009553718;training
0;1.354838188;-1.001680003;10999.91763;1.00624366;training
0;1.423653314;-1.002389544;3036.469289;1.006899336;training
0;1.317747483;-1.510224523;52.08857522;3.155249179;training
0;1.452964713;-1.003750318;3170.51531;1.014034462;training
0;1.434497946;-1.005244472;2943.215857;1.020617941;training
0;1.295891199;-1.002809972;2885.40735;1.009107668;training
0;1.433934262;-1.002129789;2840.847798;1.006686715;training
0;1.321730281;-1.001561952;3108.913565;1.005161593;training
0;1.33850092;-1.002186244;3138.231904;1.007274941;training
0;1.447736395;-1.002470756;2182.088178;1.00696074;training
0;1.399853317;-1.001958071;2395.343884;1.005700358;training
0;1.402836999;-1.003352224;2286.817301;1.011266068;training
0;1.428492271;-1.002450617;2909.914574;1.007070423;training
0;1.405338156;-1.002626869;2318.615087;1.007736707;training
0;1.429268495;-1.002614316;5477.369098;1.008338232;training
0;1.421005312;-1.00225118;1958.339749;1.006522937;training
0;1.382693078;-1.00106129;2278.625655;1.002843863;training
0;1.368843623;-1.001218555;1951.410078;1.003226988;training
0;1.374103643;-1.001585799;2127.804153;1.004044356;training
0;1.399663019;-1.002531248;2290.021228;1.007364073;training
0;1.383851251;-1.007306534;2229.266968;1.029248711;training
0;1.42393757;-1.002363283;2313.797484;1.007146252;training
0;1.426692697;-1.001651502;2244.561529;1.004502752;training
0;1.40594253;-1.000758813;4205.955141;1.00228906;training
0;1.417709415;-1.001235993;4265.57005;1.003836661;training
0;1.443808436;-1.001235208;3894.392032;1.003543563;training
0;1.405961492;-1.000352183;5761.373983;1.001005559;training
0;1.384916168;-1.000485214;4094.260102;1.001393678;training
0;1.412942923;-1.000519303;9839.450923;1.001587945;training
0;1.41259878;-1.001065241;4020.652824;1.003227249;training
0;1.427575626;-1.001601419;4629.530234;1.005053569;training
0;1.44563108;-1.001655025;4347.618992;1.004924011;training
0;1.457101973;-1.000986254;4026.669359;1.002778997;training
0;1.393345378;-1.00035324;4284.842024;1.000969209;training
0;1.451996097;-1.000784073;3921.687782;1.002098777;training
0;1.393710582;-1.000554717;4198.306417;1.001683371;training
0;1.393039584;-1.000918138;3872.504161;1.002802142;training
0;1.272243003;-1.002203836;2076.222526;1.007861513;training
0;1.37069776;-1.003913145;2108.85024;1.013694006;training
0;1.434151785;-1.003506152;2132.122916;1.012369577;training
0;1.244807598;-1.000155434;1614.718276;1.000424107;training
0;1.255697725;-1.000768397;1933.142393;1.002264394;training
0;1.32339485;-1.000847738;8735.864241;1.002966351;training
0;1.31275657;-1.004295782;2130.851569;1.01632968;training
0;1.347754751;-1.005701466;2107.904471;1.022043808;training
0;1.39802658;-1.005221676;2155.037896;1.019598809;training
0;1.482597788;-1.003056102;1937.459743;1.008496431;training
0;1.256622583;-1.005842976;1932.935223;1.023572491;training
0;1.480586361;-1.003163395;1937.690944;1.008806131;training
0;1.292368263;-1.001877523;2077.593062;1.006050615;training
0;1.328273281;-1.003171257;2153.599679;1.010539291;training
0;1.358730488;-1.019325378;2116.236223;1.084327715;training
0;1.366578163;-1.012281456;2175.129942;1.059327339;training
0;1.376401014;-1.00576788;2110.704304;1.024077467;training
0;1.446942638;-1.003076523;1866.397465;1.008642042;training
0;1.469890959;-1.008193594;2029.745633;1.023967956;training
0;1.474564233;-1.004089546;9364.294575;1.012607074;training
0;1.316902964;-1.024565659;2114.3645;1.113429651;training
0;1.280177066;-1.034968429;2168.176332;1.17545197;training
0;1.287837767;-1.038476096;2129.74459;1.200993027;training
0;1.328962617;-1.035532219;2025.951528;1.183875901;training
0;1.470903583;-1.007286243;2033.914565;1.020068747;training
0;1.335409327;-1.002808011;2028.549748;1.008465711;training
0;1.443692982;-1.014274743;2159.15206;1.060856741;training
0;1.446124263;-1.010583836;2152.600113;1.039563176;training
0;1.446009747;-1.000583151;11590.12671;1.001836786;training
0;1.451156743;-1.000783114;11231.05184;1.002703031;training
0;1.453505037;-1.000542371;9658.145434;1.001472276;training
0;1.45116825;-1.000433388;16239.79607;1.001388729;training
0;1.443848599;-1.000510763;9685.751616;1.001577382;training
0;1.459197984;-1.000806496;25059.63825;1.003043322;training
0;1.442437822;-1.000576572;11173.23529;1.001809447;training
0;1.449482127;-1.00076963;11471.0763;1.002421126;training
0;1.463491023;-1.00090676;11398.43331;1.002785867;training
0;1.478613495;-1.000743232;10996.60668;1.002048999;training
0;1.448386143;-1.000226824;11088.80782;1.000621269;training
0;1.481076715;-1.000713728;11025.86566;1.001899438;training
0;1.437605001;-1.000563005;9313.234918;1.00178572;training
0;1.454157188;-1.000661682;10940.93128;1.002272435;training
0;1.449516603;-1.001166643;9042.050722;1.003885722;training
0;1.446926454;-1.000643365;4711.740768;1.001971315;training
0;1.446900284;-1.002329081;9268.343681;1.009904517;training
0;1.413764252;-1.000393118;5627.060688;1.001072035;training
0;1.431318832;-1.001288992;8667.397079;1.004010536;training
0;1.426820926;-1.00057147;10315.9564;1.00162765;training
0;1.467118746;-1.000791195;9426.787927;1.002202984;training
0;1.443761788;-1.000575133;9154.193174;1.001726621;training
0;1.411889448;-1.000364258;4694.281707;1.001064848;training
0;1.417727302;-1.001889921;8447.82581;1.006741282;training
0;1.429655946;-1.000962404;8533.199004;1.002703004;training
0;1.422911986;-1.001060895;8409.228162;1.003611975;training
0;1.434883935;-1.001223962;8801.633905;1.00385253;training
0;1.436749819;-1.000788597;4580.393371;1.002343154;training
0;1.432091196;-1.000184522;408.4601959;1.000492419;training
0;1.413418715;-1.000171606;412.4921196;1.000457731;training
0;1.383394542;-1.000179983;400.4896837;1.000480166;training
0;1.411233336;-1.00011392;305.6788328;1.000303756;training
0;1.427458727;-1.000189564;375.4578675;1.000505911;training
0;1.433844309;-1.000129781;1593.121757;1.000346523;training
0;1.413326757;-1.000285048;400.5012791;1.000760783;training
0;1.418263795;-1.000211718;412.4962642;1.000565305;training
0;1.429000924;-1.000193215;397.4943433;1.000516023;training
0;1.392931646;-1.000250013;375.4944805;1.000667064;training
0;1.435623893;-1.000199384;375.598801;1.00053146;training
0;1.403661283;-1.000202008;375.5616971;1.000538709;training
0;1.422303146;-1.000208571;382.4939066;1.000556565;training
0;1.441562436;-1.000164946;397.4924184;1.00044011;training
0;1.451032915;-1.005220934;4967.218978;1.018346514;training
0;1.416490277;-1.009775351;4981.393218;1.042791651;training
0;1.421512439;-1.007140105;4911.695306;1.032130602;training
0;1.450625914;-1.001780836;3043.714376;1.005002697;training
0;1.441725031;-1.006095313;4243.040977;1.021242622;training
0;1.45503695;-1.00265557;5201.261442;1.008280231;training
0;1.422244794;-1.00512731;5049.072745;1.018734088;training
0;1.398624168;-1.008593657;5026.793976;1.037028677;training
0;1.39588491;-1.012054645;4762.599437;1.057754388;training
0;1.357406685;-1.018374664;4114.510826;1.095275222;training
0;1.441115046;-1.003728864;4272.108717;1.010922044;training
0;1.366162011;-1.002881832;4152.950982;1.009233676;training
0;1.454686931;-1.007862694;5343.942731;1.035078328;training
0;1.447041409;-1.010135528;5015.297179;1.045646291;training
0;1.437730808;-1.002785557;5852.28684;1.009580953;training
0;1.417150004;-1.005418425;6718.674251;1.0254556;training
0;1.225307097;-1.039184602;155.0706449;1.107069275;training
0;1.46762634;-1.003506843;6143.042656;1.01084246;training
0;1.465566809;-1.006295168;3964.209862;1.019749309;training
0;1.477290286;-1.003945282;11307.13246;1.013382074;training
0;1.377144054;-1.053053736;263.0638713;1.199665513;training
0;1.314848752;-1.005104289;698.1270998;1.04037023;training
0;1.192252859;-1.004274262;3287.283883;1.037103983;training
0;1.327178787;-1.018540216;7127.513235;1.110097421;training
0;1.47351549;-1.002678474;7214.112912;1.008288349;training
0;1.330712265;-1.004322327;2777.594182;1.016182148;training
0;1.472125357;-1.005828534;7371.259928;1.02726683;training
0;1.43388699;-1.007213479;4295.994395;1.030904773;training
0;1.363708386;-1.005066978;4298.95436;1.022352666;training
0;1.374487802;-1.005022072;4390.813469;1.021768758;training
0;1.389961118;-1.005321354;4521.118068;1.022037141;training
0;1.38511234;-1.00282539;5432.404585;1.011349793;training
0;1.346222626;-1.003427243;4045.771099;1.014060427;training
0;1.396990319;-1.00417005;8259.608483;1.019920215;training
0;1.387587999;-1.004355747;4310.545325;1.017695064;training
0;1.421584153;-1.004236468;3935.328918;1.015945626;training
0;1.431711397;-1.004154362;4076.318895;1.015677717;training
0;1.439656203;-1.004603312;3945.249861;1.018238296;training
0;1.341674884;-1.001925998;4289.463086;1.006951464;training
0;1.447298769;-1.002956338;3916.374023;1.010217194;training
0;1.328871157;-1.004355338;4333.961429;1.017699767;training
0;1.363310924;-1.003080819;3870.450775;1.012154293;training
0;1.329715684;-1.172022802;725.3122465;1.800882958;training
0;1.427440908;-1.070149463;718.2362472;1.336079817;training
0;1.312538332;-1.21307615;730.4506185;2.353155785;training
0;1.198955933;-1.289146725;383.302036;2.658022851;training
0;1.217219793;-1.192232732;574.145308;2.554065947;training
0;1.410059176;-1.004884837;3085.420092;1.014196789;training
0;1.271839017;-1.943641018;722.4858734;10.55630253;training
0;1.344646619;-1.189892974;718.4555351;1.929464027;training
0;1.384982866;-1.342136659;706.6279343;3.479847556;training
0;1.315818248;-1.068980952;675.7611845;1.287623236;training
0;1.345034579;-1.16050431;695.213501;1.937337683;training
0;1.279972546;-1.41663742;573.7081157;4.400732826;training
0;1.319303919;-1.059582868;739.1894001;1.25352277;training
0;1.324929042;-1.039868345;704.0579467;1.154681096;training
0;1.451467917;-1.000965044;9618.689632;1.003014641;training
0;1.446956529;-1.000635269;9744.230642;1.001976814;training
0;1.453598607;-1.000607027;9749.532995;1.001636284;training
0;1.452739024;-1.00108103;12418.81404;1.003723309;training
0;1.44188708;-1.001372202;9459.082739;1.004682899;training
0;1.454113213;-1.002129691;22633.47581;1.009217296;training
0;1.447374986;-1.000812164;9936.244126;1.002384883;training
0;1.456935226;-1.000942162;9896.023311;1.002805587;training
0;1.453724411;-1.001659676;9825.372979;1.006194826;training
0;1.462100627;-1.001571232;9348.366946;1.005369555;training
0;1.444387151;-1.000846561;9686.616522;1.00270838;training
0;1.460377541;-1.000687157;9557.18829;1.001844052;training
0;1.453325699;-1.001135799;9867.306931;1.003819554;training
0;1.449287075;-1.000732222;9845.418284;1.002326665;training
0;1.41765043;-1.001187089;9419.698856;1.004346537;training
0;1.438672852;-1.001180023;9459.845015;1.004146465;training
0;1.448974216;-1.000872832;8847.431306;1.002628571;training
0;1.419964479;-1.001545525;9112.863339;1.00578061;training
0;1.45479905;-1.002099292;19425.69141;1.009471171;training
0;1.438132415;-1.000889251;9226.184416;1.003014642;training
0;1.445708365;-1.000999368;9755.022179;1.003241739;training
0;1.464194511;-1.001378396;9513.854294;1.004529162;training
0;1.466430413;-1.001226068;9135.673228;1.003586177;training
0;1.41241872;-1.000518621;9201.216712;1.001543355;training
0;1.471900578;-1.000921472;9065.567071;1.002494103;training
0;1.425369567;-1.001626026;9562.392125;1.00636218;training
0;1.436600728;-1.00127277;9050.291259;1.005071821;training
0;1.466586431;-1.001013547;13375.22481;1.003635957;training
0;1.468045686;-1.000321258;7568.500841;1.000863558;training
0;1.459646756;-1.000324682;7521.101572;1.000886902;training
0;1.46365655;-1.000264353;11043.49006;1.000748898;training
0;1.474682804;-1.00123042;13020.25768;1.004375495;training
0;1.470147146;-1.000407756;17979.22925;1.001259271;training
0;1.449443423;-1.000221708;7506.867308;1.000597512;training
0;1.446110641;-1.000165182;7627.708027;1.000442241;training
0;1.439376167;-1.000121492;7744.694256;1.000325022;training
0;1.458397519;-1.001228551;13017.57056;1.004956257;training
0;1.473579727;-1.000721868;13018.99057;1.002118046;training
0;1.445868879;-1.000195172;7662.241307;1.000555172;training
0;1.467636491;-1.000345074;7812.543224;1.000936131;training
0;1.47070016;-1.000286109;7744.355251;1.000766805;training
0;1.410367613;-1.048624808;2111.031401;1.238475767;training
0;1.433740398;-1.043337893;2111.232635;1.201880995;training
0;1.375834681;-1.086770214;1706.593073;1.47437076;training
0;1.31302751;-1.020075079;1277.632189;1.085916083;training
0;1.423402301;-1.020361378;1640.540249;1.062383763;training
0;1.464249458;-1.004354479;9808.457701;1.01481032;training
0;1.376819828;-1.059960007;1811.92407;1.27246821;training
0;1.424682797;-1.032730913;1561.803824;1.123224519;training
0;1.414252359;-1.09579922;1943.673628;1.600852309;training
0;1.430289532;-1.015768866;1253.909581;1.06092017;training
0;1.433938336;-1.033494366;1988.410026;1.135291217;training
0;1.443072579;-1.025648593;2011.384822;1.087764787;training
0;1.425395212;-1.054269163;2079.413658;1.263137477;training
0;1.354692731;-1.201347331;1483.28479;2.529071522;training
0;1.437473494;-1.006454433;4170.567527;1.024832433;training
0;1.262036648;-1.022979285;4363.875718;1.159354994;training
0;1.20353117;-1.024119136;4349.272487;1.171191278;training
0;1.486862361;-1.003323457;5864.741034;1.012029432;training
0;1.482250986;-1.003948936;4110.347719;1.014131856;training
0;1.47749152;-1.005084917;6677.914658;1.019796932;training
0;1.380667043;-1.008058023;4304.990812;1.034443655;training
0;1.233230569;-1.031749853;4066.981784;1.191411602;training
0;1.227037333;-1.033762908;4146.135365;1.213792947;training
0;1.155600921;-1.110439723;4188.162065;1.87429419;training
0;1.486207299;-1.004403262;4156.151027;1.016464613;training
0;1.167701592;-1.002808956;4099.968704;1.010870091;training
0;1.442624453;-1.007407342;4258.384135;1.031506709;training
0;1.346363259;-1.012808607;4300.893636;1.070929463;training
0;1.418562176;-1.000732361;1361.953132;1.001981109;training
0;1.435800954;-1.000428353;1391.217436;1.00114672;training
0;1.289047547;-1.000599057;1598.164872;1.001603111;training
0;1.342018263;-1.000342482;5451.937583;1.000921267;training
0;1.366803986;-1.000679048;1591.472076;1.001797327;training
0;1.406588718;-1.000435988;1555.193888;1.001156734;training
0;1.392214869;-1.00049164;1668.083599;1.001309526;training
0;1.426207026;-1.000900227;1467.350457;1.002486016;training
0;1.330558106;-1.000440307;1301.799853;1.001190319;training
0;1.420399876;-1.000412325;1224.880654;1.001099777;training
0;1.328283803;-1.00066546;1727.601597;1.001806156;training
0;1.37209272;-1.001033917;1862.824775;1.002849327;training
0;1.298093395;-1.00061553;2759.535719;1.001952138;training
0;1.408038934;-1.001587809;3252.107319;1.004675082;training
0;1.454282286;-1.00166708;3484.17852;1.005049563;training
0;1.270837189;-1.000087569;1824.647574;1.000235824;training
0;1.296155669;-1.000248659;2663.916849;1.000701583;training
0;1.327546344;-1.000255554;10523.58536;1.000801247;training
0;1.304888717;-1.002195224;2920.486724;1.007621763;training
0;1.378273289;-1.001749137;3121.625682;1.005683618;training
0;1.404079419;-1.002304394;3027.367908;1.007403295;training
0;1.477216922;-1.001321854;2619.128234;1.003650512;training
0;1.288471195;-1.001109031;2823.293287;1.003733794;training
0;1.481484984;-1.001616742;2681.331362;1.004521491;training
0;1.255639507;-1.002236004;2553.06496;1.007258512;training
0;1.367798612;-1.001204927;3266.008721;1.003536026;training
1;1.266826209;-1.004385095;7012.447962;1.020530392;training
1;1.411118131;-1.003200261;12358.12718;1.015079984;training
1;1.395515196;-1.004155842;8663.481882;1.018844563;training
1;1.269549232;-1.001463898;8270.061333;1.005753064;training
1;1.34606571;-1.00362657;8226.640158;1.01603825;training
1;1.395448406;-1.003449135;12317.19769;1.016078916;training
1;1.488286069;-1.002046787;8212.278552;1.006203537;training
1;1.26787412;-1.008257179;8327.397008;1.042900059;training
1;1.489652426;-1.002155584;8308.777394;1.006578583;training
1;1.363258208;-1.002131062;12177.83987;1.009627531;training
1;1.326297447;-1.009089871;4103.027515;1.043840563;training
1;1.322180297;-1.002225634;9819.194839;1.009411355;training
1;1.357098152;-1.002108716;9121.831679;1.008396328;training
1;1.385393706;-1.00217132;8817.163807;1.008056214;training
1;1.287621909;-1.002521573;9200.234578;1.010400458;training
1;1.342665973;-1.00229734;9439.91991;1.009541364;training
1;1.389122724;-1.001938659;9458.467618;1.00740428;training
1;1.434360773;-1.001553954;9613.056857;1.005405417;training
1;1.486101789;-1.001090411;9505.359212;1.003083998;training
1;1.287055327;-1.000094641;9352.148299;1.000264589;training
1;1.488426391;-1.001050864;9200.568514;1.002948628;training
1;1.297041476;-1.002082922;9569.929273;1.008541107;training
1;1.315464566;-1.002254801;9604.492985;1.009505209;training
1;1.43421727;-1.002244317;12598.45528;1.010441486;training
1;1.46627637;-1.002337997;12311.69719;1.010073774;training
1;1.469734389;-1.00196457;12575.28146;1.007954201;training
1;1.426036668;-1.001470846;12317.26666;1.005891139;training
1;1.439771543;-1.002882772;12700.79309;1.014083784;training
1;1.443148732;-1.003017755;12694.0437;1.014267809;training
1;1.463108914;-1.002606569;12738.55685;1.011149204;training
1;1.483405014;-1.001314212;12298.08999;1.003703981;training
1;1.420790631;-1.001467526;12343.74796;1.005892424;training
1;1.482464834;-1.001383489;12324.30674;1.003840045;training
1;1.431638458;-1.001453543;12644.86092;1.006040204;training
1;1.445675832;-1.001999058;12720.72978;1.008843619;training
1;1.092976234;-1.279763317;955.0791242;2.718394337;training
1;1.413783488;-1.033294777;817.7192804;1.122149263;training
1;1.098108786;-1.274416466;1040.728012;2.849992613;training
1;1.411558919;-1.027531916;959.3747451;1.101000844;training
1;1.389621417;-1.001686397;5746.661422;1.005047814;training
1;1.286401792;-1.001099971;2575.984657;1.00308343;training
1;1.382095374;-1.002731357;5213.983557;1.008821962;training
1;1.317301925;-1.001059437;5334.01645;1.00315076;training
1;1.430409913;-1.002403095;5587.224421;1.007960722;training
1;1.42553264;-1.001538654;2921.201569;1.004584348;training
1;1.437740275;-1.001463928;2673.345651;1.004388137;training
1;1.475046727;-1.002345306;5259.35101;1.006412764;training
1;1.313840082;-1.004709687;5057.97737;1.018811218;training
1;1.474787472;-1.002223814;4968.877542;1.006195565;training
1;1.293145413;-1.000587325;4812.949771;1.001607468;training
1;1.266068249;-1.000557417;2734.626034;1.001419388;training
1;1.395036358;-1.022084882;3956.889701;1.135505939;training
1;1.379757975;-1.010984508;3647.203693;1.0470671;training
1;1.368878601;-1.002198301;3725.944669;1.006800792;training
1;1.356897093;-1.002950659;4073.212875;1.016411093;training
1;1.33648577;-1.003581196;3018.580687;1.013671241;training
1;1.435893806;-1.005654018;2804.304006;1.017621548;training
1;1.328477934;-1.004477949;2912.19181;1.017096543;training
1;1.441762407;-1.005739909;2835.6227;1.018113334;training
1;1.345138784;-1.000807269;3862.302277;1.002096776;training
1;1.405358305;-1.000817134;3684.119818;1.002116084;training
1;1.413501953;-1.001254458;3697.94193;1.003523355;training
1;1.332873567;-1.000539938;3824.026732;1.001333976;training
1;1.361801465;-1.001431154;3469.985403;1.003869907;training
1;1.388572067;-1.001842716;3561.971265;1.005072557;training
1;1.443215554;-1.001308751;3955.173798;1.003547547;training
1;1.443535744;-1.000955751;3844.160454;1.002605062;training
1;1.319167228;-1.00145122;4041.549172;1.004791939;training
1;1.447733148;-1.001471058;3822.736341;1.004258287;training
1;1.350215959;-1.000498535;3943.1779;1.001319259;training
1;1.380137082;-1.000589949;3859.699337;1.001538054;training
1;1.43941483;-1.000277036;6212.767918;1.000783571;training
1;1.447569512;-1.000373607;6120.1334;1.001007787;training
1;1.452908333;-1.000439169;6061.232113;1.001189492;training
1;1.440797824;-1.000265989;5904.428259;1.00072544;training
1;1.445574009;-1.000361539;6215.219368;1.001025509;training
1;1.447036161;-1.000408905;6360.221392;1.00111439;training
1;1.450614651;-1.000489305;6230.682975;1.00130334;training
1;1.463472675;-1.000432274;5832.087932;1.001162435;training
1;1.44049156;-1.000266305;5844.183508;1.00072935;training
1;1.453777114;-1.000690299;5825.615405;1.002056466;training
1;1.439858399;-1.000217789;5976.631671;1.000588842;training
1;1.440261153;-1.000252197;6213.286742;1.000682599;training
1;1.259273095;-1.025024529;3847.837787;1.126043504;training
1;1.258876755;-1.007898933;2002.557209;1.030783402;training
1;1.339667613;-1.005027178;2191.050576;1.017990243;training
1;1.234219345;-1.035923562;3799.497239;1.198704316;training
1;1.317603796;-1.015704531;4374.82752;1.075549489;training
1;1.380999065;-1.007737115;3856.373229;1.030279652;training
1;1.416644596;-1.006533844;3676.480824;1.023946189;training
1;1.483664316;-1.005048026;3620.341785;1.015598097;training
1;1.23058567;-1.00194181;4367.262549;1.006239558;training
1;1.480530608;-1.004820638;4161.022624;1.014500159;training
1;1.23183024;-1.035249565;3779.895137;1.198064103;training
1;1.255619978;-1.020844484;3856.915613;1.106204359;training
1;1.250519076;-1.000383158;8827.796297;1.00116556;training
1;1.396752343;-1.0079632;17813.21794;1.04878992;training
1;1.420519679;-1.002263848;9004.713755;1.008737056;training
1;1.261258986;-1.000142495;8866.880201;1.000397764;training
1;1.286560543;-1.00136971;8712.612204;1.004825036;training
1;1.32190699;-1.002392784;8407.019328;1.009469943;training
1;1.37961864;-1.002740221;8324.95627;1.011133945;training
1;1.485377111;-1.001384445;8757.72624;1.003964005;training
1;1.262836465;-1.004505427;8997.175399;1.020405023;training
1;1.487647347;-1.001366786;8946.890542;1.00385539;training
1;1.24364933;-1.001571191;7710.884781;1.005443221;training
1;1.3087098;-1.002246641;8092.919824;1.008641376;training
1;1.40244655;-1.002189536;9937.997741;1.009781055;training
1;1.449484909;-1.002897643;10404.52719;1.012879735;training
1;1.46384586;-1.00257879;10297.89582;1.010350554;training
1;1.415761556;-1.001388308;10026.05949;1.005422019;training
1;1.409542986;-1.00323418;10198.85999;1.015488561;training
1;1.425790021;-1.003550587;10355.93191;1.016690591;training
1;1.448789907;-1.003162685;10482.51758;1.014109376;training
1;1.483855573;-1.001470641;9987.525005;1.004246191;training
1;1.414557738;-1.001199648;10008.55027;1.004517728;training
1;1.481842703;-1.001250196;10010.35166;1.00344157;training
1;1.425594368;-1.001872789;10410.54587;1.008205238;training
1;1.430273946;-1.002684847;10249.24686;1.012357817;training
1;1.110617592;-1.00305146;2230.492667;1.00867815;training
1;1.370364673;-1.002275069;2289.941934;1.006446313;training
1;1.448214746;-1.002284521;2354.703422;1.006304813;training
1;1.129710902;-1.00802534;2019.674354;1.023274044;training
1;1.146521832;-1.005936071;2346.189131;1.01760457;training
1;1.219116457;-1.01193656;2614.58242;1.058347951;training
1;1.267231979;-1.011938477;2434.346464;1.040713141;training
1;1.453782374;-1.006299931;2088.702519;1.018017642;training
1;1.113162166;-1.122800773;2336.792332;1.72438381;training
1;1.449520669;-1.008260212;2085.664129;1.024492019;training
1;1.171781898;-1.008481901;2539.948971;1.027588823;training
1;1.235219163;-1.0099862;2606.058502;1.036512498;training
1;1.313348343;-1.002422325;8497.834925;1.0107287;training
1;1.442845783;-1.003011776;7964.997642;1.012713672;training
1;1.464185073;-1.003055887;8242.10734;1.012551388;training
1;1.339463426;-1.001752162;8525.614857;1.007144419;training
1;1.339551336;-1.003719943;8507.346934;1.017835834;training
1;1.366402533;-1.004750745;8968.775908;1.022748107;training
1;1.402139442;-1.004302235;9051.830116;1.019740184;training
1;1.479671255;-1.002110361;8483.536621;1.00611073;training
1;1.33860889;-1.002929998;8768.357378;1.012178113;training
1;1.474771883;-1.001952585;8592.953035;1.005398622;training
1;1.36900676;-1.00296054;8645.619417;1.013520055;training
1;1.405428803;-1.003733295;8766.466852;1.017156215;training
1;1.36126464;-1.001132543;5680.535477;1.00329097;training
1;1.324225932;-1.002521233;5513.70616;1.009720198;training
1;1.366511841;-1.002261242;5319.195038;1.007432445;training
1;1.30283585;-1.001106126;6161.316177;1.003533079;training
1;1.4161021;-1.001552105;5891.702771;1.004446548;training
1;1.45584964;-1.001544753;5868.83498;1.004568482;training
1;1.464181952;-1.002207814;5911.758257;1.007701028;training
1;1.469797057;-1.001658061;6057.497402;1.00472516;training
1;1.304438722;-1.00192762;6013.137558;1.006798595;training
1;1.472686671;-1.001545349;6024.033006;1.004512668;training
1;1.290205588;-1.001118757;6045.631342;1.004039385;training
1;1.300798498;-1.001938006;5913.044557;1.007783343;training
