0;1.106525539e+17;18.38418961;test
0;1.104156946e+17;18.03300305;test
0;1.104157693e+17;18.03300314;test
0;1.02468116e+17;58.25411207;test
0;1.104156946e+17;18.03300305;test
0;1.104156947e+17;18.03300305;test
0;1.104156947e+17;18.03300305;test
0;1.071802786e+17;216.0217325;test
0;1.104155894e+17;18.03300292;test
0;1.104156946e+17;18.03300305;test
0;1.104156955e+17;18.03300305;test
0;1.104160282e+17;18.03300347;test
0;1.104156946e+17;18.03300305;test
0;1.104156946e+17;18.03300305;test
0;1.104156949e+17;18.03300305;test
0;5.965935911e+16;482.7745179;test
0;1.008014748e+17;2573.317095;test
0;1.10415697e+17;18.03300306;test
0;1.104156946e+17;18.03300305;test
0;4.817080015e+16;3171.793202;test
0;1.104156946e+17;18.03300305;test
0;4.592501703e+16;7911.550688;test
0;1.104156947e+17;18.03300305;test
0;1.104156946e+17;18.03300305;test
0;7.256979729e+16;1383.941261;test
0;1.104155848e+17;18.03300292;test
0;1.104156948e+17;18.03300305;test
0;1.035090579e+17;242.0945991;test
0;9.875995273e+16;1167.862652;test
0;1.089789093e+17;7326.781199;test
0;1.111188037e+17;456.6461997;test
0;1.104156946e+17;18.03300305;test
0;1.120268922e+17;906.3662641;test
0;1.109398786e+17;18.78965422;test
0;1.088379958e+17;564.2707836;test
0;1.062052115e+17;6965.109367;test
0;8.572303115e+16;222.3836551;test
0;1.08513478e+17;34.72736622;test
0;1.104156946e+17;18.03300305;test
0;1.104156946e+17;18.03300305;test
0;8.871497335e+16;3138.532344;test
0;6.938181464e+16;6362.491904;test
0;1.104156946e+17;18.03300305;test
0;1.06234064e+17;3060.241879;test
0;1.109248535e+17;100.8358107;test
0;1.104156946e+17;18.03300305;test
0;1.104156948e+17;18.03300305;test
0;8.357257426e+16;595.7673446;test
0;1.039232898e+17;301.3360015;test
0;1.104156946e+17;18.03300305;test
0;1.083378143e+17;198.5206138;test
0;1.08205451e+17;8741.319312;test
0;1.077746586e+17;19.37809927;test
0;1.104156085e+17;18.03300295;test
0;1.104156946e+17;18.03300305;test
0;9.623898771e+16;12439.28079;test
0;1.170102435e+17;7092.623098;test
1;6.240837392e+16;936.7373674;test
1;8.136830094e+16;45.23975233;test
1;1.018998994e+17;6943.763506;test
1;7.447788359e+16;536.344279;test
1;9.444768962e+16;595.3416781;test
1;6.652950924e+16;713.8205711;test
1;1.07549834e+17;403.4228842;test
1;2.75277818e+16;111.8581411;test
1;1.104156947e+17;18.03300305;test
1;1.104157109e+17;18.03300307;test
1;8.003460712e+16;670.7337939;test
1;1.094241137e+17;37.58999427;test
1;1.121736917e+17;478.8872306;test
1;1.107495842e+17;53.81033101;test
1;9.891060803e+16;30.78500199;test
0;1.104156147e+17;18.03300295;training
0;1.104157115e+17;18.03300307;training
0;1.104157359e+17;18.03300311;training
0;1.104157016e+17;18.03300306;training
0;1.10415658e+17;18.03300301;training
0;1.104157388e+17;18.03300311;training
0;1.104157232e+17;18.03300309;training
0;1.104157167e+17;18.03300308;training
0;1.104156848e+17;18.03300304;training
0;1.104156969e+17;18.03300306;training
0;1.106772482e+17;18.41336993;training
0;1.104157071e+17;18.03300307;training
0;1.104157193e+17;18.03300308;training
0;1.104141595e+17;18.0330008;training
0;1.104156946e+17;18.03300305;training
0;1.104156946e+17;18.03300305;training
0;1.101926055e+17;19.23087244;training
0;1.117443089e+17;90.8045836;training
0;1.115399111e+17;32.3246718;training
0;1.101749939e+17;19.68952614;training
0;1.104156946e+17;18.03300305;training
0;1.104156947e+17;18.03300305;training
0;1.104156946e+17;18.03300305;training
0;1.104156946e+17;18.03300305;training
0;1.121997142e+17;366.9225448;training
0;1.104156787e+17;18.03300303;training
0;1.112174789e+17;90.25787773;training
0;1.107233553e+17;28.79331079;training
0;1.107732818e+17;36.06054214;training
0;1.104156946e+17;18.03300305;training
0;1.104156946e+17;18.03300305;training
0;1.102743492e+17;18.39919459;training
0;1.119377431e+17;301.4711903;training
0;1.106712287e+17;177.929135;training
0;1.105821538e+17;67.29339876;training
0;1.100912593e+17;19.48823399;training
0;1.102172232e+17;18.30732023;training
0;1.10415454e+17;18.03300274;training
0;1.129834966e+17;446.7985774;training
0;1.104156946e+17;18.03300305;training
0;1.120977505e+17;350.8963585;training
0;1.104156947e+17;18.03300305;training
0;1.104156991e+17;18.03300306;training
0;1.104125996e+17;18.03300117;training
0;1.104079893e+17;18.0333316;training
0;1.104201547e+17;18.03306214;training
0;1.104155622e+17;18.03300289;training
0;1.104157096e+17;18.03300307;training
0;1.104156906e+17;18.03300305;training
0;1.104156959e+17;18.03300306;training
0;1.104157021e+17;18.03300306;training
0;1.119522067e+17;66.67488038;training
0;1.104154199e+17;18.03300279;training
0;1.104156794e+17;18.03300303;training
0;1.104156939e+17;18.03300305;training
0;1.10415653e+17;18.033003;training
0;1.104156946e+17;18.03300305;training
0;1.104156946e+17;18.03300305;training
0;1.104156946e+17;18.03300305;training
0;1.104156976e+17;18.03300306;training
0;1.104156947e+17;18.03300305;training
0;1.104156946e+17;18.03300305;training
0;1.104156946e+17;18.03300305;training
0;1.104156946e+17;18.03300305;training
0;1.104156946e+17;18.03300305;training
0;1.104156947e+17;18.03300305;training
0;1.104156946e+17;18.03300305;training
0;1.104156947e+17;18.03300305;training
0;1.104156946e+17;18.03300305;training
0;1.104156946e+17;18.03300305;training
0;1.103382468e+17;18.06029787;training
0;1.109081376e+17;29.78651683;training
0;1.105492569e+17;19.33546998;training
0;1.104156985e+17;18.03300306;training
0;1.117405825e+17;70.44713325;training
0;1.10415697e+17;18.03300306;training
0;1.104156985e+17;18.03300306;training
0;1.104156945e+17;18.03300305;training
0;1.104156952e+17;18.03300305;training
0;1.104156947e+17;18.03300305;training
0;1.104156947e+17;18.03300305;training
0;1.104156946e+17;18.03300305;training
0;1.10415692e+17;18.03300305;training
0;1.104156946e+17;18.03300305;training
0;1.104156946e+17;18.03300305;training
0;1.104156946e+17;18.03300305;training
0;1.104156946e+17;18.03300305;training
0;1.104156951e+17;18.03300305;training
0;1.104156954e+17;18.03300305;training
0;1.104156947e+17;18.03300305;training
0;1.104156949e+17;18.03300305;training
0;1.103232427e+17;18.06426693;training
0;1.104156743e+17;18.03300303;training
0;1.104156361e+17;18.03300298;training
0;1.102418532e+17;18.24610496;training
0;1.104156946e+17;18.03300305;training
0;1.104156946e+17;18.03300305;training
0;1.111058469e+17;23.86110813;training
0;1.104156946e+17;18.03300305;training
0;1.105275925e+17;18.14870773;training
0;1.103061404e+17;19.16972154;training
0;1.106995995e+17;26.92366985;training
0;1.104156946e+17;18.03300305;training
0;1.104156949e+17;18.03300305;training
0;1.104156946e+17;18.03300305;training
0;1.104156946e+17;18.03300305;training
0;1.104155963e+17;18.03300293;training
0;1.104156948e+17;18.03300305;training
0;1.10911895e+17;19.07400074;training
0;1.107859236e+17;32.40316653;training
0;1.104157138e+17;18.03300308;training
0;1.104156947e+17;18.03300305;training
0;1.104156946e+17;18.03300305;training
0;1.104156953e+17;18.03300305;training
0;1.104156946e+17;18.03300305;training
0;1.104156946e+17;18.03300305;training
0;1.104156946e+17;18.03300305;training
0;1.104156946e+17;18.03300305;training
0;1.104156946e+17;18.03300305;training
0;1.104156947e+17;18.03300305;training
0;1.104156946e+17;18.03300305;training
0;1.104156946e+17;18.03300305;training
0;1.104156946e+17;18.03300305;training
0;1.104156946e+17;18.03300305;training
0;1.104156948e+17;18.03300305;training
0;1.104156946e+17;18.03300305;training
0;1.104156949e+17;18.03300305;training
0;1.104156972e+17;18.03300306;training
0;1.104156949e+17;18.03300305;training
0;1.104156947e+17;18.03300305;training
0;1.104156947e+17;18.03300305;training
0;1.104156947e+17;18.03300305;training
0;1.104156949e+17;18.03300305;training
0;1.104156953e+17;18.03300305;training
0;1.104156962e+17;18.03300306;training
0;1.104156947e+17;18.03300305;training
0;1.104156947e+17;18.03300305;training
0;1.104156946e+17;18.03300305;training
0;1.104157003e+17;18.03300306;training
0;1.104156947e+17;18.03300305;training
0;1.104156947e+17;18.03300305;training
0;1.104156962e+17;18.03300306;training
0;1.10415693e+17;18.03300305;training
0;1.104156952e+17;18.03300305;training
0;1.104157012e+17;18.03300306;training
0;1.104156946e+17;18.03300305;training
0;1.104156946e+17;18.03300305;training
0;1.104156946e+17;18.03300305;training
0;1.104156948e+17;18.03300305;training
0;1.104156946e+17;18.03300305;training
0;1.104156946e+17;18.03300305;training
0;1.104156946e+17;18.03300305;training
0;1.104156946e+17;18.03300305;training
0;1.104156946e+17;18.03300305;training
0;1.104156946e+17;18.03300305;training
0;1.104156946e+17;18.03300305;training
0;1.104156946e+17;18.03300305;training
0;1.104156946e+17;18.03300305;training
0;1.104156946e+17;18.03300305;training
0;1.104154494e+17;18.03300273;training
0;1.104156947e+17;18.03300305;training
0;1.104156946e+17;18.03300305;training
0;1.116299936e+17;40.16248301;training
0;1.104156947e+17;18.03300305;training
0;1.104209093e+17;18.03308876;training
0;1.104152821e+17;18.03300252;training
0;1.104153872e+17;18.03300266;training
0;1.104153745e+17;18.03300264;training
0;1.104134487e+17;18.03300604;training
0;1.104156947e+17;18.03300305;training
0;1.104156946e+17;18.03300305;training
0;1.104136956e+17;18.0330065;training
0;1.104156948e+17;18.03300305;training
0;1.104157243e+17;18.03300309;training
0;1.104157105e+17;18.03300307;training
0;1.104156987e+17;18.03300306;training
0;1.125209372e+17;113.7484964;training
0;1.104157418e+17;18.03300311;training
0;1.104157594e+17;18.03300313;training
0;1.10415695e+17;18.03300305;training
0;1.104156947e+17;18.03300305;training
0;1.104156949e+17;18.03300305;training
0;1.104156899e+17;18.03300305;training
0;1.104156947e+17;18.03300305;training
0;1.104157094e+17;18.03300307;training
0;1.104157374e+17;18.03300311;training
0;1.104157078e+17;18.03300307;training
0;1.104156947e+17;18.03300305;training
0;1.104156998e+17;18.03300306;training
0;1.104155858e+17;18.03300291;training
0;1.104105578e+17;19.04164812;training
0;1.106755998e+17;18.40978414;training
0;1.103410712e+17;18.49072287;training
0;1.104156948e+17;18.03300305;training
0;1.104156985e+17;18.03300306;training
0;1.104156946e+17;18.03300305;training
0;1.105633695e+17;18.49974072;training
0;1.104156947e+17;18.03300305;training
0;1.104156949e+17;18.03300305;training
0;1.104156334e+17;18.03300297;training
0;1.104150557e+17;18.03300411;training
0;1.104156946e+17;18.03300305;training
0;1.104156946e+17;18.03300305;training
0;1.104156946e+17;18.03300305;training
0;1.104156961e+17;18.03300306;training
0;1.104156947e+17;18.03300305;training
0;1.104156946e+17;18.03300305;training
0;1.10415694e+17;18.03300305;training
0;1.108226234e+17;18.82145076;training
0;1.104156946e+17;18.03300305;training
0;1.111045016e+17;23.82145644;training
0;1.107926503e+17;33.29903602;training
0;1.104156946e+17;18.03300305;training
0;1.104156946e+17;18.03300305;training
0;1.104156946e+17;18.03300305;training
0;1.104156957e+17;18.03300306;training
0;1.104157033e+17;18.03300306;training
0;1.104156946e+17;18.03300305;training
0;1.104157078e+17;18.03300307;training
0;1.104154415e+17;18.03300272;training
0;1.104157107e+17;18.03300307;training
0;1.10415711e+17;18.03300307;training
0;1.104157111e+17;18.03300307;training
0;1.104156946e+17;18.03300305;training
0;1.104156947e+17;18.03300305;training
0;1.104156755e+17;18.03300302;training
0;1.104156946e+17;18.03300305;training
0;1.104157009e+17;18.03300306;training
0;1.104157042e+17;18.03300307;training
0;1.104156946e+17;18.03300305;training
0;1.104156947e+17;18.03300305;training
0;1.104156946e+17;18.03300305;training
0;1.104156948e+17;18.03300305;training
0;1.104156953e+17;18.03300305;training
0;1.104156946e+17;18.03300305;training
0;1.104156946e+17;18.03300305;training
0;1.104156946e+17;18.03300305;training
0;1.104156946e+17;18.03300305;training
0;1.104156947e+17;18.03300305;training
0;1.104156946e+17;18.03300305;training
0;1.104156946e+17;18.03300305;training
0;1.104156952e+17;18.03300305;training
0;1.104156946e+17;18.03300305;training
0;1.104156901e+17;18.03300305;training
0;1.111550322e+17;22.75954072;training
0;1.104150037e+17;18.03300207;training
0;1.104156439e+17;18.03300317;training
0;1.104155299e+17;18.03300295;training
0;1.104157308e+17;18.0330031;training
0;1.104156809e+17;18.03300304;training
0;1.10415695e+17;18.03300305;training
0;1.104157049e+17;18.03300307;training
0;1.104154176e+17;18.03300272;training
0;1.104156567e+17;18.03300304;training
0;1.104150461e+17;18.03300409;training
0;1.104155832e+17;18.03300291;training
0;1.104154015e+17;18.03300268;training
0;1.104157068e+17;18.03300307;training
0;1.104156988e+17;18.03300306;training
0;1.104156955e+17;18.03300305;training
0;1.104156956e+17;18.03300305;training
0;1.104156949e+17;18.03300305;training
0;1.104156927e+17;18.03300305;training
0;1.104156978e+17;18.03300306;training
0;1.10415696e+17;18.03300306;training
0;1.104156947e+17;18.03300305;training
0;1.104156946e+17;18.03300305;training
0;1.104156797e+17;18.03300304;training
0;1.104156946e+17;18.03300305;training
0;1.104157031e+17;18.03300306;training
0;1.104156947e+17;18.03300305;training
0;1.104156946e+17;18.03300305;training
0;1.104156946e+17;18.03300305;training
0;1.104156946e+17;18.03300305;training
0;1.10415697e+17;18.03300306;training
0;1.104156955e+17;18.03300305;training
0;1.104157075e+17;18.03300307;training
0;1.104156946e+17;18.03300305;training
0;1.104156946e+17;18.03300305;training
0;1.104156946e+17;18.03300305;training
0;1.104156952e+17;18.03300305;training
0;1.104156978e+17;18.03300306;training
0;1.104156946e+17;18.03300305;training
0;1.104156946e+17;18.03300305;training
0;1.104156946e+17;18.03300305;training
0;1.104156946e+17;18.03300305;training
0;1.104156946e+17;18.03300305;training
0;1.104156946e+17;18.03300305;training
0;1.104156949e+17;18.03300305;training
0;1.104156946e+17;18.03300305;training
0;1.104156946e+17;18.03300305;training
0;1.104156946e+17;18.03300305;training
0;1.104156946e+17;18.03300305;training
0;1.104156946e+17;18.03300305;training
0;1.104156948e+17;18.03300305;training
0;1.104156946e+17;18.03300305;training
0;1.104156946e+17;18.03300305;training
0;1.104156946e+17;18.03300305;training
0;1.104156946e+17;18.03300305;training
0;1.104156947e+17;18.03300305;training
0;1.104156946e+17;18.03300305;training
0;1.104156946e+17;18.03300305;training
0;1.104156947e+17;18.03300305;training
0;1.104156946e+17;18.03300305;training
0;1.104156946e+17;18.03300305;training
0;1.104156946e+17;18.03300305;training
0;1.104156946e+17;18.03300305;training
0;1.104156946e+17;18.03300305;training
0;1.104156946e+17;18.03300305;training
0;1.10415695e+17;18.03300305;training
0;1.104156946e+17;18.03300305;training
0;1.104156946e+17;18.03300305;training
0;1.104156946e+17;18.03300305;training
0;1.104156946e+17;18.03300305;training
0;1.104156948e+17;18.03300305;training
0;1.104157051e+17;18.03300307;training
0;1.104156946e+17;18.03300305;training
0;1.104157209e+17;18.03300309;training
0;1.104157141e+17;18.03300308;training
0;1.104156946e+17;18.03300305;training
0;1.104156946e+17;18.03300305;training
0;1.104156946e+17;18.03300305;training
0;1.104156856e+17;18.03300304;training
0;1.10415605e+17;18.03300294;training
0;1.104156951e+17;18.03300305;training
0;1.104156968e+17;18.03300306;training
0;1.104156946e+17;18.03300305;training
0;1.104156946e+17;18.03300305;training
0;1.104156946e+17;18.03300305;training
0;1.104156946e+17;18.03300305;training
0;1.104156946e+17;18.03300305;training
0;1.104156947e+17;18.03300305;training
0;1.104156946e+17;18.03300305;training
0;1.104156946e+17;18.03300305;training
0;1.104156949e+17;18.03300305;training
0;1.104156946e+17;18.03300305;training
0;1.104156946e+17;18.03300305;training
0;1.104156946e+17;18.03300305;training
0;1.104156946e+17;18.03300305;training
0;1.104156946e+17;18.03300305;training
0;1.104156948e+17;18.03300305;training
0;1.104156987e+17;18.03300306;training
0;1.104156959e+17;18.03300306;training
0;1.104156941e+17;18.03300305;training
0;1.104351536e+17;18.04009389;training
0;1.104156977e+17;18.03300306;training
0;1.104462884e+17;18.23076543;training
0;1.104156948e+17;18.03300305;training
0;1.104118993e+17;18.04304628;training
0;1.103886817e+17;18.04300266;training
0;1.104156947e+17;18.03300305;training
0;1.109497104e+17;32.42006456;training
0;1.104156946e+17;18.03300305;training
0;1.104156951e+17;18.03300305;training
0;1.104156956e+17;18.03300305;training
0;1.104156946e+17;18.03300305;training
0;1.104157015e+17;18.03300306;training
0;1.104156952e+17;18.03300305;training
0;1.104156923e+17;18.03300305;training
0;1.104156956e+17;18.03300305;training
0;1.104156947e+17;18.03300305;training
0;1.104157079e+17;18.03300307;training
0;1.10415705e+17;18.03300307;training
0;1.104156946e+17;18.03300305;training
0;1.104156182e+17;18.03300296;training
0;1.104156947e+17;18.03300305;training
0;1.104156914e+17;18.03300305;training
0;1.10415695e+17;18.03300305;training
0;1.104156978e+17;18.03300306;training
0;1.104153417e+17;18.0330026;training
0;1.104156969e+17;18.03300306;training
0;1.104156977e+17;18.03300306;training
0;1.104156961e+17;18.03300306;training
0;1.10415695e+17;18.03300305;training
0;1.104156959e+17;18.03300306;training
0;1.104156568e+17;18.03300301;training
0;1.104152687e+17;18.0330025;training
0;1.104154288e+17;18.03300272;training
0;1.108087388e+17;19.68518452;training
0;1.104155945e+17;18.03300293;training
0;1.104156948e+17;18.03300305;training
0;1.104156964e+17;18.03300306;training
0;1.104156956e+17;18.03300305;training
0;1.105349901e+17;18.17802214;training
0;1.104156947e+17;18.03300305;training
0;1.104156946e+17;18.03300305;training
0;1.104143705e+17;18.03504365;training
0;1.109118957e+17;19.07400073;training
0;1.103488007e+17;18.14343242;training
0;1.104156953e+17;18.03300305;training
0;1.104156946e+17;18.03300305;training
0;1.104156946e+17;18.03300305;training
0;1.104156933e+17;18.03300305;training
0;1.109120147e+17;19.07400113;training
0;1.104156946e+17;18.03300305;training
0;1.106417369e+17;26.83862543;training
0;1.10420884e+17;18.04133573;training
0;1.108541213e+17;34.13210085;training
0;1.104156946e+17;18.03300305;training
0;1.104156946e+17;18.03300305;training
0;1.115018057e+17;360.3872177;training
0;1.105374568e+17;71.82949841;training
0;1.114522799e+17;128.6386952;training
0;1.10415695e+17;18.03300305;training
0;1.104156947e+17;18.03300305;training
0;1.104156975e+17;18.03300306;training
0;1.114023859e+17;181.7832781;training
0;1.104156955e+17;18.03300305;training
0;1.101771827e+17;41.32098584;training
0;1.102971278e+17;18.4868255;training
0;1.11885711e+17;220.3509555;training
0;1.102946911e+17;19.31402973;training
0;1.116717174e+17;39.19902255;training
0;1.120290686e+17;387.7078613;training
0;1.110638874e+17;99.33786956;training
0;1.104156946e+17;18.03300305;training
0;1.104156947e+17;18.03300305;training
0;1.104156948e+17;18.03300305;training
0;1.104156947e+17;18.03300305;training
0;1.120839013e+17;387.3066373;training
0;1.104156946e+17;18.03300305;training
0;1.121172154e+17;386.6483878;training
0;1.105147628e+17;30.2884344;training
0;1.104156946e+17;18.03300305;training
0;1.104156946e+17;18.03300305;training
0;1.104156946e+17;18.03300305;training
0;1.104156952e+17;18.03300305;training
0;1.104156946e+17;18.03300305;training
0;1.104156946e+17;18.03300305;training
0;1.104156946e+17;18.03300305;training
0;1.104156946e+17;18.03300305;training
0;1.104156946e+17;18.03300305;training
0;1.104157011e+17;18.03300306;training
0;1.104156946e+17;18.03300305;training
0;1.104156953e+17;18.03300305;training
0;1.104156946e+17;18.03300305;training
0;1.104156946e+17;18.03300305;training
0;1.104466563e+17;32.93696292;training
0;1.105600524e+17;35.7687659;training
0;1.104574242e+17;29.40741782;training
0;1.113522691e+17;64.23431855;training
0;1.105492993e+17;42.22884965;training
0;1.108537295e+17;96.38465543;training
0;1.104157175e+17;18.03300308;training
0;1.104156946e+17;18.03300305;training
0;1.104156946e+17;18.03300305;training
0;1.104156955e+17;18.03300305;training
0;1.101010749e+17;200.2584317;training
0;1.104156997e+17;18.03300306;training
0;1.103782708e+17;24.20928915;training
0;1.112417659e+17;107.1770001;training
0;1.104156946e+17;18.03300305;training
0;1.104156946e+17;18.03300305;training
0;1.104156947e+17;18.03300305;training
0;1.104156947e+17;18.03300305;training
0;1.104156946e+17;18.03300305;training
0;1.104156946e+17;18.03300305;training
0;1.104156946e+17;18.03300305;training
0;1.104156946e+17;18.03300305;training
0;1.104156946e+17;18.03300305;training
0;1.104156946e+17;18.03300305;training
0;1.104156946e+17;18.03300305;training
0;1.104156947e+17;18.03300305;training
0;1.104156946e+17;18.03300305;training
0;1.104156946e+17;18.03300305;training
0;1.107536951e+17;27.29369367;training
0;1.129484403e+17;446.8568145;training
0;1.108971022e+17;57.07275246;training
0;1.104156946e+17;18.03300305;training
0;1.104156974e+17;18.03300306;training
0;1.104156946e+17;18.03300305;training
0;1.104156946e+17;18.03300305;training
0;1.101513356e+17;18.44689764;training
0;1.10508468e+17;18.08990651;training
0;1.104156947e+17;18.03300305;training
0;1.104156947e+17;18.03300305;training
0;1.104156946e+17;18.03300305;training
0;1.104156946e+17;18.03300305;training
0;1.104156955e+17;18.03300305;training
0;1.104156946e+17;18.03300305;training
0;1.104156948e+17;18.03300305;training
0;1.107245517e+17;130.0105702;training
0;1.094085773e+17;23.23983924;training
0;1.108379682e+17;48.8577283;training
0;1.10461321e+17;19.83912276;training
0;1.104156994e+17;18.03300306;training
0;1.103792078e+17;18.68021145;training
0;1.104145532e+17;18.07986012;training
0;1.103209145e+17;18.51502986;training
0;1.103747926e+17;18.05373927;training
0;1.10404172e+17;18.07452762;training
0;1.104156929e+17;18.03300305;training
0;1.104156948e+17;18.03300305;training
0;1.104156947e+17;18.03300305;training
0;1.104156948e+17;18.03300305;training
0;1.102673129e+17;18.09254598;training
0;1.10415401e+17;18.03300268;training
0;1.103422715e+17;18.61420107;training
0;1.101989719e+17;18.52600792;training
0;1.104156947e+17;18.03300305;training
0;1.108244969e+17;18.82061669;training
0;1.105285506e+17;41.65906272;training
0;1.121550762e+17;335.9707581;training
0;1.112098521e+17;132.3840915;training
0;1.104156946e+17;18.03300305;training
0;1.104156946e+17;18.03300305;training
0;1.104156946e+17;18.03300305;training
0;1.104156946e+17;18.03300305;training
0;1.112800359e+17;69.09323728;training
0;1.104156997e+17;18.03300306;training
0;1.121552326e+17;331.5002158;training
0;1.10685907e+17;41.56006579;training
0;1.109375694e+17;77.57108312;training
0;1.104156946e+17;18.03300305;training
0;1.104156946e+17;18.03300305;training
0;1.103491878e+17;19.37169072;training
0;1.107914791e+17;35.5065796;training
0;1.10767429e+17;35.582587;training
0;1.099677652e+17;18.64707508;training
0;1.10054082e+17;23.8098686;training
0;1.107209647e+17;19.0151871;training
0;1.104156978e+17;18.03300306;training
0;1.107527695e+17;38.47889264;training
0;1.104156947e+17;18.03300305;training
0;1.108068652e+17;30.68392308;training
0;1.104156946e+17;18.03300305;training
0;1.104156946e+17;18.03300305;training
0;1.101510188e+17;22.6470097;training
0;1.103889949e+17;18.04266709;training
0;1.104156949e+17;18.03300305;training
0;1.104156949e+17;18.03300305;training
0;1.104156947e+17;18.03300305;training
0;1.104156946e+17;18.03300305;training
0;1.104156946e+17;18.03300305;training
0;1.104156946e+17;18.03300305;training
0;1.104156963e+17;18.03300306;training
0;1.11095677e+17;97.92400703;training
0;1.111102776e+17;58.82974834;training
0;1.110781524e+17;45.29595016;training
0;1.104951683e+17;18.09572446;training
0;1.104156946e+17;18.03300305;training
0;1.104156946e+17;18.03300305;training
0;1.104156946e+17;18.03300305;training
0;1.104156962e+17;18.03300306;training
0;1.104156946e+17;18.03300305;training
0;1.104156946e+17;18.03300305;training
0;1.104156946e+17;18.03300305;training
0;1.104156946e+17;18.03300305;training
0;1.104156946e+17;18.03300305;training
0;1.104156946e+17;18.03300305;training
0;1.104156946e+17;18.03300305;training
0;1.104156946e+17;18.03300305;training
0;1.104156946e+17;18.03300305;training
0;1.104156946e+17;18.03300305;training
0;1.104156946e+17;18.03300305;training
0;1.104157399e+17;18.03300311;training
0;1.104157768e+17;18.03300316;training
0;1.104156947e+17;18.03300305;training
0;1.104156966e+17;18.03300306;training
0;1.104156913e+17;18.03300305;training
0;1.104156962e+17;18.03300306;training
0;1.104156948e+17;18.03300305;training
0;1.104156913e+17;18.03300305;training
0;1.104156971e+17;18.03300306;training
0;1.104156947e+17;18.03300305;training
0;1.104157191e+17;18.03300308;training
0;1.104156967e+17;18.03300306;training
0;1.104156947e+17;18.03300305;training
0;1.107228452e+17;41.53287478;training
0;1.102121734e+17;18.33480016;training
0;1.104156946e+17;18.03300305;training
0;1.10573317e+17;22.16234055;training
0;1.100352045e+17;21.81368206;training
0;1.11171184e+17;23.20359728;training
0;1.104156929e+17;18.03300305;training
0;1.104156919e+17;18.03300305;training
0;1.104156947e+17;18.03300305;training
0;1.10187955e+17;18.23046848;training
0;1.105667213e+17;18.88899681;training
0;1.104156946e+17;18.03300305;training
0;1.100210797e+17;20.86203828;training
0;1.10265707e+17;19.12870916;training
0;1.104156946e+17;18.03300305;training
0;1.100853344e+17;19.21835513;training
0;1.15057882e+17;2257.597828;training
0;1.108117044e+17;20.57166319;training
0;1.105220338e+17;36.27237096;training
0;1.101340271e+17;22.84892044;training
0;1.104156946e+17;18.03300305;training
0;1.104156966e+17;18.03300306;training
0;1.104156946e+17;18.03300305;training
0;1.104156946e+17;18.03300305;training
0;1.12278376e+17;355.7878355;training
0;1.104156924e+17;18.03300305;training
0;1.117885586e+17;300.3114909;training
0;1.104360785e+17;21.80552815;training
0;1.104156946e+17;18.03300305;training
0;1.104156946e+17;18.03300305;training
0;1.104156946e+17;18.03300305;training
0;1.104156947e+17;18.03300305;training
0;1.104156946e+17;18.03300305;training
0;1.104156946e+17;18.03300305;training
0;1.104156946e+17;18.03300305;training
0;1.104156946e+17;18.03300305;training
0;1.104156946e+17;18.03300305;training
0;1.104156947e+17;18.03300305;training
0;1.104156946e+17;18.03300305;training
0;1.104156946e+17;18.03300305;training
0;1.104156946e+17;18.03300305;training
0;1.104156946e+17;18.03300305;training
0;1.104156946e+17;18.03300305;training
0;1.109256073e+17;38.60232772;training
0;1.109303469e+17;79.9683266;training
0;1.104156948e+17;18.03300305;training
0;1.104156947e+17;18.03300305;training
0;1.104156947e+17;18.03300305;training
0;1.104156946e+17;18.03300305;training
0;1.104156946e+17;18.03300305;training
0;1.104156946e+17;18.03300305;training
0;1.104156959e+17;18.03300306;training
0;1.115220023e+17;137.7562913;training
0;1.107738058e+17;18.5162558;training
0;1.104156947e+17;18.03300305;training
0;1.114882994e+17;181.4360928;training
0;1.104156946e+17;18.03300305;training
0;1.103384394e+17;31.90530188;training
0;1.104156946e+17;18.03300305;training
0;1.101756506e+17;56.1340048;training
0;1.102082387e+17;25.43491609;training
0;1.104156946e+17;18.03300305;training
0;1.104156946e+17;18.03300305;training
0;1.080792024e+17;183.0025695;training
0;1.104156948e+17;18.03300305;training
0;1.104155753e+17;18.0330029;training
0;1.100589275e+17;18.78317212;training
0;1.10415697e+17;18.03300306;training
0;1.105712958e+17;23.64746107;training
0;1.104156951e+17;18.03300305;training
0;1.102152891e+17;18.23307303;training
0;1.105135731e+17;18.07584991;training
0;1.101343712e+17;18.3812298;training
0;1.104779643e+17;19.87515143;training
0;1.101908207e+17;18.18716597;training
0;1.102275349e+17;18.6573389;training
0;1.104156942e+17;18.03300305;training
0;1.104156959e+17;18.03300306;training
0;1.104156948e+17;18.03300305;training
0;1.104156952e+17;18.03300305;training
0;1.104396179e+17;21.36816833;training
0;1.104156946e+17;18.03300305;training
0;1.10282233e+17;18.1018616;training
0;1.102428884e+17;18.37812878;training
0;1.104156842e+17;18.03300304;training
0;1.104156949e+17;18.03300305;training
0;1.104156945e+17;18.03300305;training
0;1.104156946e+17;18.03300305;training
0;1.104156946e+17;18.03300305;training
0;1.10415718e+17;18.03300308;training
0;1.104156864e+17;18.03300304;training
0;1.104150688e+17;18.03300413;training
0;1.104156951e+17;18.03300305;training
0;1.10415712e+17;18.03300308;training
0;1.104157075e+17;18.03300307;training
0;1.104156947e+17;18.03300305;training
0;1.104157058e+17;18.03300307;training
0;1.104156977e+17;18.03300306;training
0;1.103846943e+17;19.8867162;training
0;1.103457676e+17;19.43071915;training
0;1.099395975e+17;26.62045845;training
0;1.11199624e+17;73.23881841;training
0;1.104078554e+17;18.4003013;training
0;1.110683661e+17;60.60029693;training
0;1.104156949e+17;18.03300305;training
0;1.104156953e+17;18.03300305;training
0;1.104156956e+17;18.03300305;training
0;1.104156875e+17;18.03300304;training
0;1.10552343e+17;22.22594246;training
0;1.10415746e+17;18.03300312;training
0;1.10544302e+17;19.63192908;training
0;1.103770981e+17;18.39986242;training
0;1.102586989e+17;18.56082961;training
0;1.104156946e+17;18.03300305;training
0;1.104156946e+17;18.03300305;training
0;1.101875266e+17;18.1874641;training
0;1.102412475e+17;18.50048506;training
0;1.105315337e+17;18.06637051;training
0;1.103646106e+17;18.08290173;training
0;1.104156958e+17;18.03300306;training
0;1.107349057e+17;18.58663796;training
0;1.101545347e+17;18.14950903;training
0;1.104156966e+17;18.03300306;training
0;1.103936431e+17;18.05411372;training
0;1.108425493e+17;65.35786146;training
0;1.104156946e+17;18.03300305;training
0;1.104156946e+17;18.03300305;training
0;1.104156946e+17;18.03300305;training
0;1.104157087e+17;18.03300307;training
0;1.104156946e+17;18.03300305;training
0;1.104156946e+17;18.03300305;training
0;1.104156946e+17;18.03300305;training
0;1.104156946e+17;18.03300305;training
0;1.104156946e+17;18.03300305;training
0;1.104156978e+17;18.03300306;training
0;1.104156946e+17;18.03300305;training
0;1.104156946e+17;18.03300305;training
0;1.104156946e+17;18.03300305;training
0;1.104156946e+17;18.03300305;training
0;1.104148945e+17;18.03300389;training
0;1.104156948e+17;18.03300305;training
0;1.10415696e+17;18.03300306;training
0;1.104161181e+17;18.03300537;training
0;1.10415697e+17;18.03300306;training
0;1.10415573e+17;18.0330029;training
0;1.104155431e+17;18.03300288;training
0;1.104156962e+17;18.03300306;training
0;1.104148981e+17;18.0330039;training
0;1.103965367e+17;18.04262891;training
0;1.10411335e+17;18.03334208;training
0;1.104156942e+17;18.03300305;training
0;1.104155385e+17;18.03300286;training
0;1.104156551e+17;18.033003;training
0;1.104156981e+17;18.03300306;training
0;1.102196753e+17;18.15421118;training
0;1.104850041e+17;18.29932083;training
0;1.104233371e+17;19.64991198;training
0;1.104748991e+17;18.10064715;training
0;1.104156957e+17;18.03300305;training
0;1.104156619e+17;18.03300307;training
0;1.104156401e+17;18.03300299;training
0;1.104147232e+17;18.03300453;training
0;1.111570069e+17;22.63879798;training
0;1.104613449e+17;18.07821488;training
0;1.153006206e+17;323.9811082;training
0;1.103399468e+17;18.30465343;training
0;1.102364391e+17;18.2130864;training
0;1.104156946e+17;18.03300305;training
0;1.104156946e+17;18.03300305;training
0;1.107987685e+17;33.2484424;training
0;1.10180476e+17;18.1597346;training
0;1.104151461e+17;18.03300423;training
0;1.104156991e+17;18.03300306;training
0;1.10415698e+17;18.03300306;training
0;1.104157059e+17;18.03300307;training
0;1.104156967e+17;18.03300306;training
0;1.104156946e+17;18.03300305;training
0;1.106356182e+17;26.86312128;training
0;1.103265404e+17;19.05317829;training
0;1.121793219e+17;366.6156796;training
0;1.104156946e+17;18.03300305;training
0;1.104156946e+17;18.03300305;training
0;1.107756658e+17;31.18812883;training
0;1.121265159e+17;210.7546453;training
0;1.114075988e+17;175.4926507;training
0;1.114143875e+17;111.9802351;training
0;1.104156978e+17;18.03300306;training
0;1.104156971e+17;18.03300306;training
0;1.104157109e+17;18.03300307;training
0;1.105159074e+17;19.92905896;training
0;1.104156996e+17;18.03300306;training
0;1.121443556e+17;304.1167574;training
0;1.104156946e+17;18.03300305;training
1;1.104065069e+17;24.90540913;training
1;1.104156946e+17;18.03300305;training
1;1.104156946e+17;18.03300305;training
1;1.095916546e+17;20.0440184;training
1;1.094149454e+17;21.65695137;training
1;1.100868767e+17;18.38697225;training
1;1.104156946e+17;18.03300305;training
1;1.105566034e+17;30.91363083;training
1;1.104157115e+17;18.03300307;training
1;1.103938068e+17;23.77814698;training
1;1.102675392e+17;19.03472757;training
1;1.101779372e+17;23.15288637;training
1;1.099387524e+17;18.4345365;training
1;1.101444198e+17;19.2751149;training
1;1.10152736e+17;18.43896545;training
1;1.099883522e+17;18.96874082;training
1;1.101744101e+17;18.69838582;training
1;1.104156964e+17;18.03300306;training
1;1.104156948e+17;18.03300305;training
1;1.104817994e+17;19.3339069;training
1;1.104157021e+17;18.03300306;training
1;1.100749012e+17;18.2595876;training
1;1.098761604e+17;18.47430878;training
1;1.108653873e+17;28.12454883;training
1;1.104156946e+17;18.03300305;training
1;1.104156946e+17;18.03300305;training
1;1.107486731e+17;26.73937156;training
1;1.104822847e+17;18.50046055;training
1;1.109946034e+17;344.3885956;training
1;1.098632208e+17;18.3108176;training
1;1.10415696e+17;18.03300306;training
1;1.104260932e+17;18.81101917;training
1;1.104156946e+17;18.03300305;training
1;1.099847289e+17;18.18485928;training
1;1.104156947e+17;18.03300305;training
1;1.104146308e+17;18.07883986;training
1;1.104157012e+17;18.03300307;training
1;1.10720744e+17;27.67491616;training
1;1.104156946e+17;18.03300305;training
1;1.104156946e+17;18.03300305;training
1;1.102945438e+17;18.10720003;training
1;1.104157008e+17;18.03300308;training
1;1.104156946e+17;18.03300305;training
1;1.104156946e+17;18.03300305;training
1;1.104156946e+17;18.03300305;training
1;1.104156946e+17;18.03300305;training
1;1.104156946e+17;18.03300305;training
1;1.110439885e+17;27.5692734;training
1;1.104156877e+17;18.03300306;training
1;1.104156946e+17;18.03300305;training
1;1.104156924e+17;18.03300305;training
1;1.129045524e+17;43.38287344;training
1;1.104156954e+17;18.03300305;training
1;1.104156993e+17;18.03300306;training
1;1.114234372e+17;65.3095629;training
1;1.104156946e+17;18.03300305;training
1;1.104156946e+17;18.03300305;training
1;1.103937589e+17;19.68527837;training
1;1.102357326e+17;34.85388306;training
1;1.105345779e+17;18.14241612;training
1;1.104156947e+17;18.03300305;training
1;1.104155704e+17;18.0330035;training
1;1.105049531e+17;26.20113471;training
1;1.105178439e+17;18.11380738;training
1;1.104155882e+17;18.03300619;training
1;1.10415695e+17;18.03300305;training
1;1.10415695e+17;18.03300305;training
1;1.108603703e+17;52.1258048;training
1;1.104156949e+17;18.03300305;training
1;1.109917305e+17;75.7882826;training
1;1.104775763e+17;21.15527906;training
1;1.126300307e+17;118.3800493;training
1;1.104156946e+17;18.03300305;training
1;1.104156946e+17;18.03300305;training
1;1.115640888e+17;181.1676468;training
1;1.129847526e+17;446.8120678;training
1;1.114369415e+17;29.40911259;training
1;1.104156946e+17;18.03300305;training
1;1.104156946e+17;18.03300305;training
1;2.434425561e+17;147.5787451;training
1;1.104157291e+17;18.0330031;training
1;1.105092347e+17;40.229343;training
1;1.109584515e+17;31.41517386;training
1;1.104716345e+17;21.55716831;training
1;1.104149689e+17;18.03300432;training
1;1.104156946e+17;18.03300305;training
1;1.110680302e+17;19.72998765;training
1;1.104156904e+17;18.03300305;training
1;1.104156946e+17;18.03300305;training
1;1.104156946e+17;18.03300305;training
1;1.104157736e+17;18.03300315;training
1;1.107980173e+17;33.22294652;training
1;1.104156946e+17;18.03300305;training
1;1.103061266e+17;19.16972152;training
1;1.104156786e+17;18.03300303;training
1;1.103748403e+17;19.2192844;training
1;1.104156972e+17;18.03300306;training
1;1.104156946e+17;18.03300305;training
1;1.102779499e+17;18.25934007;training
1;1.102563835e+17;18.58842227;training
1;1.100959195e+17;18.31068532;training
1;1.098494233e+17;18.2020919;training
1;1.10415773e+17;18.03300315;training
1;1.10284015e+17;18.82867369;training
1;1.104156946e+17;18.03300305;training
1;1.104156946e+17;18.03300305;training
1;1.104157028e+17;18.03300306;training
1;1.102903131e+17;18.1181837;training
1;1.104156946e+17;18.03300305;training
1;1.104156946e+17;18.03300305;training
1;1.104157565e+17;18.03300313;training
1;1.104157037e+17;18.03300307;training
1;1.105694959e+17;18.18861112;training
1;1.100875615e+17;18.13249943;training
1;1.104156957e+17;18.03300306;training
1;1.104145437e+17;18.12722935;training
1;1.104156947e+17;18.03300305;training
1;1.104157369e+17;18.03300311;training
1;1.104157115e+17;18.03300307;training
1;1.104156955e+17;18.03300305;training
1;1.104156946e+17;18.03300305;training
1;1.104156946e+17;18.03300305;training
1;1.106267641e+17;28.14719137;training
1;1.104156932e+17;18.03300305;training
1;1.104156926e+17;18.03300305;training
1;1.104156964e+17;18.03300306;training
1;1.104156953e+17;18.03300305;training
1;1.104442571e+17;18.87335759;training
1;1.104156947e+17;18.03300305;training
1;1.103889913e+17;18.04266709;training
1;1.104156928e+17;18.03300305;training
1;1.104156947e+17;18.03300305;training
1;1.104156946e+17;18.03300305;training
1;1.104156946e+17;18.03300305;training
1;1.104156947e+17;18.03300305;training
1;1.102339283e+17;18.13583164;training
1;1.101971731e+17;18.09165431;training
1;1.102617871e+17;18.10143715;training
1;1.104156954e+17;18.03300305;training
1;1.102925223e+17;19.0365377;training
1;1.104156948e+17;18.03300305;training
1;1.104157135e+17;18.03300308;training
1;1.104156952e+17;18.03300305;training
1;1.103110158e+17;18.09422876;training
1;1.103513686e+17;19.21858596;training
1;1.104156946e+17;18.03300305;training
1;1.104968656e+17;18.11022482;training
1;1.104157e+17;18.03300306;training
1;1.104157301e+17;18.0330031;training
1;1.104156946e+17;18.03300305;training
1;1.104156964e+17;18.03300306;training
1;1.107648974e+17;33.09124512;training
1;1.104156947e+17;18.03300305;training
1;1.102760592e+17;18.29267853;training
1;1.104122287e+17;18.73576175;training
