0;3.416922301e-11;2;2.196438243;test
0;8.279998431e-08;1.999999997;2.625392349;test
0;4.213221216e-09;1.999999997;2.320436831;test
0;5.095790456e-11;2;2.145998404;test
0;1;1.503581867;1.060592773;test
0;4.881593048e-07;1.999999665;2.308894887;test
0;0.009397849;1.999999994;1.957299782;test
0;2.308819469e-09;1.999999999;2.160635518;test
0;1.34609989e-07;1.999999965;2.401267763;test
0;0.000649645;1.999989316;1.886950088;test
0;5.314751794e-06;1.999955666;2.104319234;test
0;1;1.97497188;1.151094081;test
0;7.681677516e-11;1.999999997;2.651658985;test
0;1.046743471e-06;1.999999984;2.521274669;test
0;1.918263326e-09;1.999999607;2.179399149;test
0;2.446183256e-09;2;2.246014128;test
0;1.731636945e-09;2;2.238726045;test
0;1.174716324e-08;1.999999937;1.920477357;test
0;4.933947706e-07;1.99999521;2.101060717;test
0;2.538074195e-10;1.999999999;2.27596413;test
0;3.348218902e-08;1.999999991;2.335414233;test
0;4.099230211e-08;2;2.411523649;test
0;9.919872146e-09;2;2.404408211;test
0;2.073173075e-05;1.999999896;2.147840512;test
0;2.290138068e-08;1.999999994;2.383766381;test
0;2.072208211e-07;1.999999988;2.145776116;test
0;1.062292587e-09;1.999999999;2.416378147;test
0;1.934449267e-10;2;2.302721852;test
0;1.323301468e-09;2;2.528044681;test
0;2.563820711e-09;2;2.275970011;test
0;2.450514236e-09;2;2.173682977;test
0;3.470465137e-09;2;2.310739139;test
0;2.469884297e-10;2;2.224998511;test
0;1.424799154e-07;1.999999913;2.26036702;test
0;1.195628596e-09;2;2.385105167;test
0;2.675383692e-09;2;2.357122495;test
0;5.996869668e-10;2;2.262804723;test
0;3.563249695e-11;1.999999999;2.239797451;test
0;2.133536237e-09;1.999999997;2.014249911;test
0;1.900809687e-08;1.999999999;2.424799714;test
0;1.22170542e-07;1.999999997;2.381253652;test
0;2.064604709e-09;1.999999993;2.339183243;test
0;8.686773523e-10;1.999999999;2.260786288;test
0;3.697320228e-10;1.999999999;1.960589749;test
0;1.220024082e-12;1.999999999;2.123534266;test
0;1.747377576e-09;1.999999995;2.096472369;test
0;2.790969345e-09;2;2.204401894;test
0;7.062521623e-08;2;2.191210041;test
0;1.852174179e-05;1.999999989;2.147177541;test
0;2.30734985e-07;1.999999976;2.467766244;test
0;1.667201932e-10;2;2.162448231;test
0;7.440378313e-09;2;2.252195603;test
0;1.411753492e-09;1.999999961;2.483315276;test
0;1.716210507e-10;2;2.355981852;test
0;3.691256745e-09;1.999999972;2.464055182;test
0;1.572034725e-10;2;2.071195441;test
0;1.266250105e-09;1.999999999;2.365943874;test
1;2.330879934e-10;2;2.229338523;test
1;2.23359109e-11;1.999999999;2.271331885;test
1;7.853783179e-10;2;2.249054666;test
1;5.616302645e-09;2;2.542149409;test
1;6.445358691e-10;2;2.248308296;test
1;2.223332629e-11;1.999999999;2.353067408;test
1;2.497839158e-09;2;2.239701526;test
1;1.202044131e-09;2;2.409713179;test
1;8.018441466e-09;1.999999931;2.317074928;test
1;3.066258358e-11;1.999999916;2.34538185;test
1;6.042468503e-08;2;2.460538528;test
1;1.386527593e-08;1.999999998;2.609497732;test
1;3.110478541e-11;2;2.32936137;test
1;3.023163164e-09;1.999999992;2.294989627;test
1;5.735982023e-09;1.999999999;2.475701104;test
0;2.600031301e-12;1.999999999;2.119152451;training
0;6.547318243e-12;1.999999998;2.279313835;training
0;8.866788415e-10;2;2.195102091;training
0;1.036062192e-08;2;2.255175727;training
0;2.231810292e-10;1.999999991;2.171008433;training
0;3.885780586e-15;2;2.181085871;training
0;1.00905625e-08;2;2.256175715;training
0;3.628118583e-09;1.999999999;2.185529179;training
0;9.992007222e-16;2;2.195912808;training
0;4.347633364e-12;2;2.216929414;training
0;6.903783101e-10;1.999999995;2.159325235;training
0;5.193908637e-10;2;2.194798633;training
0;1.4371907e-09;2;2.207716619;training
0;6.393774399e-13;2;2.182247149;training
0;2.036171454e-09;2;2.321698117;training
0;9.330456407e-10;1.999999997;2.463145279;training
0;1.40076506e-10;2;2.214236218;training
0;1.149450535e-10;2;2.550450735;training
0;1.976033781e-10;2;2.383987165;training
0;1.625827806e-09;2;2.260123413;training
0;3.35634065e-09;1.999999999;2.116481523;training
0;1.248106396e-09;1.999999999;2.1904909;training
0;1.038915398e-09;1.999999993;2.220877709;training
0;4.066444959e-10;1.999999999;2.193635969;training
0;7.390124179e-09;2;2.345793426;training
0;1.838213137e-09;1.999999998;2.245742704;training
0;9.078027219e-10;2;2.222457323;training
0;1.805192884e-09;1.999999999;2.233973777;training
0;5.981354745e-09;1.999999992;2.126881745;training
0;1.661784044e-09;1.999999999;2.14792585;training
0;3.225197887e-13;1.999999999;2.086761381;training
0;4.546864441e-09;1.999999998;2.187699445;training
0;3.645011959e-09;1.99999999;2.221739624;training
0;1.618980139e-08;2;2.072997863;training
0;1.561122909e-08;1.999999974;2.146154735;training
0;6.105645656e-08;1.999999994;2.172808235;training
0;4.158444034e-09;1.999999923;2.249283317;training
0;5.368994138e-10;1.99999999;2.193966559;training
0;1.540745309e-11;2;2.359283767;training
0;6.190248314e-11;2;2.140564977;training
0;5.902505484e-09;1.999999999;2.224905794;training
0;1.449402631e-08;2;2.183408344;training
0;3.017176065e-09;2;2.186702785;training
0;1.927225046e-11;2;2.32520529;training
0;1.480835898e-09;2;2.309238585;training
0;6.993598589e-09;2;2.345350442;training
0;2.404905053e-09;1.999999999;2.202849042;training
0;3.706502882e-10;1.999999999;2.121073559;training
0;5.183109497e-11;2;2.364828249;training
0;1.105249525e-08;2;2.327517085;training
0;7.167296201e-09;2;2.27633379;training
0;2.010258626e-10;2;2.24125264;training
0;2.45561349e-11;2;2.246719688;training
0;4.291162981e-10;1.999999999;2.236218657;training
0;1.305878317e-08;1.999999999;2.34012361;training
0;6.534995878e-10;2;2.381863011;training
0;1.506496412e-07;1.999999553;2.387730891;training
0;9.216892192e-06;1.999998306;2.300677852;training
0;2.567699892e-06;1.999999999;2.304425334;training
0;0.028904023;1.999999998;1.884957619;training
0;4.153803823e-08;1.999999998;2.328030384;training
0;7.743999653e-07;1.999999993;2.549449387;training
0;5.073625409e-08;2;2.383158463;training
0;1.190498879e-07;1.99999996;2.37280627;training
0;1.400302553e-06;1.999999827;2.390581257;training
0;2.662276166e-07;1.999999995;2.347649408;training
0;6.960696075e-08;1.999999998;2.317804389;training
0;3.693519468e-07;1.999999859;2.290799569;training
0;1.31007913e-07;2;2.318357897;training
0;8.570306542e-07;1.999999999;2.351843526;training
0;2.874153582e-09;1.999999981;2.396155291;training
0;2.906116237e-09;1.999999997;2.461547074;training
0;9.867683892e-09;2;2.348814555;training
0;2.680502265e-09;1.99999998;2.441926745;training
0;2.779750241e-08;1.999999898;2.404904313;training
0;4.017164379e-11;2;2.493263089;training
0;2.494896697e-07;1.999993431;2.211180161;training
0;1.822093703e-06;1.999999997;2.058547392;training
0;5.581044848e-09;1.999943738;2.176449545;training
0;3.699776271e-07;1.999999993;2.105490376;training
0;1.554034959e-05;1.99999603;2.077879088;training
0;4.301341949e-09;1.999999939;2.167199;training
0;2.614815421e-07;1.999999995;2.116786481;training
0;1.533503527e-06;1.999999978;2.164049063;training
0;2.503703044e-07;1.999999916;2.137679585;training
0;1.597746991e-05;1.99999875;2.076322036;training
0;1.599408795e-06;1.999985712;2.078160692;training
0;2.663495684e-06;1.999966297;2.081673943;training
0;5.749650835e-06;1.999999866;2.155832043;training
0;6.361798643e-09;1.999999619;2.128366566;training
0;7.736078445e-10;2;2.266027754;training
0;7.736078445e-10;2;2.209231916;training
0;4.03842515e-11;2;2.202923291;training
0;1.287325579e-09;2;2.272080438;training
0;7.736078445e-10;2;2.20522735;training
0;3.813055094e-09;2;2.316603615;training
0;3.326940945e-10;2;2.495025568;training
0;3.747997757e-08;1.999999989;2.574901885;training
0;1.232470015e-09;1.999999988;2.555463193;training
0;2.667104226e-08;1.999999997;2.578987762;training
0;1.428749807e-08;1.999999998;2.523724449;training
0;7.856686413e-10;2;2.302027417;training
0;8.812842234e-09;2;2.467925192;training
0;1.00716161e-08;1.999999995;2.466830948;training
0;4.10167722e-08;1.999999996;2.528657877;training
0;2.103725527e-09;1.999999994;2.482613367;training
0;4.07158484e-07;1.999999979;2.537032813;training
0;7.123492907e-10;1.999999999;2.458395157;training
0;1.347759884e-07;1.999999999;2.404462949;training
0;6.201450464e-11;1.999999999;2.477196896;training
0;1;1.999999721;1.406297254;training
0;1;1.999999113;1.420681085;training
0;1;1.999999945;1.422046423;training
0;1;1.98983233;1.246577426;training
0;1;1.999999778;1.40680964;training
0;4.906145796e-07;1.999999994;2.641831173;training
0;1;1.999999306;1.406917289;training
0;1;1.999999493;1.407937795;training
0;1;1.999999944;1.414393237;training
0;1;1.999999729;1.423517926;training
0;1;1.999997296;1.407257436;training
0;1;1.999999277;1.418325961;training
0;1;1.999999626;1.41390213;training
0;1;1.999999927;1.414799358;training
0;1;1.996619701;1.260430681;training
0;1;1.999980471;1.265438609;training
0;1;1.999994866;1.271525707;training
0;1;1.773368637;1.135959599;training
0;1;1.997828407;1.258242641;training
0;6.816866849e-09;1.999999987;2.056946586;training
0;1;1.9999949;1.268957189;training
0;1;1.999834506;1.266642065;training
0;1;1.988870864;1.260626943;training
0;1;1.997982394;1.26200627;training
0;1;1.998750363;1.258629563;training
0;1;1.99999942;1.268823897;training
0;1;1.999973937;1.265004461;training
0;1;1.999995021;1.264088276;training
0;3.031450018e-05;1.999999979;1.902530432;training
0;5.651353672e-07;1.999999921;2.19924603;training
0;4.023528729e-06;1.999999498;2.17964309;training
0;2.505625546e-07;1.999999997;2.238864755;training
0;5.547759493e-05;1.999997352;2.056551441;training
0;1.872469513e-08;1.999999957;1.954550115;training
0;3.722898526e-05;1.999904307;2.194227841;training
0;1;1.999999994;1.305996945;training
0;1;1.999999808;1.297547181;training
0;1;1.999999981;1.304672171;training
0;1;1.891567181;1.181675085;training
0;1;1.999968092;1.307697422;training
0;2.662219496e-06;1.999999996;2.24363675;training
0;1;1.999999999;1.309377126;training
0;1;1.999996799;1.3066955;training
0;1;1.999999894;1.309958329;training
0;1;1.999999993;1.302136352;training
0;1;1.999999091;1.303850314;training
0;1;1.999998411;1.299210388;training
0;1;1.999999412;1.304320433;training
0;1;1.999998701;1.300787229;training
0;4.79473681e-06;1.999999669;2.194620974;training
0;3.923929062e-06;1.999999675;2.20023682;training
0;7.525365505e-07;1.999999901;2.238032035;training
0;2.237483094e-06;1.999997484;2.201755725;training
0;1;1.999999959;1.279341662;training
0;4.059663161e-08;1.999999742;2.200625722;training
0;3.950796003e-07;1.999999989;2.234476951;training
0;1.081930836e-06;1.999999812;2.193198809;training
0;1.438637962e-05;1.999996124;2.195158867;training
0;1.00498691e-06;1.999999927;2.118420703;training
0;1.513662921e-06;1.99999651;2.16899684;training
0;2.352001123e-07;1.999991082;2.136657873;training
0;2.94379612e-07;1.999999986;2.189269288;training
0;8.12583395e-08;1.999999726;2.214335978;training
0;2.795617988e-06;1.999999076;2.450467986;training
0;1.787574615e-07;2;2.473988665;training
0;1.673706645e-07;1.999999992;2.487252164;training
0;1.478739006e-07;1.999999932;2.251070991;training
0;4.439200185e-08;1.999999994;2.45162157;training
0;5.469447117e-11;2;2.563385231;training
0;1.986827258e-09;1.999999987;2.504370202;training
0;2.507456554e-08;1.999999965;2.434103682;training
0;5.528679625e-09;1.999999948;2.459887724;training
0;1.024498944e-06;1.999999983;2.437837651;training
0;8.4235285e-06;1.999999995;2.419985948;training
0;4.038386947e-08;1.999999993;2.469273132;training
0;6.029783624e-07;1.999999996;2.482766554;training
0;3.462579234e-08;1.999999714;2.475583443;training
0;1.42181722e-09;1.999999726;2.270490365;training
0;1.887966746e-07;1.999999865;2.223702108;training
0;8.729754142e-09;1.999999999;2.240573502;training
0;5.06903174e-07;1.999999999;2.362351129;training
0;1.141194086e-07;2;2.111599439;training
0;6.548639409e-11;1.999999999;2.09356673;training
0;2.219865025e-08;1.999999542;2.159744915;training
0;1.046545961e-09;2;2.272941624;training
0;1.849345577e-08;1.999999898;2.188754278;training
0;1.572953651e-07;1.999999852;2.223035765;training
0;4.123541273e-07;1.999999998;2.114910917;training
0;1.500548245e-07;1.999999998;2.180389508;training
0;5.429933732e-07;1.999999923;2.120951138;training
0;2.852912462e-09;1.999999996;2.218542543;training
0;8.750082992e-09;1.999999968;2.202269525;training
0;1.835022534e-08;1.999999999;2.244374315;training
0;3.878805166e-09;2;2.163220936;training
0;2.614807076e-07;1.999999999;2.422435118;training
0;1.947741898e-07;1.999999669;2.242121572;training
0;2.56135968e-09;2;2.105441967;training
0;2.591629134e-09;1.99999999;2.226570263;training
0;6.276708819e-09;1.999999944;2.252268658;training
0;8.297143521e-07;1.999999847;2.332557806;training
0;1.326638774e-07;1.999999938;2.179453514;training
0;1.55232549e-09;1.999999978;2.171287781;training
0;1.097612745e-08;1.999999996;2.0916829;training
0;2.065310278e-08;2;2.217650047;training
0;1.286990003e-08;1.999999997;2.269084685;training
0;1.555803694e-07;1.999999969;2.401016089;training
0;3.343984434e-06;1.999999981;2.331782898;training
0;1.534001662e-07;1.99999973;2.023397636;training
0;4.118319596e-08;1.999999358;2.228223845;training
0;4.331585413e-08;1.999999997;2.388898271;training
0;4.533868836e-10;1.999999999;2.45089451;training
0;1.178705541e-07;1.99999999;2.176330449;training
0;4.891533412e-08;1.999999946;2.308236748;training
0;4.900232886e-09;1.999999942;2.309483568;training
0;1.802100791e-08;1.999999375;2.381059611;training
0;3.027005313e-10;1.999999881;2.391163767;training
0;1.013617426e-06;1.999999999;2.110140265;training
0;9.834280279e-09;1.999999978;2.05261092;training
0;1.085100503e-07;1.99999998;2.28824184;training
0;0.82943785;1.999999935;1.442185705;training
0;0.934142855;1.999996876;1.447050036;training
0;0.931458895;1.999999851;1.449714831;training
0;1;1.999999095;1.30713329;training
0;0.85091336;1.999999638;1.437201711;training
0;1.240701508e-08;1.999999987;2.739748109;training
0;0.806764905;1.999999342;1.437517681;training
0;0.866525365;1.999999931;1.438868869;training
0;0.698270331;1.999999739;1.454568975;training
0;1;1.999999884;1.439363282;training
0;1;1.999999995;1.434700514;training
0;1;1.99999955;1.439938733;training
0;0.970626384;1.999999802;1.438891581;training
0;0.836207556;2;1.450192987;training
0;2.513833586e-11;2;2.053007894;training
0;1.523613957e-08;1.999999999;2.280536376;training
0;9.91782878e-10;2;2.106186491;training
0;8.045945021e-09;2;2.211795621;training
0;4.02180067e-10;2;2.048232306;training
0;9.002909529e-12;2;2.085560425;training
0;1.589489651e-10;1.999999999;1.990074576;training
0;2.24643637e-11;2;2.180253858;training
0;0;2;2.19958893;training
0;3.600075793e-11;1.999999997;2.079340311;training
0;3.010658389e-11;2;2.148390903;training
0;1.973267105e-10;2;2.116273817;training
0;1.411780359e-09;1.999999979;2.089389946;training
0;1.382330916e-10;2;2.070922469;training
0;5.434913419e-08;1.999999921;2.112931807;training
0;1.322140302e-07;1.999999998;2.072142418;training
0;1.204916944e-09;1.999999957;2.033454913;training
0;1.744837608e-11;1.99999993;2.235466279;training
0;3.311885211e-09;1.999999897;2.13680223;training
0;1.01249038e-08;1.999999999;2.25141107;training
0;1.86311544e-09;1.999999998;2.130606822;training
0;9.826443104e-09;1.999999989;2.292614456;training
0;5.614935255e-07;2;2.119033949;training
0;1.839119634e-09;1.999999999;2.03640893;training
0;9.354775954e-09;1.999999994;2.354026203;training
0;6.327135482e-10;1.999999996;2.175765993;training
0;9.210223806e-08;1.999999945;2.449807744;training
0;7.006930591e-09;1.999999999;2.114595597;training
0;1.786163528e-07;1.99999726;2.166379814;training
0;3.302152474e-08;1.999999288;2.107465562;training
0;1.253427039e-05;1.999998249;2.086544837;training
0;2.764238428e-06;1.999999885;2.238053535;training
0;9.956394599e-06;1.999968606;2.087110801;training
0;2.925286173e-07;2;2.237816344;training
0;2.104847126e-06;1.999992482;2.116399705;training
0;1.74510414e-06;1.999999399;2.144619041;training
0;1.470319305e-07;1.999999685;2.252836559;training
0;3.010017093e-07;1.999999894;2.087543093;training
0;4.065567419e-06;1.999996458;2.126172167;training
0;1.067314341e-06;1.999998417;2.108267825;training
0;4.590816562e-06;1.999999942;2.104016652;training
0;2.666037939e-07;1.99999635;2.314467791;training
0;1;1.99999881;1.420773461;training
0;1;1.999999209;1.417589056;training
0;1;1.999998611;1.414160927;training
0;1;1.988264094;1.26931148;training
0;1;1.999999061;1.408819385;training
0;2.195676333e-07;1.999999994;2.607492194;training
0;1;1.999991142;1.418044954;training
0;1;1.999999927;1.424186941;training
0;1;1.999999728;1.423100025;training
0;1;1.999998927;1.410936546;training
0;1;1.999999406;1.407754489;training
0;1;1.999999253;1.408894326;training
0;1;1.999998627;1.411255213;training
0;1;1.999998155;1.417980108;training
0;0.000154531;1.999999986;1.710015308;training
0;0.0004115;1.999999631;1.797591224;training
0;0.855461236;1.999999389;1.450731605;training
0;9.515067589e-08;1.999999959;1.6335588;training
0;0.000973675;1.999999551;1.716907975;training
0;2.578404453e-07;1.999999916;2.684732416;training
0;0.000119924;1.999999731;1.678099079;training
0;0.001129823;1.999999988;1.688856848;training
0;0.002177165;1.999999974;1.675524974;training
0;0.002618644;1.99999976;1.720393545;training
0;0.001519323;1.999999844;1.461244392;training
0;0.003910177;1.999999948;1.458759231;training
0;0.000875117;1.999999861;1.708235487;training
0;0.000525636;2;1.768565195;training
0;6.132471086e-09;1.999999991;2.460910769;training
0;1.103546967e-07;1.999999997;2.448149759;training
0;9.491892494e-09;1.999999384;2.458866855;training
0;6.227254268e-10;2;2.427574281;training
0;1.599836974e-08;1.999999137;2.418305529;training
0;3.031997986e-10;2;2.439158237;training
0;1.527187984e-06;1.999999996;2.468576824;training
0;1.872299338e-08;1.999999999;2.451794439;training
0;2.979374868e-07;1.999999947;2.454436188;training
0;1.574678721e-09;1.999999984;2.427049157;training
0;1.061824395e-08;1.99999992;2.470261134;training
0;1.560978824e-08;1.999999939;2.409380131;training
0;1.744328966e-07;1.999999938;2.447744457;training
0;2.813024258e-10;1.999999961;2.486165088;training
0;5.716130568e-07;1.999999763;2.302074759;training
0;2.567496871e-08;1.999999991;2.357846172;training
0;2.712553293e-09;1.999999954;2.409917032;training
0;9.812796908e-09;2;2.505810428;training
0;5.207433895e-08;1.999999471;2.332231096;training
0;1.94077574e-08;2;2.276055235;training
0;8.53428439e-13;1.999999861;2.379617801;training
0;2.663766663e-08;1.999999975;2.392910618;training
0;1.195486587e-06;1.999999807;2.392480146;training
0;4.534849765e-07;1.999999999;2.355028115;training
0;1.79055251e-07;1.999999999;2.304413174;training
0;3.365901147e-08;2;2.387877732;training
0;9.915845922e-12;1.999999919;2.359209015;training
0;1.405013196e-07;1.999999944;2.421992976;training
0;1.569346558e-07;1.999999999;2.417311906;training
0;2.040174585e-09;2;2.266019853;training
0;1.624892887e-09;1.999999994;2.29757962;training
0;1.571163533e-09;1.999999963;2.355802419;training
0;2.05084838e-11;1.999999982;2.274261339;training
0;4.64977612e-10;2;2.237171791;training
0;3.991783659e-08;1.999999997;2.459605761;training
0;3.826455819e-10;1.999999995;2.413841492;training
0;7.602672936e-10;1.999999997;2.34350378;training
0;8.042009714e-08;1.999999989;2.357408316;training
0;4.761772643e-09;1.999999997;2.307777068;training
0;3.757788525e-10;1.999999999;2.190703607;training
0;1.181192821e-08;2;2.227220235;training
0;1.127720139e-11;2;2.283482163;training
0;2.417288818e-07;1.999999874;2.230328951;training
0;2.626391504e-08;2;2.163921444;training
0;1.27774808e-07;1.999996109;2.253162791;training
0;1.246686232e-08;1.999999997;2.211826189;training
0;5.353632884e-07;1.999999983;2.270239792;training
0;1.129644689e-08;1.999999999;1.952211578;training
0;4.103720452e-07;1.999999995;2.156590059;training
0;1.2290997e-08;1.999999866;2.27688593;training
0;1.346895471e-06;1.999999836;2.248885913;training
0;5.442493589e-07;1.999999967;2.08860588;training
0;9.736583573e-08;1.999999986;2.140016212;training
0;1.513559709e-07;1.999999867;2.258224996;training
0;1.158464146e-07;1.999999959;2.472464402;training
0;3.79507421e-08;1.999999959;2.324790585;training
0;1.407398709e-08;1.999999694;2.206115777;training
0;6.777067796e-11;1.999999761;2.385538633;training
0;4.68275374e-09;1.999999994;2.119326856;training
0;3.502607926e-08;1.999999979;2.22903719;training
0;9.906012677e-10;1.999999998;2.178729749;training
0;1.553721596e-10;2;2.000280226;training
0;1.600723398e-08;1.999999959;2.283683242;training
0;5.672289208e-07;1.99999944;2.13457566;training
0;4.466465719e-08;1.999999999;2.161525055;training
0;1.765640443e-07;1.99999993;2.202393533;training
0;9.138765777e-08;1.99999962;2.243181048;training
0;1.607243715e-06;1.999999812;2.209780675;training
0;2.0210519e-07;2;2.147188038;training
0;4.138467347e-12;1.999999997;2.338545096;training
0;1.972657815e-09;1.999999988;2.287492985;training
0;1.361332158e-10;1.999999999;2.28798708;training
0;3.95068801e-08;1.999999998;2.59036316;training
0;2.224551821e-08;1.999999998;2.530183548;training
0;2.823884016e-09;1.999999997;2.329788911;training
0;2.088507145e-10;1.999999999;2.435453563;training
0;1.100576363e-08;1.999999998;2.261290271;training
0;5.340922926e-09;2;2.254807349;training
0;1.681387085e-08;1.999999995;2.338124285;training
0;1.837248509e-08;2;2.288335386;training
0;1.110223025e-16;1.999999994;2.320224043;training
0;1.562415242e-08;1.999999996;2.377474372;training
0;2.409708322e-09;1.999999851;2.372884362;training
0;1.11897327e-08;1.999999999;2.469257125;training
0;4.929187059e-10;2;2.231150413;training
0;1.886176726e-08;1.999999993;2.627160143;training
0;4.41934267e-11;2;2.585396582;training
0;7.356293352e-11;2;2.291667472;training
0;2.37979636e-11;1.999999999;2.319746651;training
0;7.292411119e-11;2;2.262185373;training
0;8.41515746e-11;2;2.285551285;training
0;1.180074916e-08;2;2.185323985;training
0;3.219646771e-14;2;2.296396474;training
0;1.133461103e-10;2;2.276889455;training
0;1.408521078e-09;2;2.228185829;training
0;1.86590543e-09;1.999999997;2.344615607;training
0;1.997570931e-08;2;2.314074439;training
0;1.894535973e-09;2;2.072463796;training
0;2.545604838e-10;1.999999993;2.274899261;training
0;4.378005869e-08;2;2.126869885;training
0;5.913780576e-11;2;2.160107289;training
0;5.031268735e-10;2;2.228951581;training
0;3.919087277e-14;1.999999998;2.005372864;training
0;3.68035602e-11;2;2.320990712;training
0;9.949718827e-11;1.999999999;2.212611554;training
0;2.468284466e-10;1.999999998;2.109983861;training
0;1.717997966e-10;2;2.13754158;training
0;8.583689315e-12;1.999999999;2.079865632;training
0;5.043917506e-10;1.999999999;2.151437032;training
0;5.361052491e-09;1.999999999;2.444316156;training
0;1.406474937e-10;1.999999999;2.188712265;training
0;4.289679723e-11;1.999999998;2.32949523;training
0;5.831849448e-10;1.999999998;2.294157586;training
0;3.343133592e-08;2;2.536853535;training
0;7.531868462e-10;2;2.316854354;training
0;4.659939101e-12;2;2.170552568;training
0;3.264291193e-08;2;2.31938137;training
0;3.722817166e-09;2;2.330765194;training
0;8.975350796e-09;1.99999996;2.180251253;training
0;3.754307976e-10;1.999999995;2.250236203;training
0;2.070887906e-11;1.999999956;2.252336397;training
0;2.520514908e-10;1.999999991;2.209480554;training
0;3.570643781e-11;1.999999998;2.231789216;training
0;3.109734692e-12;1.999999998;2.26168096;training
0;6.547832276e-10;2;2.183347169;training
0;1.871417465e-10;2;2.192439029;training
0;1.83613772e-08;1.999999999;2.104022006;training
0;5.91967475e-10;2;2.373947951;training
0;2.656243003e-10;2;2.325452029;training
0;2.744425798e-10;2;2.164901068;training
0;3.150442129e-10;1.999999999;2.141921143;training
0;1.265681338e-09;1.999999999;2.238388945;training
0;6.373710781e-09;1.999999999;2.202467558;training
0;8.720003608e-10;1.999999999;2.203048181;training
0;2.697064794e-11;2;2.147415961;training
0;7.079160591e-10;2;2.235634714;training
0;1.425812157e-08;2;2.199252548;training
0;1.348665402e-09;2;2.191959855;training
0;6.277594e-09;2;2.226990241;training
0;2.170549296e-09;1.999999997;2.432460341;training
0;1.899752577e-10;1.999999993;2.446457911;training
0;7.493610177e-10;1.999999999;2.497328668;training
0;2.142052868e-09;1.999999999;2.220123668;training
0;2.492095419e-11;1.999999999;2.257087143;training
0;6.03610717e-10;1.999999997;2.323104258;training
0;3.346920985e-08;1.999999999;2.417863169;training
0;1.965666518e-10;1.999999996;2.438593791;training
0;2.680572431e-09;2;2.119340985;training
0;1.015808881e-09;2;2.249198524;training
0;4.720356106e-09;1.999999986;2.123679342;training
0;1.422689677e-08;2;2.146469414;training
0;4.025271116e-09;1.999999997;2.22447592;training
0;4.928957242e-11;2;2.537433594;training
0;2.073854422e-10;1.999999998;2.27994182;training
0;4.524346453e-10;2;2.43236198;training
0;1.811720773e-10;2;2.220577201;training
0;8.651924732e-10;2;2.30108539;training
0;7.01438907e-12;2;2.246898226;training
0;3.07816217e-10;1.999999999;2.066249464;training
0;1.886109713e-09;2;2.213542368;training
0;2.859006032e-09;1.999999999;2.09655455;training
0;1.117575776e-08;2;2.217937764;training
0;7.736078445e-10;2;2.228261509;training
0;2.319384462e-09;2;2.122621379;training
0;7.365000054e-09;2;2.169799228;training
0;5.357159938e-09;2;1.976298542;training
0;5.076738585e-09;1.999999961;2.200580826;training
0;2.668265608e-11;1.999999991;2.175828574;training
0;6.229493477e-09;1.999999975;2.186565989;training
0;5.367937206e-10;1.999999993;2.129532744;training
0;1.144158024e-08;1.999999998;2.190578177;training
0;1.523581805e-08;1.999999999;2.192474675;training
0;7.974434446e-10;1.999999999;2.267311644;training
0;3.71164427e-08;1.999999998;2.223010618;training
0;9.264939815e-09;1.999999994;2.172336862;training
0;1.128906546e-08;1.999999999;2.26276419;training
0;2.642036812e-09;2;2.302384148;training
0;5.373853584e-10;1.999999993;2.18661236;training
0;2.83140178e-12;1.999999974;2.237150941;training
0;3.852975827e-09;1.999999917;2.168061962;training
0;3.849445096e-09;2;2.265991156;training
0;6.319231582e-09;1.999999995;2.323084414;training
0;3.66744568e-09;2;2.325587137;training
0;4.519562902e-08;1.999999997;2.353377203;training
0;3.821412742e-09;1.999999999;2.226530984;training
0;5.323375074e-11;2;2.259479217;training
0;1.364373281e-09;2;2.385614029;training
0;3.485262079e-10;1.999999998;2.425480055;training
0;1.042908204e-09;1.999999978;2.384273244;training
0;3.835967322e-09;1.999999991;2.280151445;training
0;1.75490511e-10;1.999999998;2.299520227;training
0;2.921611397e-09;1.999999999;2.369816047;training
0;9.564788639e-06;1.999998148;1.809339196;training
0;5.019071825e-10;1.999999998;2.223747423;training
0;4.655748231e-09;1.999999987;2.324264165;training
0;5.037357642e-09;2;2.280082578;training
0;2.340336758e-08;1.999999997;2.342936869;training
0;7.161532811e-09;1.999999997;2.235332105;training
0;1.306328978e-08;2;2.392045048;training
0;1.071275979e-08;1.999999981;2.446570923;training
0;1.353764212e-09;1.999999999;2.464084258;training
0;3.477283794e-09;1.999999894;2.484231934;training
0;7.281075398e-08;1.999999998;2.322251666;training
0;9.124578204e-09;1.999999915;2.428167269;training
0;1.310630715e-09;1.999999981;2.309593658;training
0;2.408813904e-08;1.999999996;2.470883036;training
0;4.98299435e-09;2;2.337147154;training
0;1.398021843e-08;2;2.43214182;training
0;1.353909207e-10;1.999999996;2.432830084;training
0;3.622183875e-08;1.999999951;2.451473455;training
0;1.584771203e-10;1.99999999;2.423444576;training
0;8.553288855e-09;1.999999986;2.435904633;training
0;5.087030996e-08;2;2.459329634;training
0;5.848679319e-10;2;2.495474018;training
0;1.001526195e-09;1.999999998;2.45332895;training
0;2.316280168e-09;1.999999999;2.450774069;training
0;4.54409288e-10;1.999999999;2.431547302;training
0;3.704503371e-10;2;2.551185564;training
0;1.466320398e-10;1.999999999;2.374284839;training
0;4.088917427e-09;1.999999999;2.435837356;training
0;4.853136781e-10;2;2.363628482;training
0;5.582680651e-09;2;2.419149287;training
0;2.267782628e-08;2;2.493544938;training
0;1.426941787e-09;2;2.478130786;training
0;1.493105639e-11;2;2.451555293;training
0;3.177756946e-10;1.999999999;2.468082158;training
0;5.944071901e-10;1.999999995;2.428624513;training
0;1.099120794e-14;1.999999985;2.359118739;training
0;6.029228827e-08;1.999999994;2.375034249;training
0;7.270917279e-08;1.999999944;2.277268899;training
0;3.088365083e-07;2;2.634038134;training
0;2.885826023e-09;2;2.397832756;training
0;9.643619236e-12;2;2.200532305;training
0;4.657195984e-08;1.999999997;2.351276838;training
0;2.824440148e-08;1.999999983;2.361943165;training
0;6.404166197e-09;1.999999997;2.338124016;training
0;4.95442809e-09;1.999999998;2.384605675;training
0;2.3062392e-09;1.999999994;2.383425719;training
0;4.918817464e-09;2;2.288540928;training
0;2.760726181e-08;1.999999993;2.363320442;training
0;6.426812749e-09;2;2.373989807;training
0;5.349789822e-08;2;2.266896791;training
0;8.42603054e-09;1.999999999;2.102542385;training
0;1.423919127e-08;1.999999978;2.181985963;training
0;1.257487342e-07;2;2.406586422;training
0;4.571285239e-09;2;2.206804383;training
0;3.716668084e-10;1.999999996;1.976292738;training
0;7.528496115e-08;1.999999999;2.289568391;training
0;1.073998727e-07;2;2.221444674;training
0;4.875563286e-10;1.999999995;2.169325832;training
0;7.91745558e-11;2;2.165682325;training
0;7.226963472e-11;1.999999896;2.194185467;training
0;1.00791537e-07;1.999999996;2.118257489;training
0;5.874325471e-09;1.999999997;2.25393669;training
0;6.907497019e-09;2;2.037673992;training
0;3.135470772e-10;2;2.256138565;training
0;6.004877706e-10;2;2.206641761;training
0;7.578840888e-10;2;2.301617473;training
0;1.83744131e-11;2;2.280928041;training
0;4.713240909e-11;2;2.145221763;training
0;6.509137673e-11;2;2.119290101;training
0;8.957568021e-10;1.999999999;2.27238063;training
0;1.313275044e-10;2;2.212632773;training
0;1.265179073e-09;1.999999999;2.140245534;training
0;2.845559344e-10;2;2.294308908;training
0;1.351829759e-10;1.999999999;2.26493832;training
0;1.267586036e-11;2;2.337360937;training
0;1.956212969e-13;2;2.215848338;training
0;1.891446999e-10;1.999999999;2.168079404;training
0;6.14184259e-11;2;2.210766894;training
0;2.691938006e-09;2;2.370479108;training
0;7.413117786e-09;1.999999997;2.076811818;training
0;1.708535424e-09;2;2.445722318;training
0;9.711950133e-10;2;2.11117891;training
0;5.152289706e-11;2;2.245405751;training
0;4.138911436e-11;1.999999999;2.206119649;training
0;7.660375112e-09;2;2.155860706;training
0;1.441818109e-09;2;2.418107044;training
0;8.787526262e-12;1.999999999;2.237023974;training
0;1.916858894e-10;2;2.149311651;training
0;7.522071854e-11;2;2.268283748;training
0;4.026106892e-09;2;2.202618411;training
0;1.039975117e-08;2;2.471365317;training
0;1;1.999999943;1.409319441;training
0;1;1.999999966;1.415302635;training
0;1;1.999999977;1.415543908;training
0;1;1.984342261;1.254615863;training
0;1;1.999999949;1.407466324;training
0;1.146389029e-07;1.999999955;2.642473879;training
0;1;1.99999996;1.414531962;training
0;1;1.999999933;1.413247736;training
0;1;1.999999989;1.41155992;training
0;1;1.999998264;1.408180124;training
0;1;1.999995889;1.399845568;training
0;1;1.999999722;1.40934316;training
0;1;1.999999792;1.413948089;training
0;1;2;1.414952196;training
0;1.565946484e-09;1.999999996;2.192442899;training
0;6.524085716e-09;1.999999994;2.277428932;training
0;5.351221688e-10;2;2.181135426;training
0;1.410005979e-08;1.999999999;2.16695134;training
0;5.037759099e-11;2;2.246525478;training
0;1.327814658e-08;1.999999994;2.168371159;training
0;1.118770854e-09;2;2.11907355;training
0;4.969625822e-10;1.999999999;2.208366404;training
0;2.570299196e-09;2;2.319216687;training
0;1.890857471e-09;1.999999996;2.262389917;training
0;5.186996499e-09;1.999999998;2.147072834;training
0;1.867549515e-08;1.999999999;2.22119376;training
0;2.683660072e-09;1.999999997;2.180674571;training
0;1.073763412e-09;1.999999997;2.239777996;training
0;3.813055094e-09;1.999999999;2.213279261;training
0;5.335925035e-10;1.999999995;2.199508229;training
0;1.795957861e-05;1.99999953;1.971378756;training
0;2.570677005e-11;2;2.316413225;training
0;4.616244054e-10;2;2.190409868;training
0;5.326139529e-11;1.999999999;2.181283904;training
0;5.110272583e-08;1.999990618;2.181968941;training
0;3.622625877e-08;1.999999958;2.295815133;training
0;3.59740937e-09;1.999999996;2.284324907;training
0;1.135878058e-10;1.999999999;2.204923283;training
0;3.880535893e-09;2;2.189783198;training
0;4.373876816e-10;2;2.32862243;training
0;1.046052134e-09;2;2.095136869;training
0;1.851407916e-12;1.999999994;2.176149223;training
0;4.417828325e-10;1.999999998;2.195990421;training
0;2.214052275e-10;2;2.175507307;training
0;1.229090663e-08;1.999999949;2.211877849;training
0;1.835176455e-10;2;2.198877105;training
0;1.638995717e-09;1.999999999;2.232411923;training
0;8.547453301e-09;2;2.077169986;training
0;2.182356185e-09;1.999999999;2.212659757;training
0;1.640288372e-08;1.999999999;2.210409462;training
0;4.31366165e-09;1.999999996;2.201951762;training
0;1.195202604e-09;1.999999998;2.225490067;training
0;1.198917632e-10;1.999999996;2.218669388;training
0;2.968239654e-09;1.999999985;2.137207014;training
0;3.0982652e-08;2;2.230489097;training
0;2.920472641e-08;2;2.29517521;training
0;1.398407312e-07;1.999999922;2.244160213;training
0;1.240277259e-08;1.999999913;2.191100071;training
0;4.069986193e-08;1.999999531;2.354294514;training
0;2.664109403e-06;1.999999198;2.232435469;training
0;2.016693256e-06;2;2.174867673;training
0;2.356204676e-09;1.999999988;2.09202421;training
0;3.70780785e-08;1.999999036;2.206046433;training
0;2.007653114e-07;1.999999999;2.334206411;training
0;3.082905882e-07;1.99999971;2.27375659;training
0;1.827506035e-09;1.999999945;2.15024522;training
0;3.843791896e-08;1.999999976;2.257187794;training
0;1.851111756e-06;1.999999996;2.261074208;training
0;9.258182287e-08;1.999999921;2.180011688;training
0;6.554263354e-09;2;2.082091538;training
0;1.553721596e-10;2;1.982986761;training
0;4.424483002e-11;2;2.126323167;training
0;3.071065624e-11;1.999999975;2.040623942;training
0;4.785241092e-10;2;2.036535984;training
0;2.203284777e-09;1.999999992;2.037968291;training
0;7.736078445e-10;2;2.032635919;training
0;8.812284236e-12;1.999999999;2.087377516;training
0;1.443485442e-09;2;2.070769338;training
0;6.346860815e-10;1.999999999;2.034189507;training
0;1.864278731e-10;2;2.034700584;training
0;2.573496971e-13;1.999999997;2.046025223;training
0;1.743872824e-10;2;2.038112707;training
0;5.950691384e-09;2;2.131930137;training
0;1.423610563e-09;1.999999997;2.140976705;training
0;3.91751076e-11;2;2.163405246;training
0;1.700084518e-12;1.999999997;2.151085901;training
0;2.747520544e-09;2;2.057071778;training
0;7.779221711e-12;1.999999999;2.175558448;training
0;1.658324589e-10;2;2.042074755;training
0;9.083306329e-10;2;2.025828143;training
0;1.553721596e-10;2;2.14817052;training
0;1.553721596e-10;2;1.98025581;training
0;1.083007017e-09;2;2.075143815;training
0;1.172387076e-09;2;2.210883041;training
0;1.358912982e-13;2;2.091570833;training
0;1.57036828e-09;1.999999998;2.029537321;training
0;5.165079475e-11;2;2.095438377;training
0;2.835589541e-10;2;2.076934522;training
0;2.541284294e-09;2;2.436953464;training
0;1.381585957e-10;2;2.296898677;training
0;1.881516054e-10;1.999999998;2.358721484;training
0;1.124056404e-11;1.999999998;2.010048688;training
0;2.075600802e-10;1.999999999;2.150182133;training
0;7.158121873e-10;1.999999998;2.348585479;training
0;3.390321357e-11;1.999999999;2.20892427;training
0;1.948128325e-10;1.999999999;2.293373303;training
0;2.931448417e-10;2;2.063394176;training
0;5.478295595e-11;2;1.988137668;training
0;9.242712151e-10;2;2.342649422;training
0;5.539822379e-09;2;2.280237768;training
0;5.655050872e-10;2;2.556785695;training
0;4.293453593e-09;1.999999999;2.326563896;training
0;8.572570431e-09;1.999999997;2.252879074;training
0;5.590061747e-10;1.999999896;2.099640091;training
0;1.218536383e-10;2;2.260344789;training
0;8.121954664e-09;1.999999995;2.132721235;training
0;3.543942917e-12;2;2.191836205;training
0;1.381782466e-10;1.999999998;2.123156009;training
0;2.543008937e-08;2;2.282509529;training
0;1.083268031e-09;1.999999993;2.202142455;training
0;1.756545909e-09;1.999999875;2.136756391;training
0;2.82553303e-09;1.999999919;2.199664233;training
0;6.696458998e-08;1.999999997;2.207693883;training
0;1.559614449e-08;1.999999911;2.180163281;training
0;5.369422806e-08;1.999999994;2.215597746;training
0;1.296007968e-09;2;2.139076913;training
0;7.438290317e-09;2;2.247631548;training
0;9.032358195e-10;1.999999989;2.19130333;training
0;2.37855291e-11;2;2.223842915;training
0;3.813055094e-09;1.999999999;2.216251841;training
0;1.641836667e-10;2;2.114538806;training
0;1.989067133e-09;1.999999999;2.18677942;training
0;1.572738451e-08;1.999999993;2.262174176;training
0;5.155850968e-09;1.999999972;2.264310459;training
0;9.641872301e-09;1.999999997;2.304485602;training
0;1.705278696e-09;1.999999997;2.200313536;training
0;7.093508336e-09;2;2.280637584;training
0;9.434564241e-12;1.999999992;2.14359465;training
0;5.608740139e-10;1.999999999;2.240662436;training
0;1.343165312e-08;1.999999995;2.610234323;training
0;4.505407158e-08;1.999999997;2.566980974;training
0;3.796577497e-10;1.999999999;2.589816317;training
0;2.299463953e-10;2;2.463021717;training
0;8.042784105e-09;1.999999988;2.649866096;training
0;1.22874485e-08;1.999999973;2.638533184;training
0;1.356253898e-08;1.999999739;2.606382662;training
0;3.099760483e-07;2;2.6123741;training
0;5.015737714e-09;1.999999911;2.601810172;training
0;1.375502401e-08;1.999999905;2.574884381;training
0;4.166454159e-08;1.999999997;2.611672539;training
0;2.950630063e-08;1.999999997;2.627094011;training
0;6.839365696e-08;1.999999994;2.463973063;training
0;1.505059877e-08;1.999999973;2.401645892;training
0;1.942526362e-09;2;2.371541474;training
0;9.056689165e-08;1.999999997;2.669521908;training
0;5.895114841e-09;1.999999999;2.47488808;training
0;1.03074993e-10;2;2.242389719;training
0;1.065021404e-08;2;2.422183468;training
0;1.051189136e-10;2;2.42513579;training
0;3.906590607e-10;1.999999992;2.427430594;training
0;6.731344593e-09;2;2.416986153;training
0;6.426655874e-10;2;2.437861556;training
0;5.054647811e-10;1.999999999;2.338617218;training
0;7.709116878e-08;2;2.456596229;training
0;2.881012318e-09;2;2.428941773;training
1;2.796472498e-09;1.999999999;2.251066467;training
1;4.306766055e-10;2;2.194992192;training
1;1.55529023e-09;1.999999996;2.160727457;training
1;3.712741226e-11;2;2.228873857;training
1;6.67115585e-10;1.999999998;2.218620022;training
1;2.878242089e-11;2;2.257649337;training
1;1.767330726e-10;2;2.167170434;training
1;9.088074737e-11;2;2.250069856;training
1;5.929301494e-11;2;2.167560338;training
1;2.404978439e-10;1.999999995;2.235701514;training
1;1.180402331e-09;1.999999997;2.20408615;training
1;4.947574128e-09;2;2.264826585;training
1;1.536724969e-09;2;2.307247684;training
1;1.954836293e-11;2;2.230587458;training
1;2.649034325e-10;1.999999998;2.332865539;training
1;7.312839223e-11;1.999999999;2.270981484;training
1;1.773144964e-10;2;2.324552179;training
1;4.083400285e-12;2;2.309818624;training
1;1.008270356e-09;2;2.247707745;training
1;2.572968505e-10;1.999999999;2.310441062;training
1;1.347477685e-12;2;2.259828071;training
1;8.371081606e-14;2;2.29429156;training
1;5.904026157e-10;2;2.271811059;training
1;2.484747963e-10;2;2.161166166;training
1;1.109223824e-11;2;2.1233471;training
1;2.989001158e-09;2;2.28731004;training
1;2.52182053e-10;1.999999999;2.190128051;training
1;4.434208556e-11;2;2.118019445;training
1;2.449681569e-10;2;2.133685001;training
1;1.021993601e-11;2;2.204048874;training
1;6.628031457e-14;2;2.252220958;training
1;3.491054112e-10;2;2.175380892;training
1;8.149726449e-10;2;2.287147981;training
1;8.003719909e-11;2;2.165640289;training
1;2.218520923e-10;2;2.122182566;training
1;1.161652576e-07;1.999999469;2.398340074;training
1;8.162312202e-07;1.999999935;2.397256833;training
1;3.174276937e-07;1.999999992;2.388887894;training
1;4.214361082e-10;1.999999959;2.412858041;training
1;3.662213865e-10;2;2.315604443;training
1;1.586856365e-07;1.999999969;2.6256854;training
1;4.634505557e-09;1.999999982;2.427185961;training
1;6.238823902e-10;1.999999964;2.26587262;training
1;3.173639351e-09;1.999999998;2.291584197;training
1;7.651812517e-10;1.999999999;2.453468288;training
1;7.123734935e-11;2;2.549655671;training
1;2.933195464e-09;2;2.283529358;training
1;1.141236883e-08;2;2.302686081;training
1;1.527374771e-08;1.999999999;2.368506646;training
1;7.048472916e-12;2;2.406290974;training
1;2.144027011e-08;2;2.57925496;training
1;1.886073298e-09;1.999999977;2.1642225;training
1;1.301076102e-08;1.999999999;2.255105891;training
1;3.917795866e-09;1.999999999;2.140049442;training
1;6.190960522e-09;1.999999993;2.0619745;training
1;9.5971322e-09;1.999999986;2.223529534;training
1;9.175772364e-10;1.999999981;2.285711672;training
1;3.304023721e-13;1.999999981;2.228086414;training
1;1.283019357e-09;1.999999999;2.251585404;training
1;3.364082124e-09;2;2.384056455;training
1;1.537887084e-08;1.999999997;2.54486414;training
1;2.752858608e-09;1.999999997;2.409887794;training
1;3.858552589e-09;1.999999999;2.573405086;training
1;4.266043074e-11;1.999999999;2.461487709;training
1;3.188259656e-10;2;2.420827642;training
1;1.109961345e-08;2;2.356599157;training
1;4.492326511e-10;2;2.56294509;training
1;6.766920357e-12;1.999999998;2.489983542;training
1;5.81036611e-08;2;2.552524227;training
1;9.905396503e-10;2;2.553930053;training
1;1.945301198e-08;2;2.535775617;training
1;6.028065824e-10;1.999999999;2.337243173;training
1;2.551958644e-11;2;2.343476065;training
1;5.605759079e-09;1.999999998;2.293016946;training
1;7.558909054e-10;2;2.366472481;training
1;3.105332658e-10;2;2.164246167;training
1;1.342759237e-11;2;2.373205044;training
1;8.201926027e-09;2;2.416956814;training
1;1.477466705e-09;2;2.325196595;training
1;2.309105351e-09;2;2.350216662;training
1;7.277608072e-09;2;2.334315454;training
1;4.120238595e-10;2;2.303716813;training
1;1.484904422e-09;2;2.296031894;training
1;2.05254147e-10;1.999999997;2.396239363;training
1;1.864625565e-09;1.999999996;2.564027705;training
1;1.232738293e-07;2;2.462163119;training
1;4.605994475e-10;1.999999993;2.408032847;training
1;9.966076753e-08;2;2.213188122;training
1;3.783433256e-08;1.999999984;2.391792182;training
1;5.983946116e-09;1.999999988;2.377034335;training
1;4.010403121e-11;1.999999998;2.218804413;training
1;1.083992363e-08;2;2.297592917;training
1;7.506502975e-09;2;2.270681524;training
1;2.717859271e-11;1.999999985;2.408626927;training
1;2.06406785e-08;1.999999946;2.445366713;training
1;5.012968929e-10;1.999999996;2.320144838;training
1;1.080135981e-12;2;2.174712206;training
1;2.226859808e-10;1.999999999;2.211909463;training
1;3.688266803e-09;2;2.30739183;training
1;2.544066069e-10;2;2.296480498;training
1;3.802291815e-12;2;2.271637716;training
1;2.694848789e-10;1.999999999;2.209237231;training
1;2.37855291e-11;2;2.27626397;training
1;5.277198678e-10;2;2.300107315;training
1;3.359513334e-09;1.999999999;2.25397381;training
1;2.446593261e-09;1.999999999;2.29741897;training
1;1.444605546e-10;2;2.273450662;training
1;3.608335852e-10;1.999999999;2.208274591;training
1;2.908958185e-09;1.999999999;2.192759609;training
1;6.277681708e-10;2;2.118643387;training
1;5.074440868e-10;1.999999999;2.196291729;training
1;5.198930175e-11;2;2.184302257;training
1;2.101730012e-09;2;2.199283448;training
1;1.396698313e-10;1.999999999;2.158560013;training
1;6.667694175e-10;2;2.15066881;training
1;4.444703494e-10;1.999999999;2.208535151;training
1;1.265681338e-09;2;2.117304005;training
1;2.006067534e-10;2;2.191780236;training
1;3.240377966e-10;1.999999999;2.189458267;training
1;9.01459325e-08;2;2.6536414;training
1;7.596930862e-10;1.999999997;2.624586135;training
1;2.468558957e-08;1.999999997;2.588980057;training
1;1.616470136e-08;1.999999997;2.673293243;training
1;1.532816341e-08;1.999999994;2.631209971;training
1;2.400771577e-07;1.999999991;2.544564763;training
1;1.922474775e-07;2;2.585577901;training
1;2.720447945e-08;2;2.557821875;training
1;1.508296377e-09;1.999999997;2.575121384;training
1;1.924051363e-09;2;2.497469207;training
1;2.937120192e-08;1.999999993;2.639439364;training
1;4.917905749e-09;1.999999929;2.531987222;training
1;2.543862898e-10;2;2.264164383;training
1;1.682447515e-10;2;2.200699405;training
1;4.558731059e-09;2;2.126575976;training
1;2.057725101e-10;2;2.225185069;training
1;1.890305468e-09;1.999999999;2.221366381;training
1;4.084088623e-11;2;2.209982462;training
1;2.094573293e-09;1.999999999;2.18829381;training
1;2.570332835e-11;2;2.232551799;training
1;4.7692158e-09;1.999999999;2.232503035;training
1;2.53476129e-11;2;2.196438814;training
1;1.09506304e-09;2;2.16666306;training
1;1.45114043e-09;2;2.178364793;training
1;7.966731386e-09;1.999999999;2.406570314;training
1;2.701255541e-08;2;2.344741564;training
1;1.264728766e-09;1.999999999;2.362529089;training
1;3.345039468e-09;1.999999995;2.357290196;training
1;6.441625011e-12;2;2.39000445;training
1;1.60014324e-09;2;2.427890176;training
1;1.640698477e-08;1.999999999;2.378310159;training
1;8.99918251e-10;2;2.404128884;training
1;1.921590653e-08;1.999999996;2.375450889;training
1;2.715032443e-08;1.999999998;2.443479338;training
1;1.360100921e-11;2;2.3998438;training
1;5.766561673e-09;1.999999999;2.421150209;training
