0;2.926345703e-07;2.79269297e-12;-5.49E-17;-2.52E-25;test
0;4.248013522e-08;9.093272971e-18;-7.18E-21;-1.41E-34;test
0;2.474910475e-08;1.919254803e-11;1.207448204e-16;3.148118032e-24;test
0;5.655064039e-08;5.89988187e-14;9.01250311e-17;-3.36E-26;test
0;4.537934585e-08;4.563806291e-18;2.196357179e-21;1.56985145e-34;test
0;1.504214778e-08;2.993840681e-15;4.832326899e-18;-6.57E-28;test
0;3.587442281e-10;1.808309383e-17;8.425014109e-21;-1.61E-30;test
0;1.135977989e-08;1.079032301e-11;6.88154626e-17;1.128893092e-25;test
0;5.131725167e-07;1.528702381e-14;-1.34E-18;3.189155387e-29;test
0;4.155684087e-11;2.774401302e-17;-2.52E-23;-2.26E-34;test
0;2.894643538e-09;7.356057414e-16;1.63643135e-22;-3.36E-34;test
0;2.035534542e-08;3.344281866e-15;2.269639192e-18;2.206629941e-28;test
0;1.225061752e-08;5.959502291e-17;-5.28E-20;3.872131313e-31;test
0;7.300450719e-08;1.195626046e-14;4.756803037e-18;-2.79E-28;test
0;1.981652495e-07;2.61832042e-16;-9.84E-22;2.97045248e-33;test
0;1.997843747e-06;5.053540242e-11;-1.46E-15;1.974817867e-22;test
0;3.636412276e-08;1.241901747e-13;-1.29E-18;-2.26E-28;test
0;4.926225209e-08;1.923374306e-15;1.909191327e-18;-2.15E-29;test
0;3.1794744e-09;1.403088125e-17;-4.92E-24;-6.03E-34;test
0;8.395538264e-07;1.453088419e-10;2.473479248e-14;1.120339492e-21;test
0;1.0345591e-07;1.067059051e-13;1.260949102e-17;2.015284989e-27;test
0;4.183361325e-07;1.297628604e-10;1.039113588e-14;-3.77E-22;test
0;8.730393607e-08;1.330845339e-15;4.590578941e-19;1.155175263e-29;test
0;1.340877315e-08;9.217280455e-17;-1.81E-20;-3.50E-33;test
0;1.740461081e-07;1.684903645e-12;-1.15E-16;1.755734032e-25;test
0;1.094366835e-07;1.36826458e-17;5.921936043e-21;1.841151938e-34;test
0;3.743782613e-07;6.403560987e-13;5.39489067e-16;-8.69E-27;test
0;2.1024114e-08;3.655156378e-11;-2.35E-16;-7.10E-23;test
0;5.627258496e-08;3.093424676e-11;1.014005589e-15;-1.40E-23;test
0;1.907270831e-07;1.042354969e-11;-2.55E-16;-7.36E-25;test
0;2.029722842e-09;3.975733475e-12;3.823069571e-17;-7.30E-25;test
0;5.176974884e-08;3.966348125e-16;6.301564498e-20;-1.39E-30;test
0;5.195237253e-08;1.018881075e-11;-4.60E-17;2.947940699e-25;test
0;8.49487106e-08;7.822708834e-16;-7.73E-20;4.670662887e-32;test
0;1.710630618e-08;1.699540062e-11;1.333017722e-17;7.265094989e-25;test
0;3.806053781e-09;4.358594917e-12;-3.31E-18;-1.05E-25;test
0;1.628610234e-07;1.155724874e-11;-8.93E-17;3.082319732e-25;test
0;3.038219948e-08;2.792051607e-11;-3.07E-17;-1.28E-24;test
0;9.694275495e-09;1.609718772e-13;4.975341624e-20;-8.33E-27;test
0;4.19847027e-08;5.73492602e-15;5.060957548e-17;1.001939024e-26;test
0;1.774733673e-08;1.647854585e-11;-7.43E-18;1.602328394e-25;test
0;2.251666662e-07;3.945775581e-11;8.790205873e-16;-1.57E-23;test
0;2.832216905e-07;1.43920675e-15;3.556725453e-18;-1.23E-29;test
0;8.187118351e-08;1.008899533e-11;-4.97E-18;1.854806058e-26;test
0;1.833624691e-07;9.357903304e-12;2.238550629e-17;1.576717221e-25;test
0;6.974307129e-08;1.443697823e-14;3.476749625e-17;-3.78E-27;test
0;1.399651707e-06;5.096249077e-14;1.239885161e-16;8.166752784e-28;test
0;2.928486753e-09;4.154213143e-12;1.09960943e-17;1.93522613e-25;test
0;8.416683317e-08;4.532566296e-14;-2.53E-18;-6.69E-29;test
0;6.068545217e-09;1.233449289e-12;-8.41E-19;1.005964866e-27;test
0;1.056835062e-06;2.678709051e-12;3.738089462e-15;1.310775569e-24;test
0;1.126429225e-07;2.079972389e-11;-4.44E-16;-8.10E-24;test
0;5.727576856e-09;2.353198475e-12;2.491272252e-17;-2.92E-25;test
0;3.392526582e-08;3.544076891e-12;1.029117294e-16;4.427405164e-25;test
0;2.523194293e-09;1.952838752e-15;-5.12E-19;-7.73E-28;test
0;8.302906021e-08;1.4240176e-12;3.070104212e-17;-1.76E-25;test
0;4.304316319e-08;2.938192796e-12;7.331959655e-17;5.70033193e-26;test
1;5.027230614e-06;2.611344295e-10;-4.57E-14;-7.07E-22;test
1;5.549546799e-07;1.599720812e-11;-6.34E-16;-3.18E-24;test
1;1.24565874e-06;3.608644556e-12;8.831935883e-15;5.385271932e-23;test
1;1.85735394e-06;1.055577165e-10;6.313799986e-14;1.059039749e-22;test
1;7.948141484e-07;6.180528107e-11;-3.64E-15;-5.12E-23;test
1;2.906653914e-06;2.240350935e-10;2.489010909e-13;8.218055683e-23;test
1;5.751926596e-07;1.143722665e-10;1.841448787e-14;1.60883597e-22;test
1;4.843155168e-06;9.312396177e-10;1.246531806e-12;-2.54E-20;test
1;1.39945282e-06;3.367794468e-10;2.026371565e-13;-4.71E-21;test
1;3.410986122e-06;1.244560551e-15;1.241545526e-19;5.452533288e-32;test
1;2.988392311e-07;3.690966082e-11;1.642647372e-15;-1.33E-23;test
1;3.756180072e-08;1.32838793e-11;-2.71E-17;2.042960514e-25;test
1;7.869911432e-07;1.187650125e-10;1.222261142e-14;6.184603267e-22;test
1;8.52856711e-07;1.496630024e-10;4.510040572e-14;1.32387672e-22;test
1;6.350853024e-07;2.228344278e-11;2.123874286e-15;1.075502649e-23;test
0;2.390897731e-11;7.733712136e-15;-2.69E-19;1.129969893e-27;training
0;1.352923207e-10;1.359822205e-13;-6.01E-20;9.394131577e-28;training
0;1.49524549e-10;1.594593461e-13;-5.84E-20;7.115825583e-28;training
0;1.625302376e-11;1.230268867e-14;-8.46E-21;2.488406881e-30;training
0;2.881303867e-11;1.164595228e-14;-2.79E-19;1.309814771e-27;training
0;4.020604219e-11;1.851177003e-14;-8.48E-20;9.123279666e-29;training
0;2.438243907e-11;1.292540008e-14;-2.59E-19;1.493496587e-27;training
0;3.371407213e-11;1.715110419e-14;-2.80E-19;1.537411597e-27;training
0;2.30595582e-11;7.040162359e-15;-2.71E-19;1.116889463e-27;training
0;1.16591959e-12;6.664893511e-15;-6.97E-21;6.931463606e-28;training
0;3.515537818e-11;4.455200714e-14;-1.27E-19;-1.22E-27;training
0;1.162708867e-10;1.384603319e-13;-1.41E-19;-5.42E-28;training
0;3.297072553e-11;1.830431613e-14;-2.73E-19;1.611873635e-27;training
0;6.279917354e-11;5.138878038e-14;-2.11E-19;2.013572198e-27;training
0;1.441450383e-12;6.054238821e-17;-1.29E-20;-5.50E-30;training
0;2.169172856e-13;6.380251196e-18;-1.06E-21;1.64665053e-31;training
0;1.347531399e-11;1.97293344e-15;-3.80E-19;2.856715253e-28;training
0;2.647405989e-11;1.786798865e-14;-7.92E-20;-2.05E-29;training
0;1.719731098e-12;1.9387487e-16;-1.26E-19;3.123871309e-28;training
0;2.202740682e-11;5.554986752e-15;-3.81E-19;-4.82E-28;training
0;6.110015748e-12;3.432965395e-16;-1.56E-19;3.433522122e-29;training
0;2.27281506e-11;8.206114663e-15;-6.15E-19;-2.48E-28;training
0;6.000219306e-12;4.272649681e-16;-1.55E-19;7.676974422e-31;training
0;4.657158806e-11;7.009667211e-15;-1.76E-18;-2.18E-27;training
0;4.013534759e-10;2.987516349e-13;-4.34E-18;-1.34E-26;training
0;1.858831027e-10;1.01197077e-13;-3.35E-18;8.701382621e-27;training
0;4.396699185e-12;6.584150699e-16;-1.39E-19;1.637687722e-28;training
0;1.062725204e-11;1.035982537e-15;-3.07E-19;1.11219324e-28;training
0;4.409049305e-12;2.437502705e-15;-3.73E-21;-5.19E-32;training
0;1.684486711e-12;1.436682541e-15;8.132995715e-21;5.891012811e-30;training
0;4.075217683e-12;1.145652619e-15;4.163449568e-21;2.914559315e-30;training
0;2.931018015e-12;1.681167033e-15;-1.93E-21;-3.64E-31;training
0;2.338625336e-11;3.303393892e-15;-1.17E-19;-1.50E-28;training
0;7.691506246e-11;4.96553572e-14;1.037116998e-19;-1.81E-27;training
0;5.017387903e-12;2.580870124e-15;-5.79E-21;-7.68E-31;training
0;3.254696512e-12;1.821563464e-15;-3.01E-21;-1.02E-30;training
0;3.579209278e-12;2.941417437e-15;-1.75E-21;-7.97E-31;training
0;3.959186415e-11;3.843912309e-14;-3.49E-20;-8.42E-29;training
0;3.552202326e-13;4.188585762e-15;-3.73E-21;7.730304738e-29;training
0;8.714298216e-12;7.307144485e-15;-8.96E-23;5.22282714e-29;training
0;6.730572301e-12;9.306164049e-16;-5.45E-20;-7.97E-29;training
0;8.307628143e-13;1.970035817e-15;-1.38E-20;3.601922989e-29;training
0;2.024261379e-11;1.360026154e-14;5.372207986e-20;8.94985996e-29;training
0;4.570939498e-13;2.636268778e-14;-2.80E-20;3.448785094e-28;training
0;9.906650355e-12;3.366148999e-14;2.210030655e-20;4.756232613e-28;training
0;7.687589603e-12;3.262970936e-15;-1.02E-20;-8.98E-31;training
0;1.739388082e-11;2.106714894e-14;6.803198225e-20;5.250775163e-29;training
0;1.448955381e-10;9.817309076e-14;1.983719185e-19;3.084487459e-27;training
0;8.284626267e-12;3.977026902e-15;-9.00E-21;-4.55E-30;training
0;7.624912754e-12;3.936818357e-15;-9.14E-21;-7.66E-30;training
0;7.9792938e-12;5.255518754e-15;-8.04E-21;-9.22E-30;training
0;2.310527629e-11;2.36867066e-14;6.67788223e-20;8.35359856e-29;training
0;3.171856801e-11;1.316463485e-14;8.344136589e-21;-4.89E-29;training
0;3.405252541e-11;1.423782077e-14;1.382231604e-21;-4.56E-29;training
0;6.257703349e-12;2.276031301e-15;-1.00E-20;3.83600821e-31;training
0;8.8409454e-12;4.884930367e-15;-8.23E-21;4.600936561e-30;training
0;1.028707621e-12;7.065841677e-16;-6.25E-22;1.279731427e-32;training
0;4.55993906e-13;2.053946237e-16;-4.98E-22;-2.78E-32;training
0;5.821819552e-13;2.8252239e-16;-5.73E-22;-2.92E-32;training
0;2.884525626e-13;3.952205502e-16;-3.97E-25;-1.59E-37;training
0;1.873061846e-12;1.72135367e-15;-4.62E-22;-2.44E-33;training
0;3.228148116e-12;1.885798406e-15;-6.04E-21;-1.19E-31;training
0;6.366184784e-13;3.437578127e-16;-5.78E-22;2.378251918e-32;training
0;4.998927228e-13;2.38153372e-16;-5.17E-22;2.761060675e-32;training
0;5.175445263e-13;2.415539921e-16;-5.42E-22;3.113319294e-32;training
0;1.18867207e-12;8.109942896e-16;-6.30E-22;1.264294429e-32;training
0;6.608631314e-13;3.699661278e-16;-5.80E-22;-4.95E-33;training
0;1.562093992e-12;1.224076257e-15;-5.58E-22;3.116794661e-33;training
0;9.942640534e-13;6.710257954e-16;-6.22E-22;-1.85E-32;training
0;6.027972784e-13;3.149188514e-16;-5.68E-22;-2.71E-32;training
0;1.058243545e-12;1.621628903e-15;-3.80E-23;-3.90E-34;training
0;8.399563666e-12;1.012955892e-14;-1.24E-22;-1.89E-32;training
0;2.445739616e-11;2.205818461e-14;-1.72E-20;-1.25E-29;training
0;6.383789443e-12;7.37344101e-15;-1.77E-22;2.261769006e-32;training
0;7.391578828e-12;7.586825937e-15;-1.15E-21;-1.88E-31;training
0;6.96739502e-12;7.031252225e-15;-1.07E-21;1.521986475e-31;training
0;1.204566679e-14;3.415011848e-17;-3.06E-24;3.598310069e-34;training
0;4.554767038e-14;1.192058798e-16;-4.41E-24;-1.90E-34;training
0;2.227681568e-14;4.97304169e-17;-3.72E-24;1.424736839e-34;training
0;2.598112607e-15;1.482234406e-18;-8.42E-26;3.450790441e-36;training
0;6.656399601e-14;1.03415005e-16;-4.55E-24;4.192050699e-34;training
0;5.271781121e-13;2.581231692e-16;-3.68E-23;-6.90E-34;training
0;9.267959481e-14;2.259386113e-16;-5.57E-26;1.803869989e-35;training
0;3.980235919e-14;2.409278366e-17;-6.08E-24;7.64417205e-34;training
0;4.562841004e-14;2.877889265e-17;-5.18E-24;5.913940798e-34;training
0;2.825113087e-14;2.223753748e-17;-5.08E-24;7.676422103e-34;training
0;2.447637042e-14;3.050161393e-17;-4.63E-24;7.718558852e-34;training
0;3.863066876e-15;5.644749884e-18;-6.14E-25;1.105705829e-34;training
0;1.572484214e-14;1.285203968e-17;-3.85E-24;6.437441142e-34;training
0;2.772373159e-14;2.078976464e-17;-4.88E-24;7.278462662e-34;training
0;5.821504684e-12;4.394506618e-16;-9.93E-21;1.12099854e-30;training
0;4.417319287e-12;5.995851377e-16;-7.08E-21;-6.91E-31;training
0;1.677149661e-11;3.44324705e-14;-2.83E-21;-1.92E-29;training
0;1.20405793e-11;1.135151589e-14;-9.71E-22;-1.54E-30;training
0;1.483178626e-11;1.500360097e-14;-4.47E-23;5.072081041e-31;training
0;4.969833261e-14;2.224610365e-16;2.676256726e-22;-8.20E-31;training
0;8.775582406e-12;3.13373464e-15;-5.40E-20;3.553694161e-30;training
0;3.628262222e-11;3.942124265e-14;-1.17E-20;1.516792063e-30;training
0;1.61672721e-11;1.228673638e-14;-2.79E-20;3.514070985e-30;training
0;3.586410162e-12;4.614269926e-15;-1.42E-24;1.791635467e-35;training
0;1.970850986e-11;1.582035756e-14;-2.66E-20;4.842350438e-30;training
0;2.748143486e-11;9.911102522e-15;-3.21E-19;4.550700505e-28;training
0;2.186744493e-11;1.371854024e-14;-6.63E-20;-2.17E-29;training
0;3.483958748e-11;2.993470372e-14;-3.81E-20;-8.72E-30;training
0;1.299615729e-11;7.278622605e-15;-4.66E-20;-1.55E-29;training
0;2.543034023e-11;1.954851169e-14;-5.45E-20;-1.59E-29;training
0;1.770861219e-11;1.25588692e-14;-3.45E-20;7.267641868e-30;training
0;2.498855678e-11;1.815485558e-14;-6.82E-20;-2.97E-29;training
0;1.253667331e-11;4.820870837e-15;-8.25E-20;8.406200785e-29;training
0;3.778041361e-12;1.162290191e-15;-2.43E-20;1.204757191e-29;training
0;5.923207417e-13;8.937057921e-16;-1.22E-23;1.869759806e-35;training
0;1.655420683e-13;1.3494785e-16;-2.00E-23;-3.54E-35;training
0;8.463813601e-14;4.924893286e-17;-2.22E-23;-4.04E-35;training
0;2.780528152e-14;3.884376866e-17;-2.66E-26;1.943698164e-39;training
0;2.061947186e-13;1.90031784e-16;-1.52E-23;1.483712144e-35;training
0;3.046098082e-13;1.440599024e-16;-2.50E-22;1.698867764e-33;training
0;6.180640278e-14;3.07471987e-17;-2.02E-23;3.736571016e-35;training
0;5.301740431e-14;2.436802475e-17;-1.89E-23;3.004215307e-35;training
0;6.093504599e-14;3.047991071e-17;-1.94E-23;2.093036008e-35;training
0;2.277381038e-13;2.194673398e-16;-1.30E-23;-1.14E-35;training
0;9.305850619e-14;5.77166068e-17;-2.18E-23;1.183783146e-35;training
0;1.010993628e-13;6.485145227e-17;-2.19E-23;-2.26E-35;training
0;1.092621179e-13;7.26011516e-17;-2.26E-23;7.620509873e-36;training
0;5.023283545e-14;2.306143913e-17;-1.78E-23;-7.80E-36;training
0;8.225996201e-14;1.047159169e-16;-1.77E-26;2.849023677e-39;training
0;5.480542872e-14;5.64368158e-17;-9.64E-25;5.005956205e-37;training
0;7.669459813e-14;9.233935001e-17;-1.93E-25;1.688420435e-38;training
0;9.350732321e-15;1.549827131e-17;-6.72E-26;2.33887712e-39;training
0;1.00893442e-13;1.405922008e-16;-1.82E-25;8.599985507e-38;training
0;3.599433956e-13;4.081891896e-16;-5.31E-24;1.225142199e-35;training
0;7.824619893e-14;9.480451261e-17;-1.54E-25;-2.42E-38;training
0;7.43145731e-14;8.885677172e-17;-2.01E-25;-9.34E-38;training
0;7.282766083e-14;8.954249075e-17;-9.19E-26;-5.83E-38;training
0;1.069547789e-13;1.537845152e-16;-4.13E-25;-2.22E-37;training
0;7.725719386e-14;9.42168201e-17;-1.28E-25;7.126505612e-38;training
0;7.108626543e-14;8.336174325e-17;-2.96E-25;-1.43E-37;training
0;7.954170433e-14;9.613168811e-17;-1.75E-25;1.140360745e-37;training
0;5.764966846e-14;6.313386782e-17;-5.66E-25;3.750024646e-37;training
0;4.739743789e-14;1.091361698e-16;1.497523283e-25;8.555643664e-36;training
0;6.750465846e-15;2.993150674e-18;5.949444234e-26;8.403760034e-37;training
0;3.838760552e-16;3.20318068e-19;-6.94E-27;-2.41E-37;training
0;4.134244062e-16;8.040908564e-18;1.056867435e-26;-8.99E-37;training
0;9.443131768e-16;2.596443863e-18;-1.05E-25;-3.25E-36;training
0;8.6525196e-14;9.205619605e-17;5.089695318e-24;4.804196318e-35;training
0;8.686899298e-14;8.657087882e-17;-5.05E-25;-9.21E-36;training
0;2.173138444e-13;1.277006088e-16;-8.97E-23;-5.29E-35;training
0;4.23623192e-14;1.096926391e-17;-3.70E-23;9.086034464e-36;training
0;4.327241036e-13;3.562797421e-16;-8.15E-23;4.668007952e-35;training
0;6.108742901e-14;7.347659945e-17;-1.38E-25;-4.56E-39;training
0;2.483047599e-13;1.559137458e-16;-9.13E-23;-4.71E-35;training
0;3.928320896e-13;1.390491791e-16;-6.37E-22;-1.87E-33;training
0;1.234313201e-13;5.431842188e-17;-7.45E-23;-4.32E-35;training
0;9.923157063e-14;3.945067873e-17;-6.54E-23;-2.80E-35;training
0;7.706916577e-14;2.73019666e-17;-5.52E-23;-1.01E-35;training
0;2.172825402e-13;1.277745847e-16;-8.97E-23;4.2627438e-35;training
0;1.817206316e-13;9.761655369e-17;-8.58E-23;-4.86E-35;training
0;2.736791141e-13;1.805640022e-16;-9.16E-23;5.290591052e-35;training
0;1.500756472e-13;7.296451643e-17;-8.08E-23;-2.58E-35;training
0;1.509037808e-13;7.459923843e-17;-7.85E-23;4.708873755e-36;training
0;4.414947843e-14;1.666219748e-17;-1.35E-23;3.379855806e-33;training
0;5.501337835e-14;3.200895827e-17;-1.22E-23;-3.85E-33;training
0;7.467618024e-14;1.097251248e-17;-2.30E-23;-3.66E-33;training
0;3.825120736e-14;4.293282775e-17;-2.22E-25;3.724498881e-36;training
0;4.591848075e-13;5.285912558e-16;-6.58E-24;5.477950413e-36;training
0;4.597471694e-14;3.213979981e-16;8.891809019e-23;-1.33E-31;training
0;6.438222301e-14;3.297612857e-18;-2.57E-23;2.111721906e-33;training
0;1.013212982e-14;1.819154627e-18;-8.58E-24;-8.59E-34;training
0;1.79178574e-14;1.58347853e-18;-1.48E-23;-1.56E-33;training
0;1.946901519e-13;1.073045589e-16;-3.66E-23;-2.42E-33;training
0;1.704461304e-13;1.20928378e-16;-3.47E-23;1.588432894e-33;training
0;5.560330459e-15;6.949545638e-18;-5.74E-25;7.667070031e-35;training
0;1.072972697e-13;1.098815749e-16;-1.54E-23;1.547059188e-33;training
0;5.412511323e-14;5.006105628e-17;-9.91E-24;-1.70E-33;training
0;2.766457771e-11;3.041607922e-14;-5.73E-21;-2.00E-31;training
0;2.944275269e-11;3.366317701e-14;-4.11E-21;1.400612115e-31;training
0;2.949662771e-11;3.390929551e-14;-3.93E-21;1.393215761e-31;training
0;4.037029017e-12;6.541667837e-15;-4.90E-22;-6.01E-34;training
0;3.039026125e-11;3.513381623e-14;-3.31E-21;-5.29E-32;training
0;9.403220452e-11;8.602478541e-14;-1.52E-19;-7.11E-30;training
0;1.34430257e-11;1.035550402e-14;-1.86E-20;-8.53E-31;training
0;1.05440296e-11;7.214974002e-15;-1.98E-20;-1.01E-30;training
0;1.148147722e-11;8.214842845e-15;-1.99E-20;-8.18E-31;training
0;1.48172216e-11;1.216033939e-14;-1.76E-20;2.546172323e-31;training
0;2.294964389e-11;2.310463959e-14;-1.01E-20;-1.91E-31;training
0;4.85071079e-11;7.157414567e-14;-5.47E-21;9.569556519e-32;training
0;3.202301166e-11;3.803187097e-14;-2.24E-21;1.122199603e-32;training
0;3.041900012e-11;3.507975213e-14;-3.65E-21;8.682821875e-32;training
0;9.735349106e-14;4.332131725e-17;-5.70E-23;-6.39E-33;training
0;5.467281994e-13;3.994061699e-16;-2.98E-22;5.444611227e-32;training
0;5.313126695e-13;4.227201613e-16;-1.93E-22;-6.58E-32;training
0;2.729763141e-13;3.173554889e-16;-2.08E-25;9.194619937e-36;training
0;6.570084508e-13;2.641317514e-16;-1.83E-22;6.083397082e-32;training
0;3.437782711e-13;3.061184921e-16;-8.37E-22;-6.78E-31;training
0;2.567567306e-13;2.406294184e-17;-3.47E-22;-3.73E-32;training
0;5.344472476e-13;9.071819561e-17;-1.37E-21;8.228984583e-31;training
0;2.380115562e-13;6.075779293e-17;-2.58E-22;-7.61E-32;training
0;1.29647054e-12;1.375603934e-15;-2.61E-23;-1.00E-32;training
0;4.110610777e-13;2.114773007e-16;-2.67E-22;1.179471755e-31;training
0;3.021228645e-13;1.795622468e-16;-1.60E-22;-8.85E-32;training
0;7.911181139e-13;3.880836506e-16;-4.34E-22;2.441813713e-31;training
0;1.00024164e-12;6.525054231e-16;-6.69E-22;4.184728381e-31;training
0;9.2563668e-14;1.927067118e-17;-8.40E-23;-1.14E-32;training
0;8.096703905e-15;1.167117008e-18;-7.88E-24;-6.95E-34;training
0;2.40411736e-14;7.068036923e-18;-2.75E-23;-9.94E-34;training
0;9.045788003e-14;1.076650373e-16;-1.86E-25;-1.12E-36;training
0;1.654366169e-13;7.533701687e-17;-7.21E-23;-5.17E-33;training
0;2.399114409e-13;6.122293028e-17;-1.83E-22;4.255180298e-32;training
0;1.286867404e-13;2.100931697e-17;-1.30E-22;-6.27E-33;training
0;6.579431329e-14;1.679050375e-17;-4.79E-23;-5.35E-33;training
0;3.239019479e-15;7.471490857e-19;-1.77E-24;-8.01E-35;training
0;4.367407566e-13;3.00696424e-16;-1.10E-22;-4.38E-33;training
0;3.454842997e-13;1.128836042e-16;-1.90E-22;2.129671287e-32;training
0;1.73180484e-13;8.593185612e-17;-1.04E-22;-1.77E-33;training
0;8.783124255e-14;2.684811022e-17;-5.73E-23;-6.67E-33;training
0;7.80088462e-15;5.90877223e-19;-1.14E-23;-1.10E-33;training
0;2.963415569e-12;1.17358966e-15;-1.16E-21;-6.24E-31;training
0;9.757081059e-12;8.330382881e-15;3.072131882e-22;-8.98E-32;training
0;2.164634036e-12;1.098428218e-15;-3.56E-21;1.624258066e-30;training
0;7.438090424e-13;7.302272338e-16;-1.49E-23;1.369853261e-35;training
0;1.950735804e-12;2.882405416e-15;1.146819883e-22;2.5908283e-31;training
0;3.755006736e-11;4.7727955e-14;-2.38E-22;2.016351407e-30;training
0;3.414833378e-12;2.644457678e-15;3.6578237e-22;-8.74E-32;training
0;4.823363431e-12;2.366691221e-15;-7.22E-22;-5.74E-31;training
0;9.007165651e-13;1.019185383e-15;5.743376627e-22;-4.44E-31;training
0;2.378939367e-12;8.654027546e-16;-3.43E-22;-8.89E-32;training
0;4.481268276e-12;3.542281241e-15;-7.45E-22;-3.70E-31;training
0;2.951299279e-12;3.9366515e-15;2.735068475e-22;-3.63E-31;training
0;7.949834312e-12;6.719773706e-15;-2.73E-21;1.33508731e-30;training
0;8.930710044e-12;8.488784978e-15;-3.13E-21;1.220069877e-30;training
0;1.166216409e-12;7.90984654e-16;-7.44E-22;9.370538799e-34;training
0;2.228559041e-12;2.123912338e-15;-4.49E-22;-2.61E-34;training
0;6.830760054e-13;3.597645333e-16;-6.60E-22;-7.54E-34;training
0;3.129799139e-13;4.018569202e-16;-8.12E-26;6.281586537e-39;training
0;3.102931732e-12;3.48228324e-15;-1.74E-22;1.914769175e-34;training
0;6.52029897e-12;4.85245207e-15;-7.32E-21;4.201780236e-32;training
0;7.097023604e-13;3.80556722e-16;-6.68E-22;7.213072968e-34;training
0;5.39783275e-13;2.52730083e-16;-6.00E-22;3.553092268e-34;training
0;7.019943994e-13;3.715679785e-16;-6.77E-22;1.711187792e-34;training
0;2.02069279e-12;1.828794115e-15;-5.22E-22;-5.35E-34;training
0;9.534188918e-13;5.932980352e-16;-7.11E-22;7.030120844e-34;training
0;9.194562929e-13;5.613609594e-16;-7.08E-22;-8.43E-34;training
0;3.200589736e-12;3.635826446e-15;-1.55E-22;1.068024185e-34;training
0;1.157119158e-12;7.879176235e-16;-7.28E-22;-2.57E-34;training
0;8.867216857e-11;3.148940455e-14;-3.76E-19;3.912059145e-28;training
0;4.437107986e-11;3.436136607e-14;-8.07E-20;1.384783944e-28;training
0;4.462466605e-11;4.077034333e-14;2.01809303e-19;-7.74E-28;training
0;1.790250642e-11;5.600060511e-15;-1.03E-19;-5.75E-29;training
0;1.204036349e-10;6.497981888e-14;-6.54E-19;3.114044275e-28;training
0;5.787447408e-10;2.379993192e-13;9.103850007e-19;3.225343206e-27;training
0;4.300160007e-11;3.960280531e-14;1.853606904e-19;-1.41E-27;training
0;6.779639997e-13;7.670319766e-14;1.139142664e-19;-6.77E-27;training
0;4.559700091e-11;1.093579187e-13;-8.70E-19;-2.51E-26;training
0;1.610013374e-10;1.122359152e-13;-8.93E-19;-4.85E-28;training
0;5.041059503e-11;5.094005753e-14;5.853385247e-20;-3.61E-27;training
0;1.307716048e-10;1.152264104e-13;1.126297112e-20;-8.07E-27;training
0;4.293688762e-11;1.021440788e-13;-1.96E-19;-1.73E-26;training
0;4.479942306e-11;8.660305969e-14;-1.19E-18;-2.25E-26;training
0;7.47808874e-12;7.022656154e-15;-4.54E-22;1.368405845e-31;training
0;2.491235646e-12;2.530231361e-15;-6.40E-22;1.203786806e-30;training
0;3.089373323e-12;4.520672033e-15;-4.67E-22;1.294919655e-30;training
0;4.803352655e-13;2.854780987e-16;-1.75E-22;-8.64E-33;training
0;1.595199765e-12;8.088373189e-16;-3.46E-21;1.029330507e-30;training
0;2.644889556e-12;1.964521565e-15;-1.34E-21;-6.91E-32;training
0;6.703121984e-12;7.799018342e-15;1.476539048e-23;1.726824023e-31;training
0;4.794462997e-12;1.390276389e-14;5.972596989e-22;-5.06E-31;training
0;1.47995002e-12;2.684199702e-15;-8.20E-22;1.93581145e-30;training
0;2.125092076e-12;1.015045168e-15;-8.11E-22;-4.21E-31;training
0;3.904323245e-13;5.158636769e-16;-3.54E-22;4.297858169e-31;training
0;1.364186949e-12;1.408072783e-15;-1.54E-21;1.062246952e-30;training
0;2.162717785e-12;2.221876344e-15;-1.44E-21;1.395071271e-30;training
0;1.021774025e-12;1.075835418e-15;-3.92E-22;7.626458539e-31;training
0;7.194763479e-14;5.779623668e-17;-1.69E-23;3.119098057e-35;training
0;1.15253224e-13;8.560929369e-17;-1.58E-23;5.180095043e-35;training
0;4.228389143e-14;1.432403356e-17;-1.28E-23;-3.37E-34;training
0;4.339038567e-14;6.329296129e-17;-1.83E-25;1.791057804e-36;training
0;3.191372102e-13;4.19079036e-16;-5.02E-25;2.043378829e-35;training
0;1.421190633e-12;1.664442572e-15;-1.72E-23;2.686079291e-34;training
0;4.000321222e-14;1.722983445e-17;-1.26E-23;-3.46E-34;training
0;5.558354047e-14;1.95121398e-17;-1.48E-23;-3.42E-34;training
0;1.032279661e-13;6.171494925e-17;-1.75E-23;-7.89E-35;training
0;1.022973069e-13;1.044939788e-16;-1.53E-23;2.191328735e-34;training
0;3.43855011e-14;2.662591382e-17;-1.25E-23;-1.40E-34;training
0;1.139387502e-13;8.398093521e-17;-1.59E-23;1.192016907e-34;training
0;6.664152414e-14;6.258511487e-17;-1.62E-23;2.65759015e-34;training
0;4.793389878e-14;3.25299684e-17;-1.52E-23;-2.52E-34;training
0;1.75725717e-12;1.433015456e-15;-7.02E-22;2.700784845e-34;training
0;3.030559195e-13;1.034035223e-16;-4.61E-22;1.181284312e-34;training
0;3.15922155e-13;1.091501136e-16;-4.80E-22;2.606401069e-35;training
0;3.255281918e-13;4.373780395e-16;-1.72E-25;4.381003219e-39;training
0;1.990631799e-12;1.727933014e-15;-6.36E-22;2.733970309e-34;training
0;4.417984238e-12;2.569302895e-15;-8.62E-21;1.44778536e-32;training
0;1.271673473e-12;8.805679245e-16;-7.93E-22;1.664113741e-34;training
0;8.75686664e-13;5.074676149e-16;-7.57E-22;-1.62E-35;training
0;1.231653891e-12;8.365625441e-16;-8.04E-22;-1.85E-34;training
0;2.292995676e-12;2.136336386e-15;-5.37E-22;-2.47E-34;training
0;8.172156294e-13;4.546005438e-16;-7.58E-22;3.409403619e-34;training
0;6.967665894e-13;3.579108846e-16;-7.21E-22;-3.15E-34;training
0;1.045953965e-12;6.537607002e-16;-8.06E-22;3.959407233e-34;training
0;5.085626407e-13;2.220610205e-16;-6.36E-22;2.472475916e-34;training
0;1.983372447e-12;1.740915003e-15;-5.99E-22;2.616265745e-34;training
0;2.653390786e-13;8.423611142e-17;-4.25E-22;-5.79E-34;training
0;3.98785013e-13;1.553368154e-16;-5.49E-22;3.099076406e-34;training
0;2.642239746e-13;3.077931383e-16;-2.40E-24;-1.40E-37;training
0;1.481870024e-12;1.114744206e-15;-7.50E-22;-2.23E-34;training
0;2.139473718e-12;8.854238858e-16;-6.16E-21;-1.64E-32;training
0;4.648577422e-13;1.956780407e-16;-5.98E-22;7.289008305e-34;training
0;4.654542521e-13;1.959371427e-16;-5.99E-22;9.310158399e-34;training
0;5.475481754e-13;2.488627267e-16;-6.54E-22;1.012861917e-33;training
0;1.33056977e-12;9.460732359e-16;-7.72E-22;-2.81E-34;training
0;8.274402693e-13;4.657056289e-16;-7.51E-22;-2.99E-34;training
0;4.842354601e-13;2.07712906e-16;-6.09E-22;1.133756244e-34;training
0;3.193434105e-13;1.110082908e-16;-4.83E-22;-2.97E-34;training
0;1.035578448e-12;6.475873996e-16;-7.93E-22;-1.12E-33;training
0;8.425996059e-15;3.425310407e-17;-4.45E-23;6.59024751e-32;training
0;1.2717805e-12;6.903290864e-16;-1.76E-21;-2.02E-31;training
0;2.12764161e-12;1.596753913e-15;-1.93E-21;-3.73E-31;training
0;2.065726252e-13;1.466850769e-16;-3.76E-23;1.354438789e-34;training
0;3.161888449e-12;2.75839161e-15;-1.74E-21;2.948498158e-31;training
0;8.675068842e-12;7.701955845e-15;-2.26E-20;-5.10E-30;training
0;9.89155937e-15;2.544669476e-17;1.496189419e-23;-9.24E-33;training
0;3.043680283e-14;1.536252706e-17;-6.19E-23;1.815609728e-32;training
0;7.637692725e-14;1.097124616e-19;-1.63E-22;1.030241036e-34;training
0;8.536230493e-14;9.000846541e-18;-2.65E-22;7.805262837e-32;training
0;4.808669768e-13;2.514144103e-16;-1.11E-21;-2.55E-31;training
0;7.487379197e-12;9.254845189e-15;-1.16E-22;-1.93E-32;training
0;1.746099446e-12;1.117840612e-15;-1.91E-21;2.139439365e-31;training
0;3.844606882e-13;6.747675074e-17;-8.14E-22;-7.48E-33;training
0;4.067444039e-14;5.685855535e-18;-5.33E-23;-4.10E-34;training
0;1.159423264e-13;3.14020194e-17;-1.19E-22;-3.09E-33;training
0;2.866974592e-13;1.301714418e-16;-1.81E-22;6.263779134e-33;training
0;4.798438554e-14;3.960564915e-17;-2.86E-24;-1.07E-35;training
0;7.550834964e-13;6.02739748e-16;-1.69E-22;-9.22E-33;training
0;9.531369322e-13;4.023755877e-16;-1.47E-21;-4.02E-31;training
0;2.358800275e-13;1.1700499e-16;-1.60E-22;-3.34E-33;training
0;2.468255076e-13;1.093405983e-16;-1.78E-22;-9.57E-33;training
0;5.793578924e-13;4.389669349e-16;-1.78E-22;3.761712268e-33;training
0;4.093210144e-13;2.507260322e-16;-1.95E-22;1.017205423e-32;training
0;1.811428073e-13;6.767419774e-17;-1.47E-22;-9.08E-33;training
0;3.258201731e-13;1.74725634e-16;-1.84E-22;1.285539087e-32;training
0;1.970105503e-13;7.862578612e-17;-1.55E-22;-8.52E-33;training
0;5.505718818e-13;3.602281241e-16;-1.86E-22;-2.40E-33;training
0;6.158095089e-12;3.458238114e-15;-1.38E-20;1.024919893e-29;training
0;8.227419262e-12;1.049700419e-15;6.043079187e-21;-1.33E-29;training
0;9.776407891e-12;2.721052686e-16;-1.80E-20;8.545041507e-31;training
0;9.445100115e-12;6.66372979e-15;-1.46E-20;1.099946911e-29;training
0;5.396406261e-12;8.364037938e-15;6.079181437e-20;-5.61E-29;training
0;1.098915139e-11;3.005432197e-13;8.153792515e-19;-7.26E-26;training
0;1.990778067e-12;5.619343402e-16;-7.66E-21;4.585852221e-30;training
0;4.015616958e-12;1.50682738e-15;-1.28E-20;8.375404422e-30;training
0;3.762548324e-12;1.276882392e-15;-1.15E-20;4.505785662e-30;training
0;6.465325554e-12;3.253939141e-15;-1.33E-20;-4.52E-30;training
0;1.025045064e-11;1.387437021e-15;1.179848191e-20;4.789278805e-29;training
0;5.477244283e-12;3.477432401e-15;3.231015444e-20;-5.37E-29;training
0;1.003412164e-11;3.173277868e-15;-1.37E-21;-6.22E-30;training
0;4.950141163e-12;4.526806884e-15;1.541246206e-20;-3.11E-29;training
0;1.901958209e-13;5.440151203e-16;-1.40E-22;-2.86E-32;training
0;2.330955952e-12;2.569946943e-15;-6.93E-23;1.567932104e-33;training
0;1.300497888e-12;1.041874237e-15;-3.51E-22;3.603627732e-32;training
0;2.410048265e-13;3.266395524e-16;2.222123886e-25;2.468246659e-35;training
0;8.627445042e-13;3.843041183e-16;-3.63E-22;-2.16E-32;training
0;2.623385355e-13;1.008551107e-15;-1.18E-21;3.172696111e-30;training
0;7.560675127e-13;2.179063846e-16;-3.98E-22;-7.53E-33;training
0;9.734022746e-13;3.116955097e-16;-3.23E-22;-6.66E-32;training
0;1.047027942e-13;3.831039408e-17;-1.31E-22;-6.81E-32;training
0;2.88672928e-13;7.695118815e-16;-2.55E-22;-2.87E-31;training
0;3.798482275e-14;3.20244988e-18;-8.62E-23;-1.64E-32;training
0;1.352942744e-13;1.586235961e-16;-1.84E-22;-2.97E-32;training
0;1.143995673e-13;2.596936527e-16;8.396902689e-24;-8.67E-32;training
0;1.743964841e-12;1.990393486e-15;-6.83E-23;-1.10E-32;training
0;2.649053349e-14;1.499742573e-16;2.280388524e-24;-1.06E-33;training
0;2.290980569e-13;5.558787839e-17;-9.15E-23;4.894313665e-34;training
0;3.159029241e-14;1.281651155e-17;-1.75E-23;-3.09E-33;training
0;2.272709838e-13;1.364059595e-16;-2.88E-23;-2.70E-33;training
0;1.137438067e-13;4.898590797e-16;1.321474346e-22;3.037343446e-31;training
0;1.460138921e-12;3.037171652e-16;-4.13E-21;-1.56E-30;training
0;6.575715842e-13;4.989905649e-16;-1.90E-22;2.352697669e-31;training
0;1.380397071e-14;1.051508193e-16;2.664392983e-24;-4.66E-34;training
0;1.588841415e-14;1.299234377e-16;2.072897266e-24;-4.07E-34;training
0;5.292752941e-14;8.757542927e-17;6.375321134e-25;-1.90E-35;training
0;7.527806341e-14;6.125512708e-17;2.132237949e-24;-2.31E-34;training
0;6.93074338e-14;1.054393746e-16;3.6735329e-24;4.861727298e-34;training
0;1.576928508e-13;1.262557367e-16;-2.40E-23;-1.92E-34;training
0;1.562257406e-13;9.822389655e-17;-1.51E-23;-2.89E-33;training
0;5.421479993e-13;1.9511393e-16;-2.31E-21;3.900242625e-30;training
0;7.510060942e-13;6.491059591e-17;-5.42E-21;-2.51E-30;training
0;1.040792634e-12;7.117621869e-16;-6.04E-22;1.133470452e-32;training
0;1.787685298e-12;1.298379882e-15;-9.06E-22;4.297521259e-32;training
0;4.528500491e-13;2.06416896e-16;-3.59E-21;6.377720907e-30;training
0;1.769517984e-12;5.920909835e-16;-4.98E-21;8.682607988e-31;training
0;5.165755167e-13;1.996342173e-16;-3.24E-21;1.507734359e-30;training
0;9.006347446e-14;7.905241742e-17;-7.91E-22;1.465080002e-30;training
0;6.021032767e-14;1.256003459e-17;2.090944344e-23;-9.19E-33;training
0;5.688065844e-13;2.621308457e-16;-2.81E-21;-3.53E-30;training
0;2.040968765e-13;1.041750456e-17;-2.01E-21;-4.54E-34;training
0;8.628922006e-13;7.506481842e-17;-5.57E-21;-2.27E-30;training
0;1.779076207e-13;1.065789885e-17;2.939681451e-23;6.546304449e-33;training
0;4.447931348e-13;1.898816007e-16;-5.56E-22;2.785419264e-32;training
0;9.190773289e-12;1.233784185e-15;-4.03E-19;-7.70E-28;training
0;1.27403065e-11;1.007274236e-14;-1.59E-20;-1.71E-30;training
0;3.768875369e-11;2.84345108e-14;-9.35E-20;-1.63E-29;training
0;1.722246988e-11;2.945729789e-15;-5.60E-19;-1.36E-28;training
0;5.274428975e-11;2.515912663e-14;-6.31E-19;-1.83E-29;training
0;4.618187077e-11;1.150000783e-14;-1.43E-18;-1.22E-27;training
0;4.441973329e-11;1.1471798e-14;-1.68E-18;5.866030556e-27;training
0;4.866627041e-11;7.751296317e-15;-1.81E-18;1.326139478e-27;training
0;1.89301229e-11;2.034658244e-15;-8.02E-19;1.506839963e-27;training
0;5.697127424e-11;1.946793386e-14;-1.63E-18;3.053686144e-27;training
0;4.150155484e-11;6.023866082e-15;-1.57E-18;1.970833942e-27;training
0;6.299163749e-12;3.911508527e-16;-3.55E-19;-3.83E-28;training
0;3.920554076e-11;4.993973984e-15;-1.58E-18;1.185009213e-27;training
0;6.117591187e-10;2.135898735e-13;-1.95E-17;-1.51E-25;training
0;1.085328941e-10;7.498272941e-14;-5.76E-19;-3.53E-28;training
0;1.176363676e-10;3.731601738e-14;-8.40E-18;2.639685144e-27;training
0;2.801247487e-10;6.459963626e-14;-1.16E-17;-9.99E-26;training
0;3.450955011e-10;2.169819527e-13;-4.89E-18;-1.04E-26;training
0;6.553342011e-12;9.808348515e-15;-1.15E-18;-6.65E-27;training
0;1.256956368e-10;8.950749136e-14;-6.12E-19;3.655572021e-28;training
0;9.194335439e-11;5.771679254e-14;-5.58E-19;2.587771675e-28;training
0;9.544881998e-12;1.833858477e-14;4.01321251e-21;1.581661221e-30;training
0;5.664134765e-11;1.044667941e-15;-2.91E-18;2.587033963e-27;training
0;2.808744319e-10;1.181528743e-13;-1.55E-17;-1.99E-26;training
0;1.805235943e-11;3.698802662e-15;-1.18E-18;1.105882926e-26;training
0;1.221495322e-10;8.857836168e-14;-5.90E-19;-3.73E-28;training
0;2.360049469e-12;1.713242239e-15;-1.41E-20;-1.28E-28;training
0;7.461616192e-13;5.939178141e-16;9.517458719e-21;7.919767463e-30;training
0;5.415769594e-13;7.740883541e-16;7.563810509e-21;2.558570039e-29;training
0;1.156885769e-11;1.110020921e-14;-2.94E-21;-9.67E-31;training
0;1.478691205e-11;4.991644077e-15;-1.33E-19;-5.71E-28;training
0;3.919398155e-11;1.968263464e-14;3.102608264e-19;8.139764879e-28;training
0;1.259275509e-12;7.255238943e-16;6.450619695e-21;-1.63E-29;training
0;1.310146589e-12;4.663568766e-16;7.308029108e-21;-3.71E-30;training
0;1.809810482e-12;5.500598046e-16;3.885494993e-21;-9.23E-30;training
0;1.05257584e-11;5.841826894e-15;-5.24E-20;8.931168784e-29;training
0;5.618009574e-12;3.097145537e-15;-2.94E-20;-1.35E-28;training
0;1.899890242e-11;1.07900639e-14;-1.27E-19;6.622304488e-28;training
0;7.071823139e-13;9.368303176e-16;-1.71E-20;-6.66E-29;training
0;2.973549669e-13;7.578411818e-16;8.874345746e-21;6.797371881e-30;training
0;4.768056705e-11;2.692407728e-14;-2.46E-19;-4.53E-28;training
0;1.149817288e-11;2.555359423e-15;-1.36E-19;1.43230303e-28;training
0;1.829689475e-11;6.361303721e-15;-1.71E-19;2.562485542e-28;training
0;4.775313266e-11;2.807926629e-14;-2.14E-19;-3.91E-28;training
0;3.716041484e-11;1.73816665e-14;-2.39E-19;-4.14E-28;training
0;6.073891335e-12;3.231118651e-15;-2.22E-19;-1.07E-27;training
0;4.047240143e-11;2.274505063e-14;-2.22E-19;-4.16E-28;training
0;4.140706748e-12;1.368634657e-15;-4.18E-20;2.474256481e-29;training
0;2.92617584e-11;1.62186963e-14;-1.78E-19;2.960646741e-28;training
0;2.024127587e-11;8.261357053e-15;-1.66E-19;3.134995227e-28;training
0;7.539652371e-11;1.048922178e-14;-1.31E-19;9.428008785e-28;training
0;6.691481268e-11;4.868156026e-14;-2.32E-19;4.057658046e-28;training
0;1.647037058e-11;3.843635084e-15;-1.68E-19;-1.56E-28;training
0;9.516806394e-12;1.372901102e-15;-1.20E-19;2.542259014e-29;training
0;9.045447944e-12;4.059807746e-17;1.3784444e-20;-2.06E-30;training
0;5.342557159e-12;1.825633849e-15;-2.61E-20;1.469313969e-29;training
0;6.754772344e-12;2.870224921e-15;-2.86E-20;1.980637562e-29;training
0;1.977689122e-11;1.303500734e-14;-3.49E-20;-1.23E-29;training
0;1.310535419e-12;2.210373324e-15;2.90299253e-20;-3.00E-28;training
0;1.758923136e-11;3.112765732e-15;-2.26E-19;-3.54E-28;training
0;1.079484851e-11;5.819968211e-15;-3.40E-20;-2.41E-29;training
0;5.51076159e-12;2.346417205e-15;-2.46E-20;-1.59E-29;training
0;6.512147537e-12;3.193750645e-15;-2.63E-20;-1.14E-29;training
0;1.98276207e-11;7.170045414e-15;-1.11E-19;-1.78E-28;training
0;7.157269007e-12;5.680276381e-15;3.184712518e-20;-2.18E-28;training
0;2.080243424e-11;6.994688077e-15;-1.29E-19;8.571542328e-28;training
0;9.035340022e-12;3.962616744e-17;1.327155723e-20;-1.15E-30;training
0;8.422868989e-12;3.027223103e-15;1.745727078e-20;1.992950465e-29;training
0;1.470112575e-10;1.264888449e-13;-4.86E-19;9.71459385e-29;training
0;8.596135245e-11;2.293657221e-14;-6.04E-18;1.773916768e-26;training
0;1.813687511e-10;8.864193745e-14;-4.25E-18;1.345963347e-27;training
0;2.049837891e-11;4.671363316e-16;-1.92E-18;3.241267301e-27;training
0;1.474654171e-12;1.667913648e-16;-6.02E-20;1.255939188e-28;training
0;1.930779523e-11;3.010419347e-15;-1.47E-18;-5.95E-27;training
0;1.652582515e-13;6.104763949e-17;-8.24E-22;3.246419683e-31;training
0;7.025101703e-13;1.92429586e-16;-3.28E-21;-5.46E-31;training
0;5.105492245e-13;9.299062999e-17;-2.29E-21;-4.26E-33;training
0;1.211967225e-12;3.328718059e-16;-4.27E-21;-8.12E-31;training
0;1.16892397e-12;3.277978494e-16;-5.02E-21;3.326537554e-31;training
0;8.398401771e-14;9.030792959e-16;1.343466639e-22;1.263523121e-31;training
0;1.61320433e-14;2.087545713e-17;-1.30E-22;1.654400675e-31;training
0;3.488909117e-12;6.848316121e-15;-7.28E-21;6.825479132e-31;training
0;5.761299117e-14;1.440011599e-17;-4.13E-22;-9.67E-32;training
0;3.145418797e-12;8.952619622e-16;-9.92E-21;-3.88E-30;training
0;1.509796082e-11;1.092714446e-14;-1.22E-20;5.279289688e-30;training
0;7.92193999e-12;4.371744195e-15;-1.37E-20;-1.48E-30;training
0;1.503480585e-12;2.864523227e-16;-5.86E-21;-2.59E-31;training
0;6.921647421e-13;1.278367052e-16;-2.83E-21;8.949758748e-32;training
0;8.669000118e-14;1.374467689e-17;-1.03E-22;-2.97E-32;training
0;8.839285144e-14;3.681231373e-17;-6.70E-23;1.422339356e-32;training
0;6.200539273e-14;2.165300867e-17;-3.88E-23;6.687911431e-33;training
0;3.388886538e-13;5.491558627e-17;-4.24E-22;-5.02E-32;training
0;1.380568339e-13;1.074684643e-17;-1.08E-22;-1.39E-32;training
0;2.521016309e-12;1.90706771e-15;-2.04E-21;1.06398426e-30;training
0;8.677046513e-14;6.641758352e-17;-4.38E-23;1.716285153e-32;training
0;9.806628966e-14;3.828885184e-17;-4.50E-23;1.450301796e-32;training
0;3.439686162e-14;1.443621358e-18;-4.23E-23;-4.26E-33;training
0;3.646887424e-14;2.158642484e-17;-4.42E-23;-1.59E-32;training
0;5.16474026e-13;4.591516128e-16;-6.09E-23;-4.74E-33;training
0;6.177256801e-13;4.770570541e-16;-6.11E-23;1.006917806e-32;training
0;9.978114051e-14;2.056797792e-17;-1.39E-22;1.751050969e-32;training
0;9.304202751e-14;3.427646172e-17;-1.07E-22;2.092297668e-32;training
0;3.847501933e-13;4.308778288e-18;-4.22E-21;6.959881525e-31;training
0;1.204956225e-12;4.033551731e-16;-5.85E-21;3.16425671e-31;training
0;3.821997713e-12;1.796672919e-15;-1.73E-20;-1.05E-29;training
0;6.313326005e-12;1.971014023e-15;-2.45E-20;1.067915731e-29;training
0;4.655867417e-13;2.915974879e-16;-1.83E-20;-7.38E-29;training
0;5.022188491e-14;2.230491271e-18;-7.17E-22;-2.59E-31;training
0;3.077259146e-16;6.68553315e-20;-8.86E-28;-5.30E-39;training
0;2.371598541e-12;7.102999998e-16;-1.22E-20;-7.60E-30;training
0;2.285882059e-12;7.128942591e-16;-1.07E-20;-2.36E-30;training
0;3.475307526e-12;9.49823499e-16;-1.73E-20;9.268749598e-30;training
0;1.274885763e-11;9.248965182e-15;-2.27E-20;-1.81E-29;training
0;6.633655107e-12;2.228279661e-15;-2.73E-20;2.240163e-29;training
0;6.430158895e-12;2.631118674e-15;-2.44E-20;2.322240122e-29;training
0;1.656713932e-12;1.034735942e-15;-1.26E-21;-3.24E-33;training
0;1.21728214e-12;5.981235489e-16;-1.58E-21;8.8023984e-32;training
0;6.889202169e-13;2.796998402e-16;-1.11E-21;6.407946231e-32;training
0;2.225210595e-12;1.747340515e-15;-9.47E-22;-3.41E-32;training
0;3.556003042e-12;2.762184139e-15;-1.58E-21;5.348683831e-32;training
0;4.102299019e-12;1.312838345e-15;-1.11E-20;2.189991507e-30;training
0;2.211837532e-12;1.731973937e-15;-8.83E-22;-2.02E-33;training
0;3.3056366e-12;2.69630686e-15;-1.16E-21;-4.81E-32;training
0;3.331491267e-12;3.251184528e-15;-5.68E-22;-1.52E-32;training
0;3.503957681e-12;3.223042573e-15;-9.92E-22;-6.18E-33;training
0;8.245327849e-13;2.872335247e-16;-1.37E-21;5.34294818e-32;training
0;5.581104739e-13;1.839415472e-16;-9.47E-22;1.861952287e-32;training
0;2.434799657e-12;1.645466206e-15;-1.81E-21;1.40869737e-31;training
0;2.151393729e-12;1.415468108e-15;-1.59E-21;5.383892554e-32;training
0;1.446816078e-12;3.1415458e-16;-7.70E-21;-1.25E-31;training
0;2.040311604e-12;7.532570162e-16;-8.84E-21;-8.83E-31;training
0;1.964718691e-12;6.129831877e-16;-8.71E-21;-1.62E-30;training
0;3.966032303e-12;1.358817948e-15;-1.66E-20;3.513689771e-30;training
0;3.763974362e-12;1.379713546e-15;-1.47E-20;2.663844361e-30;training
0;1.013399721e-12;7.975423594e-17;-1.77E-20;-1.42E-29;training
0;8.460951244e-13;1.499116811e-16;-4.87E-21;-4.16E-31;training
0;8.105768119e-13;1.489802114e-16;-5.86E-21;-3.15E-30;training
0;1.495824721e-12;3.787400646e-16;-8.14E-21;-2.87E-30;training
0;1.053798773e-11;7.324283212e-15;-1.82E-20;-3.64E-30;training
0;2.551163022e-11;2.35764942e-14;-1.18E-20;2.624179806e-30;training
0;1.178244067e-11;8.404942973e-15;-1.64E-20;-4.15E-30;training
0;2.601165093e-12;8.360150872e-16;-1.14E-20;5.173570858e-30;training
0;1.008666589e-12;2.525638027e-16;-4.88E-21;2.427336763e-31;training
0;1.509769959e-12;2.7498766e-16;-1.56E-20;2.019191951e-29;training
0;2.608577113e-13;5.538262357e-17;-1.26E-21;1.443289567e-30;training
0;4.038618731e-13;7.345222888e-17;-2.14E-21;1.171411009e-30;training
0;4.699735146e-12;4.804602991e-15;-7.44E-22;6.760952472e-32;training
0;9.316266381e-12;3.88906942e-15;-5.49E-20;7.217735719e-29;training
0;1.672244325e-12;1.571820203e-15;1.024104182e-20;1.215019223e-28;training
0;1.974013445e-13;4.55019829e-17;-2.96E-21;4.382101673e-30;training
0;4.316384289e-14;3.304172888e-17;-8.09E-22;1.719859757e-30;training
0;7.850909e-14;2.091993368e-17;-2.05E-21;1.013534605e-30;training
0;6.156090867e-12;1.728461385e-15;-4.46E-20;-5.46E-29;training
0;1.798575706e-12;4.909248083e-16;-1.35E-20;1.530129649e-29;training
0;3.085495392e-12;9.511189856e-16;-2.28E-20;-2.47E-29;training
0;1.767371064e-12;4.895147505e-16;-1.46E-20;1.870380118e-29;training
0;4.59222002e-13;1.101156905e-16;-3.18E-21;3.829958905e-30;training
0;2.894662993e-12;3.181135121e-16;-2.10E-20;-8.19E-31;training
0;2.898633961e-11;2.077418161e-14;-1.07E-19;1.544456569e-28;training
0;3.21277445e-11;2.422516202e-14;-1.07E-19;1.455910779e-28;training
0;2.275768515e-12;1.371162885e-15;-2.36E-21;-4.96E-31;training
0;1.313621111e-13;3.410290121e-16;-1.79E-21;1.471926843e-29;training
0;8.216032718e-11;3.163345663e-14;-8.47E-19;-4.92E-29;training
0;5.325283367e-13;1.213605569e-16;-7.89E-22;1.726119036e-31;training
0;5.044447113e-13;1.640790109e-16;-1.82E-21;-1.11E-31;training
0;2.340829409e-12;4.774722789e-17;-2.93E-20;-1.99E-29;training
0;1.110674119e-11;3.483876765e-15;-8.34E-20;-7.28E-29;training
0;4.470477839e-11;3.819057158e-14;-9.74E-20;-1.43E-28;training
0;3.920842374e-11;3.20387599e-14;-1.02E-19;1.339241788e-28;training
0;5.980678659e-12;2.195176216e-15;-5.84E-20;9.17154367e-29;training
0;1.127459852e-11;5.956878307e-15;-8.03E-20;1.282651752e-28;training
0;1.852198767e-11;2.13159654e-15;-7.34E-19;1.431221241e-27;training
0;4.562636384e-11;1.429710868e-14;-1.27E-18;-3.06E-27;training
0;8.926823221e-12;1.599801863e-15;-2.39E-19;2.801164461e-28;training
0;6.704768012e-11;2.015888372e-14;-1.80E-18;4.7782233e-27;training
0;4.973221041e-11;1.653915371e-14;-1.05E-18;1.788918786e-27;training
0;2.344898674e-12;9.587401848e-16;1.557606017e-19;-3.09E-28;training
0;1.86927848e-12;2.401016639e-17;-1.13E-19;8.037860834e-29;training
0;4.643556514e-12;1.6668262e-16;-2.41E-19;-1.95E-28;training
0;5.452656622e-12;3.393271591e-16;-2.48E-19;-4.08E-28;training
0;1.10303116e-10;4.331903817e-14;-2.51E-18;-6.16E-27;training
0;4.890134171e-11;1.657002485e-14;-1.36E-18;2.797867417e-27;training
0;1.819521366e-11;3.819963326e-15;-6.28E-19;-1.80E-27;training
0;2.024391558e-11;5.774196193e-15;-4.18E-19;3.58349128e-28;training
0;6.806905668e-11;2.66218956e-14;-1.64E-18;-1.37E-27;training
0;7.901912905e-12;1.714627553e-15;-8.25E-20;4.444757363e-28;training
0;2.787412287e-11;1.398730813e-14;-1.55E-19;2.581091431e-29;training
0;3.405558785e-11;5.710256764e-15;-8.23E-19;7.804096839e-28;training
0;4.592176399e-11;3.249491835e-14;-1.48E-19;-9.56E-29;training
0;3.1992075e-12;2.541215739e-15;-3.02E-19;1.929833804e-27;training
0;4.114751525e-11;1.138322966e-14;-7.34E-19;-2.14E-27;training
0;3.18118074e-11;4.500619403e-15;-7.71E-19;4.692726222e-28;training
0;2.255137885e-10;1.72266083e-13;-3.76E-18;1.381350994e-26;training
0;1.081526014e-11;4.156823657e-15;-9.29E-20;4.009513794e-29;training
0;1.521317843e-12;2.806347895e-15;-2.22E-19;-3.17E-27;training
0;1.999695132e-10;1.074550438e-13;-4.09E-18;-2.49E-26;training
0;1.684924699e-10;8.864637197e-14;-3.76E-18;2.668613951e-26;training
0;9.309183648e-12;2.661755977e-15;-1.63E-19;1.237365082e-27;training
0;2.011826409e-11;8.668906109e-15;-1.29E-19;-3.68E-29;training
0;4.493409045e-13;2.347722745e-16;-3.58E-22;-5.11E-35;training
0;7.497262209e-14;1.606631764e-17;-1.15E-22;1.58238991e-35;training
0;6.513317862e-14;1.295587757e-17;-1.03E-22;1.485165269e-35;training
0;2.017651865e-13;2.550764124e-16;-1.38E-25;-8.45E-40;training
0;8.826098996e-13;6.47700959e-16;-3.75E-22;-3.51E-35;training
0;1.051176556e-12;3.827530452e-16;-2.67E-21;-1.88E-33;training
0;2.741031193e-13;1.118611759e-16;-2.86E-22;-4.23E-35;training
0;2.261906163e-13;8.421911007e-17;-2.54E-22;-4.67E-35;training
0;2.709038876e-13;1.104019307e-16;-2.82E-22;-7.17E-35;training
0;8.751472994e-13;6.396715978e-16;-3.76E-22;-8.20E-36;training
0;2.013361065e-13;7.055612858e-17;-2.37E-22;1.005431773e-35;training
0;2.050697249e-13;7.256556791e-17;-2.40E-22;2.727072154e-35;training
0;3.299964858e-13;1.474229985e-16;-3.16E-22;-8.79E-36;training
0;1.351829554e-13;3.889434476e-17;-1.81E-22;2.07876409e-35;training
0;2.070432324e-12;6.361500781e-16;1.017599482e-21;-1.01E-29;training
0;8.206538567e-12;2.71983932e-15;-2.27E-20;-4.72E-29;training
0;6.060312028e-12;2.112724188e-15;-1.56E-20;-4.12E-29;training
0;1.984220817e-12;1.142250775e-15;-2.28E-21;-9.30E-31;training
0;2.531563718e-12;9.472188796e-16;2.027266657e-22;-1.11E-32;training
0;1.313016434e-12;7.537434892e-16;-2.92E-21;-4.54E-30;training
0;4.573247373e-12;1.907247608e-15;-1.34E-20;-4.95E-29;training
0;6.511307299e-12;2.483654983e-15;-1.93E-20;-5.46E-29;training
0;3.998993102e-12;1.287954054e-15;-8.09E-21;-2.63E-29;training
0;2.602497828e-12;8.999169879e-16;-2.14E-20;-1.87E-29;training
0;1.698577028e-11;1.453111808e-14;-3.92E-20;-1.69E-28;training
0;7.012387235e-12;2.389648862e-15;-1.63E-20;-1.02E-30;training
0;2.815201827e-12;3.287078311e-16;-2.24E-21;-2.35E-30;training
0;8.776195199e-12;1.692287062e-15;-2.46E-20;-1.85E-29;training
0;5.658866179e-13;6.742582969e-16;1.34783431e-21;2.510798744e-32;training
0;1.17457497e-12;3.607795591e-15;-2.32E-20;1.97552516e-28;training
0;3.83371122e-16;2.136191778e-20;-5.91E-26;-7.70E-37;training
0;3.691069315e-12;3.163175533e-15;-5.39E-21;-1.59E-29;training
0;4.392775699e-12;3.920622424e-15;-5.98E-21;-2.13E-29;training
0;3.906534192e-11;5.565789134e-14;2.535312998e-20;4.162345723e-28;training
0;1.230278521e-16;7.524739156e-20;-5.17E-27;-2.73E-37;training
0;1.307240425e-12;1.661423048e-15;-1.80E-24;2.702913206e-35;training
0;4.938103299e-12;3.968977408e-15;-5.34E-21;3.619649737e-30;training
0;2.721618275e-12;4.08829731e-15;-4.33E-20;-2.75E-28;training
0;4.655675272e-11;4.966572489e-14;-7.27E-20;-3.88E-28;training
0;2.491812382e-12;9.402791375e-16;-5.19E-21;3.718082847e-30;training
0;3.675163013e-12;1.073896084e-14;-3.14E-20;3.990127614e-28;training
0;1.324638477e-12;9.636064263e-16;-6.43E-21;-1.02E-29;training
0;9.415996314e-13;1.692983828e-17;-6.84E-21;9.96962474e-31;training
0;5.654710847e-13;2.14947394e-16;-1.56E-21;-6.24E-31;training
0;2.666371292e-12;1.447958602e-15;-8.53E-21;-6.25E-30;training
0;2.029638821e-12;8.328455524e-17;-1.35E-20;4.692029552e-30;training
0;4.417893789e-12;9.759482513e-16;-1.78E-20;1.302197893e-29;training
0;5.329994002e-13;5.628073209e-16;-1.35E-20;-3.89E-29;training
0;7.238536919e-12;2.571814588e-15;-2.46E-20;-1.69E-29;training
0;4.740337446e-12;2.134793369e-15;-1.37E-20;-1.04E-29;training
0;4.727875465e-12;2.24207406e-15;-1.67E-20;-1.92E-29;training
0;8.491795284e-12;5.616792269e-15;-1.80E-20;-1.75E-29;training
0;6.573869226e-12;2.90183697e-15;-2.13E-20;2.445444559e-29;training
0;3.112315793e-12;1.249405803e-15;-1.07E-20;-1.23E-29;training
0;1.40061089e-12;1.639284159e-16;-1.00E-20;1.065481335e-29;training
0;2.529551247e-12;1.122333947e-15;-8.79E-21;8.514772951e-30;training
0;1.196539672e-12;1.069020722e-15;2.026056619e-23;-2.56E-33;training
0;1.554162571e-15;5.104421171e-17;-5.73E-24;-3.99E-33;training
0;1.123161784e-13;3.901861324e-17;-7.14E-23;2.41742808e-32;training
0;2.227933534e-15;1.094451966e-18;-3.05E-26;-2.07E-37;training
0;2.152178673e-13;1.434961812e-16;-8.10E-23;-2.34E-32;training
0;3.57822134e-12;3.318609448e-15;-1.89E-22;-2.90E-31;training
0;1.22132728e-13;1.336059309e-16;1.473859255e-23;-3.41E-34;training
0;1.351422853e-12;1.451279066e-15;-2.93E-24;6.364371292e-34;training
0;4.486977631e-13;9.8640382e-17;-1.58E-23;3.994806294e-34;training
0;9.528865267e-13;1.254800321e-15;-5.93E-24;1.745703748e-33;training
0;1.912422082e-13;1.841149415e-16;-1.47E-23;1.82775639e-33;training
0;2.638071116e-13;1.545039444e-16;2.220675349e-24;-1.13E-34;training
0;1.254208734e-12;1.413015244e-15;9.022620938e-24;-7.53E-34;training
0;4.973385681e-13;4.211546046e-16;-1.18E-22;9.560184058e-33;training
0;2.143263065e-11;6.382768897e-15;-3.28E-19;8.213922743e-28;training
0;3.897675496e-11;1.396159211e-14;-5.68E-19;-2.16E-27;training
0;8.927615644e-11;3.681956646e-14;-9.17E-19;-2.93E-27;training
0;3.615136668e-11;1.257064288e-14;-5.01E-19;1.229710247e-27;training
0;3.851690211e-11;1.463759824e-14;-5.19E-19;1.125171854e-27;training
0;1.054169836e-11;3.533757131e-14;2.065751016e-19;1.111551494e-27;training
0;3.355639313e-12;2.878688903e-18;-8.84E-20;-1.48E-29;training
0;4.077164768e-12;8.752724713e-16;-1.17E-19;-2.10E-28;training
0;1.997580209e-11;5.487088732e-15;-3.58E-19;-4.12E-28;training
0;6.501773499e-11;2.648059766e-14;-7.40E-19;-5.55E-28;training
0;1.821843623e-10;1.344171816e-13;-1.08E-18;3.121847006e-27;training
0;1.707224868e-10;9.19154756e-14;-9.95E-19;-2.46E-27;training
0;2.630712416e-11;1.189868346e-14;-3.78E-19;2.542241974e-28;training
0;3.296558775e-11;1.693680035e-14;-4.53E-19;-8.59E-28;training
0;3.34997469e-12;8.783748882e-16;-7.52E-20;3.339154246e-28;training
0;1.822632089e-11;1.642595788e-15;-3.97E-19;1.02307388e-27;training
0;5.454579029e-12;9.737881627e-16;-1.18E-19;4.554480609e-28;training
0;2.560546583e-11;7.070045905e-15;-4.33E-19;2.17438435e-27;training
0;6.097751114e-11;4.504275221e-14;-1.18E-19;2.116803665e-27;training
0;2.239689994e-11;3.093644556e-15;-4.48E-19;1.490838516e-27;training
0;3.463700624e-11;3.77368918e-15;-6.96E-19;7.004962046e-28;training
0;4.262236077e-11;8.607369788e-15;-7.63E-19;-1.05E-27;training
0;6.383821815e-11;2.928912802e-14;-8.49E-19;-3.41E-27;training
0;4.068669141e-11;1.869316607e-14;-5.87E-19;1.820041733e-27;training
0;7.385079279e-11;1.685263743e-14;-1.00E-18;-1.87E-27;training
0;1.900788723e-11;6.895838704e-15;-2.91E-19;1.512678494e-27;training
0;5.694083446e-11;3.521616418e-14;-5.68E-19;9.434573668e-28;training
0;1.48448947e-10;3.285983221e-14;-7.87E-18;9.707610502e-27;training
0;4.436253003e-11;1.037022223e-14;-1.58E-18;-2.58E-27;training
0;5.23780208e-11;1.240459634e-14;-1.85E-18;-2.26E-27;training
0;8.66437139e-10;9.379680384e-13;-2.26E-18;-3.15E-27;training
0;2.335714766e-10;6.54271797e-14;-1.77E-17;3.436641728e-26;training
0;5.965619992e-10;2.985703761e-13;-3.12E-17;-1.30E-25;training
0;1.310456794e-10;5.973647745e-14;-3.16E-18;1.263073341e-27;training
0;1.244676893e-10;5.497132897e-14;-3.08E-18;3.711357177e-27;training
0;8.174266816e-11;2.919649248e-14;-2.38E-18;3.854372374e-27;training
0;2.810279737e-10;1.250535436e-13;-2.56E-17;4.642236131e-25;training
0;1.763277543e-10;5.307322741e-14;-1.15E-17;7.776226448e-26;training
0;1.598501307e-10;6.567800278e-14;-3.83E-18;3.356539904e-27;training
0;1.50908534e-10;6.960880893e-14;-3.52E-18;-5.26E-27;training
0;5.599052866e-11;1.565946117e-14;-1.83E-18;-3.07E-27;training
0;3.326281626e-13;1.23496331e-16;1.321875273e-23;-1.14E-33;training
0;1.497837261e-13;7.212950745e-17;-1.82E-23;-1.39E-33;training
0;1.876682973e-13;1.201794799e-17;1.497849702e-23;-7.40E-34;training
0;1.886226797e-15;7.84260544e-19;-5.78E-26;1.899037624e-36;training
0;5.484114249e-14;2.38394562e-17;-4.72E-23;9.662794059e-33;training
0;7.317341209e-13;1.940765558e-16;-3.08E-22;-2.31E-31;training
0;8.845041203e-15;1.48288347e-17;2.943135615e-24;-1.70E-34;training
0;2.283746682e-14;3.429328632e-16;1.627825195e-23;-1.29E-32;training
0;1.493797334e-14;7.982468994e-17;-1.88E-23;6.717708172e-33;training
0;1.189420157e-13;6.775750501e-17;-1.54E-23;-1.68E-33;training
0;2.328200953e-13;2.280629844e-16;-2.26E-23;1.572606737e-32;training
0;8.422341118e-14;2.325411349e-16;1.760794923e-25;4.402162579e-33;training
0;1.649133595e-14;8.839708426e-17;5.602795869e-24;-2.61E-33;training
0;1.493839048e-13;5.385999133e-17;2.068425215e-23;7.927466209e-33;training
0;1.333965174e-12;1.817133483e-16;-9.59E-21;-4.24E-30;training
0;4.958319952e-12;2.962237389e-15;-2.19E-20;4.702198357e-29;training
0;9.168196551e-12;3.997365921e-15;-3.31E-20;4.525440419e-29;training
0;1.52721317e-11;5.438623892e-15;-3.45E-20;1.731434592e-29;training
0;1.285332012e-11;3.041111825e-15;-3.37E-20;-2.03E-29;training
0;2.415918272e-11;2.280462701e-14;-2.07E-20;6.321849275e-29;training
0;8.05935614e-12;4.544891233e-15;-2.89E-20;5.513547087e-29;training
0;9.312473773e-12;5.855613278e-15;-2.79E-20;5.348758038e-29;training
0;7.185850344e-12;3.53244503e-15;-2.81E-20;4.848804358e-29;training
0;1.784389377e-11;8.872935909e-15;-3.24E-20;-2.83E-29;training
0;6.040091618e-11;7.655036815e-14;2.238289577e-21;7.951885252e-31;training
0;4.418942603e-11;4.509872782e-14;-3.73E-21;6.852197473e-30;training
0;8.085251053e-12;2.97291045e-15;-3.14E-20;3.929350411e-29;training
0;6.419321063e-12;3.675226764e-15;-2.55E-20;5.075795187e-29;training
0;5.589188016e-12;5.027607669e-15;-2.38E-21;-4.22E-32;training
0;4.389360011e-12;3.396019564e-15;-3.29E-21;-3.51E-32;training
0;1.041740088e-11;1.099546451e-14;-1.97E-21;4.931504894e-32;training
0;2.895032684e-11;2.588372063e-14;-3.07E-20;-7.90E-31;training
0;9.829099821e-12;1.098855608e-14;-9.96E-22;3.589633827e-33;training
0;1.296884357e-11;1.684879848e-14;-2.01E-24;2.629987154e-35;training
0;1.058778875e-11;1.200433279e-14;-8.21E-22;1.407454455e-32;training
0;9.571304384e-12;1.04251401e-14;-1.14E-21;3.016263051e-33;training
0;4.664181709e-12;3.809159729e-15;-2.99E-21;-4.93E-32;training
0;5.473059484e-12;4.946207266e-15;-2.28E-21;5.065744994e-32;training
0;8.643968675e-12;8.532515535e-15;-2.56E-21;1.077872264e-32;training
0;9.758943826e-12;1.003483501e-14;-2.25E-21;-6.85E-33;training
0;4.122685399e-11;2.892002369e-14;-1.04E-19;7.923194925e-29;training
0;2.749707039e-11;1.66869069e-14;-1.48E-19;9.64483471e-29;training
0;2.363448555e-11;1.310779995e-14;-1.55E-19;2.186808797e-29;training
0;1.317206898e-11;1.877480027e-14;-4.88E-22;3.32493199e-32;training
0;7.175950087e-11;6.875039784e-14;-6.46E-20;5.915871587e-29;training
0;1.39489217e-10;8.110511543e-14;-1.11E-18;4.679029232e-27;training
0;2.907385889e-11;1.569322714e-14;-1.16E-19;5.456610226e-29;training
0;5.479868683e-11;3.779070389e-14;-1.37E-19;-1.60E-30;training
0;4.591752485e-11;3.078215954e-14;-1.23E-19;-4.35E-29;training
0;6.653788375e-11;6.076600384e-14;-6.59E-20;-5.09E-29;training
0;5.055178191e-11;3.892559164e-14;-1.27E-19;1.292092983e-28;training
0;6.457420314e-11;5.676030598e-14;-8.02E-20;-6.72E-29;training
0;2.608804438e-11;1.72318558e-14;-8.49E-20;7.932580818e-29;training
0;4.398989511e-11;3.16784377e-14;-1.63E-19;1.561736473e-28;training
1;2.124988266e-13;1.06613399e-16;-1.98E-22;1.039430416e-31;training
1;3.492753982e-13;1.120816993e-16;-7.38E-23;2.096500361e-32;training
1;2.719319155e-13;6.403127933e-17;-4.98E-22;2.63417532e-31;training
1;5.558534183e-13;2.496608526e-16;-4.88E-22;2.982338751e-31;training
1;3.518572068e-13;7.504871764e-17;-5.44E-22;2.290665432e-31;training
1;5.309991101e-13;4.369421552e-16;-8.58E-22;-1.69E-30;training
1;1.842190963e-13;1.753669689e-17;-3.06E-22;-8.69E-32;training
1;8.854636824e-13;1.727332562e-16;-6.03E-22;5.1476309e-32;training
1;1.794366533e-12;1.166610239e-15;-3.96E-22;-2.14E-31;training
1;4.129224179e-13;3.251692389e-16;-4.25E-22;8.184487412e-31;training
1;1.057080087e-13;7.578594034e-17;-2.16E-23;7.673615809e-34;training
1;5.550273496e-12;9.038586089e-16;-4.18E-20;-3.21E-29;training
1;3.6979369e-12;2.036965058e-15;-1.43E-20;1.050262679e-29;training
1;3.660062592e-12;1.931323028e-15;-1.37E-20;-1.69E-29;training
1;7.417497204e-12;1.608736064e-15;-3.58E-20;-1.29E-30;training
1;1.470275522e-11;6.608459954e-15;-4.98E-20;-4.27E-29;training
1;1.70415904e-11;8.207147358e-15;-5.22E-20;-4.67E-29;training
1;2.172924695e-11;1.246912543e-14;-5.79E-20;-7.61E-29;training
1;4.205432586e-11;3.983852908e-14;-3.46E-20;-5.36E-29;training
1;4.128313708e-11;3.739813615e-14;-2.50E-20;3.625471273e-29;training
1;1.317047816e-11;4.483328006e-15;-4.00E-20;-3.20E-29;training
1;1.073600436e-11;2.908279444e-15;-4.61E-20;6.153951548e-29;training
1;4.646493688e-12;1.520491172e-15;-2.62E-20;5.300550862e-29;training
1;4.899998815e-11;1.200584136e-13;-2.57E-17;2.148597532e-25;training
1;1.398955407e-09;4.011940814e-13;-1.44E-16;-5.26E-24;training
1;1.284383996e-09;2.928314076e-13;-1.48E-16;-4.99E-24;training
1;1.531986551e-09;3.366384389e-13;-1.67E-16;5.119754157e-24;training
1;4.057141995e-10;1.137263647e-13;-7.91E-17;-2.48E-24;training
1;1.41507744e-10;1.096076607e-13;-4.29E-17;-1.07E-24;training
1;1.819069468e-10;7.220387315e-14;-5.59E-17;2.816464013e-25;training
1;1.775414089e-09;5.084481484e-13;-1.68E-16;-6.02E-24;training
1;3.665744798e-10;3.503613801e-13;-3.65E-17;3.325193791e-24;training
1;4.384858737e-10;1.986407568e-13;-7.76E-17;-3.56E-24;training
1;1.67936717e-09;1.380579815e-12;-1.10E-16;7.954857422e-24;training
1;1.114129339e-09;9.10117567e-13;-6.62E-17;4.542467045e-24;training
1;7.856525146e-14;5.130812625e-17;-1.02E-23;1.589785382e-33;training
1;5.926136786e-14;1.917989921e-17;-9.38E-24;-4.90E-34;training
1;1.283823072e-14;7.979108894e-18;-2.33E-24;-3.09E-34;training
1;7.560797672e-15;1.836696084e-18;-1.70E-24;1.30392208e-35;training
1;1.927976435e-13;6.329054295e-16;-6.69E-21;-9.36E-29;training
1;3.021213473e-12;1.858154464e-15;-4.31E-21;-2.72E-32;training
1;7.115345869e-12;1.508003265e-15;-1.17E-19;-1.95E-28;training
1;1.655089834e-12;1.696996964e-17;-1.10E-20;2.094953846e-30;training
1;4.355359258e-12;7.652247495e-16;-9.72E-20;-2.48E-28;training
1;4.00285117e-13;5.349710803e-17;-1.82E-21;-1.45E-31;training
1;4.417473456e-13;8.24642136e-17;-1.64E-21;-2.00E-31;training
1;7.271634565e-13;4.370559717e-16;8.842613401e-22;1.03039188e-30;training
1;3.176199373e-11;1.028154205e-14;-2.89E-19;-1.70E-28;training
1;3.790051784e-11;1.945338765e-14;-2.94E-19;-4.85E-28;training
1;5.807666807e-14;1.968408795e-16;-3.03E-21;-2.48E-29;training
1;3.121716072e-12;1.800359217e-15;-5.45E-21;2.55227923e-31;training
1;4.38912973e-13;9.358871897e-16;-4.10E-22;2.890885398e-30;training
1;5.071011324e-12;2.161683913e-15;-8.85E-21;9.808760986e-30;training
1;2.085645396e-11;1.30450837e-14;-9.72E-21;5.020690531e-30;training
1;1.59435641e-11;9.611730322e-15;-1.33E-20;-3.05E-29;training
1;7.980595193e-14;5.806106844e-17;-9.04E-22;6.600866648e-32;training
1;9.776524985e-13;4.95532876e-16;-2.21E-21;-3.21E-30;training
1;5.645344576e-12;1.677424665e-15;-7.08E-21;2.749258916e-30;training
1;4.265404253e-12;1.415694215e-15;-6.49E-21;-4.40E-30;training
1;2.495779279e-14;4.601865272e-18;-4.29E-24;9.35631039e-35;training
1;4.28964172e-14;3.387183608e-17;-4.48E-24;3.725970359e-34;training
1;3.027542038e-14;2.169763281e-17;-3.55E-24;-2.81E-35;training
1;3.587972349e-14;1.496792158e-17;-3.56E-24;2.409500156e-34;training
1;1.146089676e-14;3.75863554e-18;-1.67E-24;3.192696116e-35;training
1;4.632688593e-14;1.604949868e-17;-4.82E-24;-2.90E-34;training
1;7.404615141e-14;2.803179891e-17;-1.03E-23;-1.01E-33;training
1;5.071255683e-14;3.317108211e-17;-2.71E-24;-3.32E-34;training
1;2.878935773e-14;1.137871735e-17;-5.09E-24;7.266003408e-34;training
1;2.309803342e-14;1.518736332e-17;-2.71E-24;-2.78E-34;training
1;7.854629517e-14;5.769533235e-17;-2.77E-24;3.701204685e-34;training
1;9.415927179e-14;9.268507558e-17;-3.22E-24;4.880448719e-34;training
1;7.147757228e-11;2.296004673e-14;-2.20E-18;2.611349276e-27;training
1;1.949443594e-10;1.081697996e-13;-3.69E-18;-1.42E-27;training
1;1.846326279e-10;9.42766932e-14;-3.80E-18;-4.55E-27;training
1;8.701285056e-11;3.1533796e-14;-2.50E-18;2.42244278e-27;training
1;7.123002891e-11;2.189606697e-14;-2.19E-18;2.915574254e-27;training
1;1.325036709e-10;5.286844106e-14;-3.37E-18;4.250580092e-27;training
1;1.241877886e-11;1.503136574e-15;-5.66E-19;-3.78E-28;training
1;5.248808542e-10;4.399122753e-13;-4.08E-18;-4.32E-27;training
1;1.299604599e-09;1.72979786e-12;-1.34E-19;1.007739026e-28;training
1;4.217541503e-10;3.002167945e-13;-4.46E-18;-2.55E-27;training
1;6.964412814e-11;2.443769467e-14;-2.01E-18;-9.73E-28;training
1;1.061794195e-10;4.163791008e-14;-2.80E-18;-3.85E-27;training
1;2.276208463e-11;1.570697189e-14;-1.28E-19;-2.39E-28;training
1;1.933057515e-12;1.260706517e-15;-2.24E-21;1.582756872e-31;training
1;6.992590904e-13;2.617205982e-16;-1.46E-21;4.863689904e-31;training
1;4.887906589e-11;3.490892773e-14;-1.29E-19;-1.10E-28;training
1;1.120063004e-11;9.387456379e-15;-9.42E-20;-3.22E-28;training
1;1.024245228e-11;5.624933153e-15;-8.10E-20;-1.16E-28;training
1;9.17978273e-12;5.659156925e-15;-7.80E-20;-1.41E-28;training
1;1.1508761e-10;1.423453248e-13;-1.04E-20;-1.82E-29;training
1;1.707113662e-11;1.142138561e-14;-1.21E-19;2.785840547e-28;training
1;3.038877007e-12;2.543431086e-15;-5.06E-20;2.062601732e-28;training
1;5.184289247e-12;2.177082922e-15;-6.54E-20;-1.57E-28;training
1;3.947173394e-14;9.669289345e-16;2.230063219e-21;-3.78E-29;training
1;8.014631073e-12;5.427863123e-15;-1.00E-20;8.044769086e-30;training
1;2.493553208e-08;3.522028678e-14;2.523991579e-18;4.869326083e-28;training
1;4.088436069e-12;1.970246148e-15;-9.57E-21;8.011659131e-30;training
1;2.49258842e-11;2.857129698e-14;-4.20E-22;5.068411558e-31;training
1;3.415431576e-12;1.662136646e-15;-8.34E-21;6.768606364e-30;training
1;2.61561999e-12;1.245106564e-15;-6.66E-21;5.40613158e-30;training
1;2.940525962e-12;1.194721287e-15;-7.08E-21;4.7952686e-30;training
1;9.272796333e-12;5.378008757e-15;-1.06E-20;3.938599407e-30;training
1;4.574602131e-12;1.449345484e-15;-1.16E-20;-1.46E-30;training
1;1.070564925e-11;8.283556941e-15;-9.71E-21;-8.31E-30;training
1;4.636126085e-12;3.081876947e-15;-5.09E-21;3.399698331e-30;training
1;1.141474234e-11;1.179922803e-14;-4.23E-21;1.433074522e-30;training
1;4.40676825e-10;3.000729708e-13;-2.53E-17;9.84172729e-25;training
1;1.693071359e-10;9.987238596e-14;-1.75E-17;6.236692072e-25;training
1;2.02711413e-10;1.386864558e-13;-1.69E-17;6.900920225e-25;training
1;1.700273646e-09;1.397818147e-12;-4.43E-17;1.527821704e-24;training
1;1.695894952e-10;1.271775718e-13;-8.17E-18;3.982688134e-25;training
1;2.629235571e-10;1.801637304e-13;-1.25E-17;5.027171845e-25;training
1;2.785295411e-10;5.887326693e-14;-2.87E-17;5.697378378e-25;training
1;4.500234862e-10;6.832642333e-15;-3.74E-17;-1.45E-26;training
1;8.170630152e-10;1.218701472e-13;-4.55E-17;6.443675919e-25;training
1;1.201879655e-09;7.750697857e-13;-4.59E-17;-1.43E-24;training
1;2.444046527e-09;2.544916991e-12;-3.94E-17;1.360976244e-24;training
1;1.684054565e-09;1.589551783e-12;-3.87E-17;6.131906292e-25;training
1;1.439983395e-12;4.688492362e-16;-5.42E-21;7.820080269e-31;training
1;6.082544376e-12;3.723636812e-15;-1.08E-20;-3.85E-32;training
1;9.883790126e-12;7.528588244e-15;-1.05E-20;3.362354637e-31;training
1;5.435376718e-12;3.831414393e-15;-6.67E-21;8.212937806e-31;training
1;1.359047836e-12;4.130550839e-16;-5.41E-21;9.186765057e-31;training
1;8.106076149e-13;2.75889652e-16;-3.85E-21;1.064069255e-30;training
1;1.714859303e-12;6.625838606e-16;-6.05E-21;1.130622171e-30;training
1;3.891045982e-12;2.236319179e-15;-6.76E-21;6.871078238e-31;training
1;3.070921184e-13;7.439121008e-17;-1.66E-21;-6.74E-31;training
1;2.714641343e-12;1.319701021e-15;-6.23E-21;-8.00E-31;training
1;5.141283201e-12;3.081126093e-15;-1.07E-20;1.895311859e-30;training
1;4.459219234e-12;2.450150328e-15;-1.01E-20;2.469229116e-31;training
1;5.536691485e-11;2.848374218e-14;-2.20E-18;3.136077565e-26;training
1;2.033679845e-10;3.506977364e-14;-6.61E-18;-1.38E-26;training
1;3.286422262e-10;8.7652316e-14;-8.06E-18;2.239351739e-27;training
1;4.031341537e-10;2.565274929e-13;-7.94E-18;8.930936179e-26;training
1;6.54808852e-11;1.73824038e-14;-3.44E-18;3.353292401e-26;training
1;3.116765644e-11;7.827802848e-15;-2.32E-18;2.415744463e-26;training
1;1.053124383e-10;4.981229061e-14;-4.35E-18;5.873633957e-26;training
1;2.740265964e-10;1.388283251e-13;-7.15E-18;7.380583079e-26;training
1;3.870724375e-10;1.241080564e-13;-9.26E-18;-3.51E-26;training
1;2.561277442e-10;1.015130598e-13;-7.55E-18;-6.63E-26;training
1;6.224942655e-10;5.370784078e-13;-7.50E-18;5.860257248e-26;training
1;5.591560013e-10;4.575616857e-13;-7.88E-18;3.493043017e-26;training
1;1.686636121e-11;5.680910852e-15;-1.90E-19;1.277185378e-28;training
1;7.513542588e-12;2.114247922e-15;-9.68E-20;7.050206406e-30;training
1;2.338115336e-11;9.720562866e-15;-2.14E-19;1.233774247e-28;training
1;5.349355283e-11;2.569803142e-14;-4.23E-19;3.780289294e-28;training
1;4.403075016e-11;2.132596809e-14;-3.38E-19;5.530230498e-29;training
1;8.897465639e-11;6.112510242e-14;-3.59E-19;-9.90E-30;training
1;1.536732776e-11;3.529750914e-15;-2.11E-19;-1.35E-28;training
1;5.065814923e-11;2.464522996e-14;-3.87E-19;-6.84E-28;training
1;3.545816023e-11;1.174164036e-14;-3.52E-19;1.882045402e-28;training
1;3.277648686e-11;1.617180513e-14;-3.06E-19;-4.09E-28;training
1;4.342920479e-11;1.988366323e-14;-3.89E-19;5.351990504e-28;training
1;3.310339235e-11;1.484795373e-14;-3.10E-19;4.020713951e-28;training
