0;0.4639498433;6496.391892;245
0;1.313253012;1436.12844;32
0;0.985;1869.035533;197
0;0.7529069767;10892.44788;260
0;14.14285714;2.898989899;7
0;1.8;663.3333333;28
0;0.725;1020.689655;29
0;0.9571428571;3967.014925;271
0;2.791262136;335.3321739;353
0;0.6202531646;75.7755102;10
0;0.246835443;595.5384615;11
0;6.625;8.452830189;8
0;0.9042553191;2208.447059;81
0;0.7307692308;1272.631579;38
0;1.866995074;173.005277;333
0;6.380952381;992.4850746;128
0;1.691489362;2270.188679;426
0;1;710;33
0;0.641025641;145.08;122
0;2.247572816;3759.611231;574
0;1.375;981.0909091;333
0;3.152439024;1383.056093;240
0;3.852941176;93.17557252;20
0;1.698529412;107.1515152;120
0;4.394736842;646.6826347;191
0;2.047244094;449.3846154;493
0;2.171270718;2048.569975;360
0;0.9387755102;11319;275
0;0.8777292576;8544.776119;200
0;1.982142857;3779.747748;372
0;1.013513514;6677.76;600
0;1.222222222;10657.63636;161
0;1.292857143;4568.950276;561
0;1.611940299;183.6296296;270
0;1.101123596;4433.653061;552
0;1.007462687;3231.881481;542
0;2.385365854;2979.417178;211
0;1.071770335;4773.410714;432
0;0.9470899471;9343.357542;348
0;0.1851851852;18894.6;38
0;1.569444444;904.7787611;144
0;1.789215686;1331.868493;434
0;0.03040540541;24337.77778;16
0;1.373873874;3704.852459;478
0;1.609318996;3250.443207;577
0;0.3004385965;20663.12409;73
0;0.1197916667;10651.82609;28
0;1.2265625;2460.535032;312
0;0.6244725738;196.9662162;590
0;1.109090909;392.2131148;250
0;0.2640586797;17821.7963;241
0;1.74204947;8728.225152;322
0;1.136752137;1092.586466;121
0;1.125628141;3645.964286;399
0;0.3990610329;7171.835294;23
0;1.6;12930.625;746
0;0.9449541284;4033;415
1;3.770491803;3443.582609;129
1;4.243902439;2483.327586;214
1;3.353741497;3931.43002;192
1;6.527272727;407.367688;225
1;3.8125;3483.016393;182
1;6.112244898;588.327212;402
1;2.229050279;352.6165414;378
1;5.474576271;949.1145511;197
1;4.269230769;242.9009009;156
1;5.72;163.8111888;151
1;3.80952381;334.6875;205
1;2.209302326;311.4105263;93
1;2.769633508;3633.332703;197
1;3.767295597;235.9782972;312
1;7.071428571;574.7070707;191
0;1.545741325;3970.910204;241
0;1.152671756;5338.033113;240
0;0.8713968958;7054.19084;241
0;2.015748031;1728.886719;119
0;2.073770492;2960.790514;240
0;2.042553191;4060.114583;179
0;1.147582697;5352.119734;241
0;0.8675496689;7092.389313;240
0;0.712;8665.730337;240
0;0.4822134387;12732.95082;240
0;2.073770492;2960.790514;240
0;0.4822134387;12732.95082;240
0;1.704918033;3598.413462;241
0;1.404494382;4396.6;240
0;0.8908629442;11790.81481;268
0;0.8965517241;5251.230769;196
0;1.131195335;9125.744845;266
0;1.148809524;3363.481865;146
0;1.162576687;9270.78628;270
0;1.157894737;7896.227273;220
0;0.8496583144;12562.69705;270
0;0.7060301508;15143.82918;261
0;0.7914798206;13320.61756;266
0;0.8790322581;12574.05505;271
0;1.144171779;9682.986595;271
0;0.8571428571;12358.5;269
0;1.304347826;8324.466667;270
0;1.262711864;8497.583893;292
0;1.311111111;1321.779661;127
0;1.520900322;2639.226216;254
0;1.014218009;4743.556075;255
0;1.85443038;955.5494881;125
0;1.083056478;4108.742331;256
0;1.130242826;12163.75781;383
0;0.9954545455;1962.922374;128
0;0.6793248945;2533.397516;126
0;0.5870445344;2112.275862;124
0;0.7886597938;4908.326797;254
0;1.720394737;2011.166348;247
0;0.8444444444;4972.5;254
0;1.719101124;2527.48366;254
0;1.730639731;2488.675097;254
0;0.8196721311;7141.88;91
0;6.952380952;824.7534247;81
0;3.111111111;1834.714286;82
0;1.162679426;2526.061728;40
0;1.171568627;4951.481172;82
0;1.055803571;15680;123
0;0.4613003096;4669.409396;45
0;0.18;12038.88889;45
0;0.2215909091;9828.923077;45
0;0.7304347826;8018.511905;91
0;1.369047619;4278.156522;91
0;0.7304347826;8018.511905;91
0;2.314685315;948.2930514;45
0;3.935897436;549.5570033;40
0;1.410714286;393.4177215;20
0;0.6847826087;801.7142857;19
0;0.625;888;19
0;0.95;348.4210526;9
0;0.9295774648;597.0454545;20
0;0.9385964912;2163.869159;30
0;1.833333333;302.7272727;19
0;1.769230769;310.3043478;19
0;1.483333333;374.1573034;20
0;1.075757576;515.915493;20
0;0.9295774648;597.0454545;20
0;1.075757576;515.915493;20
0;0.5975609756;927.1020408;20
0;0.595505618;931.9811321;20
0;0.6575342466;778.6666667;31
0;0.6805555556;1285.714286;103
0;0.6863636364;4952.18543;160
0;1.345794393;581.8125;111
0;0.7569444444;1257.688073;88
0;1.297297297;713.7916667;88
0;0.961352657;190.3567839;329
0;1.041666667;170.88;396
0;1.310541311;135.0586957;322
0;2.194174757;53.32300885;5
0;1.223529412;145.4807692;322
0;0.4618556701;1526.450893;22
0;1.041304348;163.256785;397
0;0.8884210526;208.2345972;285
0;0.8449781659;210.6563307;322
0;0.8701923077;205.7016575;322
0;1.09947644;162.8047619;322
0;0.8701923077;205.7016575;322
0;1.131868132;155.4951456;328
0;1.18961039;149.628821;322
0;3.831775701;1177.521951;80
0;2.909677419;933.0931264;84
0;3.738853503;2399.131175;111
0;0.2475490196;10369.66337;81
0;4.03960396;648.3308824;82
0;0.7837837838;2939.586207;70
0;1.323529412;2033.955556;45
0;2.011494253;1022.622857;42
0;1.218978102;1624.311377;41
0;2.441860465;353.8285714;20
0;2.551282051;781.5678392;41
0;2.1875;3274.057143;65
0;0.8045977011;3248.828571;45
0;0.4637681159;5192.25;43
0;0.3881278539;6093.352941;43
0;0.425;5910.588235;44
0;2.369047619;891.4974874;42
0;0.4444444444;6106.5;45
0;4.150684932;766.8613861;46
0;3.72826087;650.4373178;43
0;1.428571429;128.8;17
0;0.65625;274.2857143;17
0;0.45;400;17
0;1.055555556;166.7368421;8
0;1.076923077;165.2857143;17
0;1.680851064;594.3417722;26
0;2.526315789;71.25;17
0;1.363636364;132;17
0;0.8888888889;199.125;17
0;0.9285714286;191.6923077;17
0;0.7179487179;247.9285714;17
0;0.9285714286;191.6923077;17
0;1.103448276;163.125;17
0;2.0625;85.81818182;17
0;1.222222222;66.27272727;9
0;1.533333333;53.47826087;9
0;1.052631579;78.85;9
0;1.416666667;68.47058824;4
0;1.642857143;49.91304348;9
0;1.482758621;343.9534884;14
0;0.95;87.36842105;9
0;0.652173913;125.7333333;9
0;0.4583333333;172.3636364;9
0;0.6086956522;134.7142857;9
0;1.642857143;49.91304348;9
0;0.6086956522;134.7142857;9
0;2.181818182;38.5;9
0;2.181818182;36.20833333;9
0;3.325153374;30.37453875;9
0;0.6166982922;149.1815385;341
0;0.6090534979;106.722973;4
0;2.441314554;81.92307692;181
0;2;30.5;8
0;1.413427562;713.16;278
0;0.503875969;194.4923077;10
0;0.4864864865;587.8888889;17
0;1.227272727;233.037037;18
0;1.333333333;216;17
0;0.7647058824;189.6153846;9
0;0.7391304348;386.9411765;17
0;1.444444444;648;27
0;0.4821428571;597.3333333;17
0;0.4626865672;618.1290323;18
0;0.5555555556;509.4;18
0;0.7419354839;385.4782609;17
0;1.391304348;205.5625;17
0;1.352941176;211.3913043;17
0;0.9142857143;313.90625;18
0;0.8823529412;320.7333333;18
0;4.272727273;59.44680851;21
0;0.3888888889;635.1428571;21
0;0.1188811189;2102.941176;21
0;1.901408451;84.14814815;9
0;1.5625;135.68;12
0;1.941463415;513.0150754;31
0;8.411764706;29.95804196;21
0;2.268907563;108.862963;21
0;1.388235294;177.9237288;21
0;0.5038461538;500.1526718;21
0;1.688311688;149.2615385;21
0;0.8038461538;313.492823;21
0;1.169312169;216.3665158;21
0;0.7118644068;346.9761905;21
0;0.4827586207;3579.428571;49
0;2.458333333;701.2881356;47
0;2.5;688;48
0;0.7368421053;829.2142857;23
0;0.7169811321;2401.736842;48
0;0.7305389222;6543.114754;72
0;0.4;4300;48
0;0.406779661;4238.166667;47
0;0.6363636364;2723.285714;49
0;1.394736842;1234.641509;48
0;0.7169811321;2401.736842;48
0;1.394736842;1234.641509;48
0;1.055555556;1632.315789;48
0;1.571428571;1102.818182;49
0;1.435294118;203.442623;104
0;1.35978836;473.6031128;121
0;1.042372881;530.5203252;121
0;1.526315789;324.3103448;60
0;1.516129032;321.8723404;120
0;1.528368794;1727.331787;181
0;0.935483871;654.2068966;120
0;0.6730769231;1616.457143;123
0;0.4693140794;1180.446154;120
0;0.6619217082;658.688172;119
0;1.52972973;357.5795053;120
0;0.6537102473;813.8162162;120
0;2.014184397;321.7183099;120
0;2.121212121;367.2428571;121
0;1.804469274;234.9721362;235
0;1.195744681;238.3451957;173
0;0.9067524116;459.8829787;175
0;1.354545455;360.2684564;93
0;1.345794393;243.7222222;223
0;1.366972477;1855.926174;263
0;1.5;325.3333333;176
0;1.14159292;312.7209302;175
0;0.7287234043;279.9416058;45
0;0.71;540.8450704;233
0;1.460093897;310.9389068;236
0;0.6893203883;607.8450704;236
0;1.464864865;219.8154982;160
0;1.450704225;237.1262136;174
0;1.243902439;1053.137255;277
0;0.9953379953;1345.271663;170
0;0.7040816327;1907.449275;193
0;1.597883598;369.8642384;154
0;1.391585761;890.3511628;262
0;1.51986755;2644.96732;216
0;1.48;829.7297297;261
0;1.299319728;955.1151832;250
0;0.825974026;1493.993711;286
0;1.011204482;1225.271468;303
0;1.831746032;753.3795494;267
0;1.106451613;1118.892128;247
0;2.185;595.423341;166
0;1.512396694;883.3661202;112
0;1.230769231;467.1875;27
0;0.84375;670.8148148;26
0;0.7714285714;735;27
0;1.111111111;231.3;12
0;1.153846154;491.4;26
0;1.127659574;1611.301887;40
0;1.423076923;398.4324324;27
0;1.051282051;538.3902439;26
0;0.8378378378;681.516129;27
0;0.8666666667;654.2307692;26
0;0.8571428571;661.5;26
0;1.066666667;531.5625;26
0;1.071428571;531.0666667;26
0;0.9032258065;632.1785714;27
0;1.145021645;10901.97732;190
0;2.891089109;1609.082192;88
0;1.4075;8890.941385;190
0;1.792349727;3286.746951;94
0;1.612359551;7732.766551;189
0;1.079429735;34796.15094;294
0;0.7104795737;17612.0475;190
0;0.3453608247;35921.85075;178
0;0.3725135624;33319.59223;179
0;0.6202090592;20102.89888;189
0;1.528089888;8134.338235;179
0;0.6544117647;18994.1573;179
0;2.092664093;5926.416974;180
0;2.684466019;4624.01085;179
0;0.9750479846;1481.978346;384
0;1.194835681;1213.555992;385
0;1.199507389;1246.344969;384
0;1.157657658;801.618677;150
0;1.186635945;1220.256311;383
0;0.8817567568;2344.183908;191
0;0.7179487179;2050.285714;437
0;0.5195035461;2766.102389;249
0;0.8188976378;1762.125;412
0;0.9333333333;1556.785714;383
0;1.195372751;1209.664516;379
0;0.8594059406;1683.721198;383
0;1.095360825;1319.2;383
0;0.9855769231;1466.146341;383
0;1.519572954;127.6674473;239
0;1.009876543;190.1222494;239
0;0.8179669031;229.8381503;239
0;1.75;89.71428571;110
0;1.774058577;107.6627358;239
0;0.6885245902;1201.119048;239
0;1.143243243;164.4444444;239
0;0.9551886792;201.0074074;239
0;0.8063063063;235.6424581;222
0;0.5636792453;338.8451883;239
0;1.288753799;148.2051887;239
0;0.7570754717;252.2866044;239
0;1.583333333;122.5263158;239
0;1.240223464;153.1981982;222
0;1.074074074;546.5172414;26
0;3.322580645;175.4660194;26
0;3.620689655;162.4;26
0;1.055555556;223.5789474;12
0;1.076923077;545.0714286;25
0;1.936170213;876.989011;40
0;1.037037037;567;26
0;1;583;26
0;0.9642857143;611.8518519;26
0;0.9285714286;632.1538462;25
0;0.5490196078;1069.178571;25
0;2.035714286;288.3508772;25
0;2.115384615;279.3818182;26
0;2.962962963;199.125;26
0;2.705882353;214.3478261;27
0;0.3556701031;1647.594203;26
0;0.3373493976;1734.107143;27
0;1.477272727;171.9384615;13
0;1.543209877;379.08;26
0;1.264516129;1428.214286;42
0;3.156862745;185.6273292;27
0;2.763636364;212.0394737;26
0;1.763157895;333.4925373;27
0;0.648;902.7777778;26
0;1.543209877;379.08;26
0;0.5704225352;1025.555556;26
0;1.295081967;454.0253165;26
0;0.59375;990.3157895;27
0;1.406130268;603.0735695;33
0;1.191082803;712.7967914;32
0;0.8074074074;1041.605505;32
0;1.989247312;209.627027;15
0;2.051136364;413.9168975;33
0;2.018382353;1420.939891;50
0;1.23853211;679.837037;32
0;0.8395721925;1011.229299;32
0;0.4861460957;1756.673575;32
0;0.487534626;1741.414773;33
0;2.051136364;413.9168975;33
0;0.487534626;1741.414773;33
0;2.947368421;287.0357143;32
0;2.056994819;415.1687657;32
0;0.3439716312;1116.371134;98
0;1.290322581;306.125;98
0;1.495412844;258.791411;98
0;0.8888888889;576;47
0;0.6447368421;604.8979592;97
0;0.656779661;3807.974194;147
0;0.8834355828;438.0625;98
0;0.4460431655;885.5645161;98
0;0.984962406;388.8473282;98
0;1.551020408;251.4473684;97
0;0.6447368421;604.8979592;97
0;1.551020408;251.4473684;97
0;0.8432835821;462.4778761;98
0;1.015267176;377.2406015;98
0;2.201438849;949.379085;128
0;0.8350515464;7707.308642;255
0;0.6228668942;10379.42466;255
0;2.221428571;1061.028939;29
0;2.128787879;3245.508897;264
0;2.508474576;6529.466216;91
0;1.680628272;1204.311526;127
0;1.12345679;1939.549451;29
0;0.8411552347;2393.137339;21
0;0.4335443038;4541.635036;29
0;2.128787879;3249.736655;264
0;0.5620689655;11356.25767;256
0;1.537037037;4136.53012;61
0;0.9614395887;5852.681818;59
0;1.183783784;547.3972603;223
0;0.9208633094;704.7734375;217
0;1.176470588;551.65;198
0;1.790940767;231.1634241;111
0;0.6339285714;1019.042254;198
0;0.9703264095;2603.247706;213
0;0.8843283582;732.7594937;201
0;0.954887218;681.7559055;194
0;0.7587548638;850.0769231;141
0;1.861386139;347.0531915;258
0;0.8912133891;723.7323944;159
0;2.061032864;313.4350797;199
0;2.297169811;280.3449692;191
0;0.6890080429;931.7743191;223
0;2.106666667;196.9936709;201
0;0.9916666667;908.5714286;331
0;1.191489362;748.6428571;332
0;0.5702479339;1202.985507;128
0;0.5602536998;1609.984906;264
0;1.002352941;4005.575117;405
0;0.8826530612;1011.722543;332
0;1.546052632;267.7787234;201
0;1.147138965;362.6413302;202
0;0.5601851852;712.2644628;202
0;1.785123967;231.3564815;202
0;0.5614849188;724.8636364;202
0;0.6545064378;1367.442623;331
0;0.7892271663;1136.554896;331
0;1.541176471;1785.648855;224
0;1.177664975;1960.659483;222
0;1.035;941.0628019;109
0;2.033898305;766.0166667;112
0;2.055793991;1219.966597;223
0;2.033898305;1805.4;169
0;0.9708737864;2410.2;222
0;0.7088607595;3241.821429;222
0;0.7004132231;3309.474926;222
0;0.4864300626;4896.901288;222
0;1.616724739;1415.825431;222
0;0.6353211009;3539.942238;221
0;2.248091603;1106.271647;223
0;1.791208791;736.9325153;112
0;1.67844523;6644.244211;216
0;0.3849765258;5979.585366;73
0;0.5526315789;7306.857143;107
0;1.45;7505.517241;216
0;1.439834025;6938.994236;159
0;1.648648649;6925.065574;218
0;1.557971014;7441.088372;218
0;1.313664596;8531.858156;216
0;0.6853448276;15498.7673;213
0;1.459119497;7427.081897;215
0;0.7008928571;15744.20382;215
0;0.995049505;11067.79104;215
0;0.6545064378;17457.42951;217
0;1.067010309;19903.27536;332
0;0.8947368421;7137.294118;185
0;0.8641686183;23636.59079;339
0;1.224376731;17165.46833;331
0;1.250922509;12424.43068;274
0;0.981981982;21690.82569;378
0;1.153439153;5730.688073;180
0;0.9850746269;6311.19697;175
0;0.7664543524;28189.54571;333
0;1.308333333;16339.87261;332
0;0.7643312102;27760.21667;332
0;1.364902507;15458.97959;393
0;1.025252525;6223.832512;177
0;0.5909090909;7918.307692;140
0;1.298701299;3605.14;139
0;1.633507853;2869.897436;139
0;0.5535714286;3650.83871;69
0;0.5412844037;8651.644068;139
0;0.6673346693;21846.60961;210
0;0.6102236422;7680.790576;139
0;0.7356687898;6364.277056;139
0;0.9087719298;5147.606178;139
0;1.847457627;2534.834862;139
0;0.5412844037;8651.644068;139
0;1.847457627;2534.834862;139
0;0.8085808581;5794.102041;139
0;1.104247104;4239.087413;139
0;1.011320755;5475.018657;209
0;1.095435685;4970.625;238
0;1.133333333;4770;209
0;1.223628692;4810.282759;236
0;1.228813559;4450.634483;209
0;1.228169014;10911.36468;311
0;0.8407407407;6427.665198;238
0;1.048;5083.015267;237
0;0.8545454545;5975.106383;236
0;0.8194444444;6267.661017;236
0;1.221276596;12896.34146;416
0;0.8137931034;6559.40678;208
0;1.310502283;4044.250871;235
0;1.170212766;4491.490909;236
0;0.6666666667;13063.5;110
0;2.114942529;1335.733696;54
0;3.237288136;869.8638743;54
0;0.5988372093;5437.203883;54
0;0.6936936937;12540.11688;109
0;0.5984251969;12424.27632;82
0;0.3036649215;9276.672414;54
0;0.472826087;6002.206897;54
0;0.6181818182;4555.294118;54
0;1.632352941;5329.117117;109
0;0.6126126126;14199.83824;109
0;1.441558442;6034.441441;109
0;0.9847094801;8819.860248;110
0;1.161585366;7493.207349;110
0;2.42;2836.77686;95
0;2.429292929;8078.482328;191
0;2.469387755;6275.644628;143
0;0.417721519;46947.54545;191
0;1.979423868;9914.50104;191
0;0.5343035343;36730.05837;191
0;1.168776371;2251.927798;237
0;1.021978022;2628.236559;182
0;0.8631578947;2691.280488;181
0;1.45;2125.517241;181
0;1.451612903;1915.111111;182
0;1.45398773;5158.227848;273
0;1.085820896;2460.810997;239
0;1.066502463;4375.048499;361
0;0.733974359;3787.598253;182
0;0.7055016181;3862.5;182
0;1.456221198;1917.291139;183
0;0.6888888889;3970.16129;182
0;1.713513514;1607.223975;182
0;1.346491228;1880.442997;181
0;0.9852071006;1560.078078;276
0;0.6115288221;1752.983607;232
0;0.7715053763;1208.027875;233
0;0.8288288288;2263.434783;264
0;0.836858006;1374.187726;243
0;0.848;5180.424528;397
0;1.357638889;920.7161125;249
0;1.831818182;550.2729529;202
0;1.531598513;778.9247573;244
0;1.225092251;913.4006024;244
0;0.8343373494;1292.043321;244
0;1.286821705;859.4819277;243
0;0.7448979592;1784.136986;244
0;0.7019704433;1830.561404;244
0;1.370044053;1697.025723;125
0;1.390350877;1435.608833;123
0;1.051792829;2208.609848;124
0;1.871657754;1140.7;124
0;1.855123675;4271.952381;186
0;0.9267399267;2274.640316;124
0;0.7042682927;24.13852814;2
0;0.511299435;4379.038674;124
0;0.5342857143;3995.989305;124
0;1.88172043;1104.84;123
0;0.5342857143;3838.770053;123
0;2.694029851;844.4598338;125
0;2.304635762;964.5775862;124
0;0.7773972603;1574.484581;235
0;1.14516129;1212.056338;207
0;1.271929825;1026;209
0;0.9114391144;1699.510121;226
0;0.9304029304;1460.65748;213
0;0.9343065693;4478.1875;358
0;0.7929824561;1409.867257;205
0;0.8763250883;1500.584677;207
0;0.9578544061;1160.928;202
0;1.079365079;1137.705882;212
0;0.9264705882;1447.428571;212
0;1.075098814;1198.029412;242
0;1.070539419;1283.465116;210
0;1.035714286;1260;207
0;1.502673797;1785.483986;145
0;1.130630631;2463.227092;146
0;0.7906976744;3193.382353;144
0;1.804733728;1938.236066;145
0;1.808383234;1470.374172;145
0;1.816;4512.114537;218
0;1.220588235;2109.638554;145
0;0.8482490272;3678.165138;147
0;0.6643835616;4277.649485;145
0;0.5511551155;4720.994012;145
0;1.782352941;1598.448845;146
0;0.5577557756;4552.171598;145
0;1.941935484;1432.591362;146
0;1.487046632;1675.132404;144
0;2.13;1363.380282;40
0;1.269035533;2303.324;39
0;1.076190476;2701.19469;39
0;3.896551724;304.3716814;19
0;4.479166667;649.6744186;39
0;2.364285714;3718.670695;60
0;1.37254902;2117.957143;39
0;1.01025641;2893.324873;39
0;0.7570093458;3848.037037;39
0;0.223255814;13034.375;39
0;1.580882353;1840.744186;39
0;0.6325581395;4600.367647;39
0;2.018348624;1442.268182;40
0;1.524691358;1910.550607;39
0;0.859375;3914.472727;144
0;0.6408839779;5233.396552;143
0;0.8541033435;3949.170819;144
0;0.6279069767;2162.740741;71
0;0.6119402985;5484.195122;143
0;0.6183953033;16022.11392;216
0;1.170818505;2884.306991;144
0;1.560344828;2149.524862;143
0;2.214285714;1517.419355;143
0;1.634146341;2053.671642;143
0;0.6119402985;5484.195122;143
0;1.634146341;2053.671642;143
0;0.426183844;7865.150327;144
0;0.6317204301;5323.557447;143
0;1.494699647;8385.631206;185
0;0.9922077922;12261.5445;186
0;1.040106952;9627.856041;183
0;1.984615385;7269.418605;189
0;1.974619289;5115.416452;183
0;1.942567568;16022.09391;282
0;1.24702381;9767.25537;189
0;1.08310992;11406.04455;186
0;0.8201438849;14908.35965;189
0;0.5064267352;24123.92386;189
0;1.484732824;8295.095116;185
0;0.6735218509;18149.37405;189
0;1.384057971;6569.811518;181
0;1.103550296;10850.43432;191
0;0.9398496241;13989.472;336
0;1.136645963;3820.89071;162
0;0.9219512195;14339.15344;319
0;1.25;3694.4;158
0;1.257668712;10548.0878;335
0;1.24291498;8423.745928;216
0;0.8782051282;15225.37226;320
0;0.9301675978;13978.12613;334
0;0.859375;5044.363636;166
0;0.7907542579;16384.35692;335
0;1.242331288;10539.05679;332
0;0.7926829268;16302.86154;334
0;1.294478528;9961.540284;335
0;1.233532934;3390.262136;169
0;2.12;218.3962264;25
0;2.472727273;186.4338235;24
0;2.3;201.3043478;24
0;0.9444444444;219.1764706;12
0;1.32;350;24
0;2.543478261;576.7692308;37
0;1.538461538;300.95;24
0;1;461;24
0;0.65;709.2307692;25
0;0.7575757576;609.84;24
0;0.3666666667;1260;24
0;2.727272727;169.4;24
0;3.28;141.4634146;25
0;2.974358974;154.9913793;25
0;0.932735426;3998.990385;357
0;0.9752252252;3815.528868;358
0;1.022522523;3550.044053;358
0;0.9130434783;2038.238095;167
0;0.912195122;3619.839572;363
0;0.9093851133;4558.024911;244
0;0.9867256637;3823.757848;357
0;0.9845474614;3812.919283;360
0;0.9809069212;3647.644769;356
0;1.108108108;2896.829268;363
0;0.9073170732;3684.489247;363
0;1.114130435;2918.868293;363
0;1.061827957;3697.397468;367
0;0.9275362319;4095.796875;360
0;0.6682926829;6494.160584;156
0;1.068376068;4763.304;241
0;2.274725275;33.41062802;6
0;0.5833333333;7191.428571;259
0;0.5025;5524.378109;209
0;0.5520833333;17790.79245;219
0;0.5987654321;195.4020619;38
0;0.9195710456;527.4198251;37
0;2.314720812;903.7807018;189
0;1.784;2993.273543;223
0;0.5608108108;9632.481928;223
0;1.432835821;1290.447917;209
0;0.5573394495;9918.55144;209
0;0.8227146814;3523.700337;149
0;1.311355311;2207.639665;83
0;1.421245421;2100.270619;149
0;1.128289474;2735.113703;149
0;1.955882353;1801.233083;149
0;2.011299435;1415.502809;149
0;1.916996047;3627.550515;230
0;1.213709677;2494.830565;125
0;0.8463949843;3175.822222;149
0;0.6461988304;4463.022624;148
0;0.5454545455;5032.5;149
0;1.960591133;1515.869347;149
0;0.5451977401;4944.994819;148
0;2.518987342;1241.768844;126
0;1.466367713;1854.24159;154
0;1.167002012;365.8948276;384
0;0.456043956;929.7349398;248
0;1.029023747;420.7871795;322
0;2.264900662;100.6666667;6
0;1.227488152;316.0926641;220
0;0.977412731;2094.304622;469
0;1.294573643;333.7005988;335
0;1.087209302;390.9090909;371
0;0.8817427386;484.2682353;356
0;0.9002320186;473.2113402;257
0;1.110824742;387.099768;306
0;0.8354755784;464.4061538;327
0;1.197560976;359.898167;307
0;0.6866666667;613.1067961;271
0;1.254480287;7423.791429;263
0;0.8379746835;11075.5136;263
0;0.8151041667;11448.84345;263
0;1.132867133;9380.623457;263
0;1.119298246;8233.730408;269
0;1.215277778;19955.93143;395
0;1.256329114;7531.465995;263
0;1.218461538;7773.737374;264
0;1.189440994;7818.798956;263
0;0.9038461538;10066.97872;263
0;1.164912281;8089.879518;263
0;0.8223495702;11203.26481;263
0;0.9465875371;9942.028213;263
0;0.8571428571;10917.66667;263
0;1.74015748;5403.533937;220
0;1.214899713;7623.674528;219
0;1.157181572;7589.992974;236
0;1.625531915;5712.591623;238
0;1.188953488;18653.37897;328
0;1.169435216;7898.684659;237
0;1;9572;220
0;0.7994579946;11587.85085;237
0;0.5827160494;15846.48305;238
0;1.590038314;5861.493976;241
0;0.5636792453;16204.25105;219
0;1.519230769;6245.924051;255
0;1.206521739;7455.315315;237
0;0.9029411765;45777.0684;236
0;1.011764706;11559.01163;117
0;1.104938272;10558.96089;117
0;0.748603352;16683.06716;117
0;0.8481375358;48742.09459;236
0;0.7481203008;37882.94472;176
0;1.038461538;11231.03704;117
0;1.240875912;9426.405882;117
0;1.262773723;9258.190751;117
0;1.199312715;34469.74212;236
0;0.7346437346;56272.17391;236
0;1.346153846;8650.571429;117
0;0.7028571429;16622.15447;117
0;0.8901734104;13134.51948;117
0;0.9860383944;961.4230088;563
0;0.8069852941;1178.460137;401
0;1.220302376;633.4495575;465
0;2.837398374;254.8108883;11
0;0.9198473282;842.5311203;479
0;1.019569472;5744.581574;493
0;1.086872587;736.9769094;485
0;0.8721973094;834.6735219;356
0;1.021818182;894.4839858;539
0;0.8163265306;661.5;224
0;1.033203125;903.9848771;489
0;0.8546409807;1096.366803;464
0;0.9459962756;983.0905512;507
0;1.045081967;686.0705882;333
0;0.4352941176;7291.621622;71
0;0.91184573;3596.003021;89
0;1.408906883;2334.433908;95
0;0.2232142857;18775.68;88
0;0.2519480519;12462.8866;79
0;0.154109589;37570.66667;38
0;0.6080508475;5351.526132;80
0;0.7770700637;4061.409836;39
0;0.8574468085;3705.186104;72
0;5.090909091;630.1428571;74
0;0.2142857143;14924;79
0;4.536842105;694.7563805;73
0;0.3156682028;10244.93431;79
0;0.587654321;5544.07563;86
0;0.8362068966;1133.690722;64
0;0.6183206107;1575.234568;64
0;2.652777778;419.5602094;65
0;2.401785714;1678.334572;98
0;1.934782609;526.6741573;65
0;1.119266055;898.8032787;65
0;0.7197452229;1439.39823;65
0;0.426035503;2396.513889;65
0;2.1;457.6190476;64
0;0.4893617021;1910.652174;63
0;1.8;600;66
0;1.36440678;809.8757764;66
0;4.696428571;673.0646388;36
0;0.9948717949;3664.793814;39
0;0.7478632479;5165.382857;41
0;4.571428571;287.21875;19
0;5.14;627.8210117;36
0;4.898734177;1973.979328;55
0;2.211864407;1449.455939;36
0;1.266666667;2753.684211;38
0;0.7524271845;4411.058065;37
0;0.2040816327;15484;36
0;5.039215686;678.8754864;37
0;0.1945525292;16633.04;36
0;2.725663717;1081.204545;34
0;1.309859155;2798.010753;40
1;2.603658537;1075.025761;36
1;0.8902743142;5700.490196;135
1;1.10626703;3197.238916;57
1;8.381818182;396.9305857;42
1;1.368821293;2467.086111;57
1;1.122562674;4500.416873;135
1;0.1344902386;24254.54839;40
1;7.435483871;448.659436;39
1;0.135371179;24672.90323;42
1;1.898230088;2641.407925;50
1;1.197530864;1305.185567;22
1;2.231707317;2868.20765;44
1;1.235521236;4611.009375;42
1;0.8043478261;6816.702703;41
1;6.265625;929.0374065;41
1;1.296;4652.006173;44
1;0.80625;7488.992248;41
1;0.5;12412;42
1;0.1658291457;36839.12121;46
1;6.206349206;964.3350384;44
1;0.1620253165;36056.09375;41
1;3.989361702;1562.405333;41
1;2.027173913;3024.900804;43
1;2.22972973;18813.04242;123
1;1.107981221;36793.04237;124
1;0.9652351738;43226.77119;125
1;3.819548872;10945.27165;127
1;1.550955414;26860.21766;122
1;1.127659574;37027.13208;124
1;0.7990762125;52349.19942;125
1;0.2618110236;159638.0451;125
1;3.834586466;10957.89608;123
1;0.2618110236;159725.8947;126
1;2.029411765;20566.55072;122
1;1.238372093;33859.77465;126
1;3.344537815;123.4849246;36
1;0.2994923858;1202.033898;35
1;1.430656934;318.0357143;36
1;0.6892230576;605.0290909;21
1;1.125319693;4652.9;121
1;1.579710145;1145.779817;53
1;0.8528735632;5523.679245;120
1;1.544169611;3240.576659;120
1;0.9780701754;5197.991031;120
1;0.6396396396;3300.295775;49
1;0.4549356223;4211.584906;49
1;0.647597254;7598.858657;120
1;2.526011561;1880.038902;120
1;0.3967889908;11777.04046;120
1;1.679180887;2709.058943;119
1;2.198113208;888.944206;46
1;0.8632478632;2664.356436;301
1;0.9435215947;2204.507042;284
1;1.074733096;1993.983444;281
1;1.092409241;2243.664653;302
1;3.243697479;476;89
1;0.3031088083;4694.683761;90
1;3.676190476;406.126943;89
1;0.2901554404;4990.428571;90
1;1.761658031;702.7470588;50
1;0.9226006192;1364.620805;37
1;0.748603352;1640.38806;65
1;2.005555556;600.33241;51
1;1.225409836;906.6354515;80
1;1.268774704;923.7258567;39
1;0.904109589;1469.954545;82
1;0.4136904762;2929.726619;52
1;2.614285714;501.4754098;36
1;0.3839779006;3119.971223;51
1;1.846153846;689;22
1;1.24535316;1037.456716;81
1;1.112149533;9621.008403;145
1;1.127272727;9110.483871;218
1;0.9406779661;11105.81982;144
1;1.031674208;10320.11842;145
1;1.089686099;9730.325103;145
1;0.8991935484;11849.50673;219
1;0.876984127;12062.93213;145
1;0.7229437229;14460.32335;143
1;1.031818182;10198.5022;144
1;0.9649122807;10843.47273;144
1;1.229166667;8369.084746;143
1;1.159090909;9003.607843;144
1;2.070422535;1764.857143;70
1;1.460992908;1018.485437;27
1;1.17032967;1356.028169;26
1;5.030927835;739.625;70
1;1.172307692;3324.212598;70
1;0.7002457002;5225.308772;70
1;0.4368070953;8225.598985;70
1;0.196969697;18180.46154;69
1;4.088709677;994.6903353;71
1;0.1996047431;19578.69307;71
1;4.88;754.5081967;70
1;2.38071066;1563.398721;71
1;4.490196078;1008.641921;39
1;0.8356741573;8394.420168;93
1;1.00952381;4499.150943;39
1;6.863636364;668.3046358;40
1;2.072815534;2124.64637;43
1;1.253333333;3388.56383;42
1;0.7669376694;5435.904594;41
1;0.1456953642;30858.90909;42
1;6.863636364;675.2980132;42
1;0.1434878587;31960.89231;41
1;2.450777202;1540.735729;38
1;1.296928328;3126.618421;41
1;2.911949686;9780.045356;118
1;1.128342246;25448.83886;117
1;0.8932714617;32131.32987;118
1;3.44;8243.313953;117
1;1.632411067;17363.8862;116
1;1.153374233;24740.45213;118
1;0.786259542;36466.3301;117
1;0.288372093;97946.37097;116
1;3.44;8267.732558;116
1;0.2913752914;97341.816;117
1;1.876106195;15309.90094;117
1;1.320689655;21420.62663;116
1;7.324675325;280.8315603;35
1;1.746212121;1196.876356;35
1;1.516129032;1412.808511;36
1;5.37962963;336.2685026;33
1;2.778947368;760.719697;36
1;1.441717791;1552.314894;35
1;0.9099307159;2319.956853;57
1;0.1846153846;10140;34
1;5.310679612;381.11883;34
1;0.1876075731;9951.623853;34
1;2.080508475;1061.279022;35
1;1.183673469;1873.827586;36
1;3.555555556;4629.375;93
1;1.137349398;13714.34322;93
1;1.092857143;14556.33987;93
1;3.627586207;4447.034221;93
1;2.629807692;6167.371115;94
1;1.619808307;10236.39645;93
1;0.9898734177;17017.32737;94
1;0.2756653992;58545.61379;92
1;3.538461538;4735.673913;95
1;0.2802101576;58081.40625;93
1;1.683274021;9639.547569;94
1;1.020833333;16180.89796;98
1;1.478448276;4003.521866;80
1;1.591489362;3675.802139;80
1;1.19047619;4723.32;79
1;2.818181818;2338.032258;81
1;0.8698412698;7039.215328;81
1;0.4957746479;12511.73295;81
1;0.3268292683;19288.35821;80
1;0.3523573201;18316.6338;82
1;2.858156028;2242.354839;81
1;0.3523573201;18191.76056;81
1;4.21;1558.669834;81
1;3.090225564;2035.450122;81
