0;322.6430336;0.861235568;5.908469076;test
0;71.87149688;1.779098763;8.634827266;test
0;267.2912276;0.607978056;4.152633341;test
0;286.4433308;0.833267659;6.202941274;test
0;13.46027837;-0.789498924;1.429743482;test
0;77.9684267;0.415487703;2.772514747;test
0;63.93189127;-0.495103043;1.469367441;test
0;230.0041223;0.442711942;3.824245577;test
0;447.9444647;1.174141548;5.995575969;test
0;220.1938878;-0.694071235;1.428212429;test
0;341.7097211;-0.558058981;1.411473468;test
0;38.24234747;-0.527639997;1.618107712;test
0;89.96916572;0.304723439;3.829985059;test
0;92.04563939;1.007125178;4.826925495;test
0;642.7870838;0.288838788;2.816381578;test
0;105.6770225;4.397389616;29.21238882;test
0;184.5956322;2.290190284;15.53537109;test
0;73.15806876;-0.371097019;1.544104135;test
0;347.0965712;-0.593414604;1.474493712;test
0;105.6905239;5.693638237;47.33873781;test
0;356.8852677;1.760824168;9.190733381;test
0;171.2940224;4.488755619;31.85925762;test
0;173.7811215;0.670366385;3.406390844;test
0;239.5360128;-0.631256162;1.499784025;test
0;201.8617937;2.040445836;10.14513929;test
0;617.9274578;0.276945965;3.420408122;test
0;119.0589465;3.148336549;21.08430388;test
0;178.9761164;1.848076102;14.18042704;test
0;189.2010005;-0.127919039;2.911540076;test
0;151.8122096;3.12980562;21.44373031;test
0;182.1786696;1.710501446;12.80127105;test
0;112.1209593;0.265092011;3.822392959;test
0;220.3263189;0.966730759;8.118207135;test
0;509.1254371;-0.705553344;1.381557442;test
0;192.7229339;1.304191191;9.297579705;test
0;210.643456;0.507223835;4.60409148;test
0;187.0403094;3.4800702;24.7643102;test
0;360.3775778;0.487913516;5.644961974;test
0;255.66489;0.759721438;5.40258345;test
0;190.7267324;-0.637044943;1.651932134;test
0;194.0816325;0.865402274;4.918429846;test
0;194.1821571;1.833382414;10.48935796;test
0;409.7071735;-0.537720348;1.468158927;test
0;200.914545;0.954740167;7.06897987;test
0;243.9558668;2.508235709;18.78435408;test
0;245.5463531;1.836939918;14.28166824;test
0;419.5040455;-0.085856969;2.15470781;test
0;296.4246308;0.469753192;4.451628383;test
0;644.1298221;-0.885169351;1.442331503;test
0;185.5688783;-0.267689815;1.596175163;test
0;261.2213911;1.147048536;7.585419595;test
0;173.1451602;3.480811404;27.92943758;test
0;164.8147953;0.596923683;3.877000682;test
0;172.1603246;0.835987995;6.186163168;test
0;206.3363187;-0.822079502;1.520732822;test
0;142.1601469;5.5122341;57.91463287;test
0;203.3535518;0.471677478;3.893606472;test
1;80.40351191;6.504414366;58.05910389;test
1;78.72099114;8.020822849;91.12879707;test
1;76.90359874;9.109385001;119.6806535;test
1;72.12715509;6.510103619;61.86437146;test
1;102.8133494;5.49505283;45.38157408;test
1;108.1131972;6.823273527;64.167155;test
1;269.5839742;1.236201786;6.396992539;test
1;54.26980558;6.314062601;53.7627128;test
1;177.9978875;2.493390772;12.36630711;test
1;254.6324026;2.469559814;11.86424062;test
1;188.5139135;3.073981325;17.76839883;test
1;123.403724;1.559754322;7.230163962;test
1;117.1242628;6.322448293;59.12009645;test
1;305.9055775;2.030883082;8.806342408;test
1;100.8921126;6.418764376;59.14979711;test
0;99.22625932;7.985221191;93.03393838;training
0;97.84128329;7.054159747;76.75257293;training
0;104.7799312;6.559489262;69.03811853;training
0;75.21745852;5.203297446;42.59141482;training
0;89.76336729;8.342639232;97.9060551;training
0;69.10062942;7.876675925;87.91253655;training
0;139.9101886;5.736206297;61.65680818;training
0;276.7913108;1.547042638;12.98040873;training
0;311.0296097;2.23922039;19.40778188;training
0;186.9879146;2.491294953;16.23279887;training
0;92.17334176;6.122473947;51.66521473;training
0;194.579611;2.155641228;13.00586347;training
0;87.08502212;8.330118336;98.74334681;training
0;93.72701985;7.505877808;84.23990206;training
0;206.6846054;3.311679086;28.82023206;training
0;131.0981856;2.123701911;15.79929871;training
0;133.0540331;3.677010621;26.74618516;training
0;129.1070173;0.813199382;6.108795099;training
0;227.0508111;1.247678004;10.03581646;training
0;173.8934435;0.974945182;7.338213527;training
0;169.7323051;3.290236038;24.22824904;training
0;112.3109335;3.628285613;28.44018263;training
0;145.9910407;1.867620499;13.41676545;training
0;135.6856021;5.412824825;54.1062746;training
0;224.7479357;1.925264522;17.17812778;training
0;138.2188253;4.410480948;34.50403985;training
0;204.9963039;2.152792599;16.09510826;training
0;179.2466482;2.625258172;19.07045049;training
0;189.8054158;1.182675262;5.964584708;training
0;225.2314728;2.393853242;13.65248115;training
0;219.5249801;2.774408929;15.5515663;training
0;176.541913;1.622266648;8.148996646;training
0;216.6891416;1.590733729;7.953379833;training
0;209.4617753;4.226428445;33.93200357;training
0;212.8313025;1.09771713;5.7167373;training
0;236.3585155;0.650910436;5.416274323;training
0;248.2216236;1.292512077;7.390151601;training
0;264.996447;2.366727258;16.12359803;training
0;214.0097947;3.101134948;20.19212443;training
0;255.6771129;2.08932736;13.12192828;training
0;237.4203935;2.459518444;14.46774923;training
0;237.5262977;2.164269464;11.36689498;training
0;193.6213762;4.103877081;30.69840871;training
0;148.7895237;4.726611824;35.55363499;training
0;152.0068582;4.648922844;34.48531394;training
0;117.4491355;3.430161281;21.41601557;training
0;166.6098531;4.448178361;33.42999242;training
0;97.10026026;8.309010141;113.3366301;training
0;210.0011452;1.503939114;8.411241051;training
0;238.6241186;-0.321461083;1.863963789;training
0;179.3433462;2.411448021;15.32811988;training
0;158.9001936;5.106503306;42.08917431;training
0;169.3471917;4.703411855;37.38001321;training
0;159.2172806;4.811887588;36.61796375;training
0;143.1990924;3.043340762;17.64749925;training
0;139.6723809;3.092315818;17.83518165;training
0;156.5839247;0.375190546;2.577071244;training
0;100.532184;-0.817492686;1.438740175;training
0;162.0359516;0.236272533;2.38730326;training
0;78.38631181;0.133763244;2.092986877;training
0;157.1754741;0.296179661;2.387809244;training
0;88.28069382;2.484897435;16.00279717;training
0;155.8681356;0.361083883;2.535030383;training
0;156.6178796;0.331979218;2.46388826;training
0;156.5783834;0.372722245;2.565351552;training
0;159.3711123;0.253578861;2.326054966;training
0;161.8226419;0.243676117;2.332688129;training
0;160.9864248;0.257926014;2.36768227;training
0;159.0246857;0.272799924;2.339472153;training
0;147.0689643;-0.031838153;1.990570985;training
0;99.23925303;-0.493216624;1.600540192;training
0;210.9713543;0.014859026;2.388015627;training
0;204.5481318;0.671353168;5.596991546;training
0;182.8333323;0.851667455;4.144653888;training
0;208.9265622;0.107119841;2.514388527;training
0;173.0534492;0.801747273;4.014008577;training
0;951.7561135;-0.844855808;1.413162186;training
0;1115.906325;-0.803588349;1.354512203;training
0;970.7762212;-0.745348906;1.341277871;training
0;434.1908669;-0.47285574;1.532618879;training
0;959.3911592;-0.834044753;1.423191535;training
0;921.5953683;1.081106726;4.601545529;training
0;1102.336532;-0.771061105;1.359256592;training
0;772.4234002;-1.052449223;1.524873033;training
0;987.8855132;-0.781688457;1.337612629;training
0;969.7701466;-0.786149526;1.377483759;training
0;953.7051329;-0.860407361;1.383456962;training
0;981.6010254;-0.78752563;1.365334897;training
0;827.962846;-0.760601484;1.509185581;training
0;998.8376725;-0.758918357;1.339165559;training
0;82.55875801;5.440024518;41.03073507;training
0;116.5141661;4.151378827;26.55524816;training
0;76.03924778;7.870561171;79.47930484;training
0;493.363648;0.364364063;2.757842136;training
0;105.2003076;6.055494935;54.0713728;training
0;535.8887888;0.259996506;2.634089955;training
0;113.7607882;2.788229518;15.35692094;training
0;103.3937359;2.271432959;12.22946976;training
0;112.5290601;2.167270803;11.58056718;training
0;84.57772911;1.118680218;5.240285235;training
0;110.2947201;2.229286371;11.8652944;training
0;76.77448769;5.919615019;52.84587626;training
0;111.9812214;2.66778986;14.81231437;training
0;110.6166562;2.981884978;21.21293373;training
0;146.4377421;1.55341176;11.16426574;training
0;127.6117521;2.630277471;17.32152202;training
0;115.4976782;2.084804493;10.3087901;training
0;130.3992994;1.803064573;10.01919767;training
0;124.741641;2.980860769;16.16937596;training
0;131.2108009;2.837477737;14.93847425;training
0;52.99833609;-0.333847398;1.509772214;training
0;42.16633769;-0.895952707;1.443023793;training
0;37.35387041;-0.852307522;1.462332492;training
0;28.9015054;-0.534020881;1.432553788;training
0;53.58901273;-0.429465194;1.468728545;training
0;57.67391481;0.907207828;5.34402955;training
0;53.87063946;-0.324321131;1.506888113;training
0;54.71897762;-0.382421952;1.472195161;training
0;53.01183081;-0.387536125;1.476766741;training
0;46.53177338;-0.608353347;1.405244239;training
0;53.33993009;-0.407137826;1.474133997;training
0;46.29171032;-0.608950614;1.408401345;training
0;53.53540308;-0.493146883;1.448929801;training
0;48.89195314;-0.620348417;1.430642592;training
0;37.51423817;-0.63894117;1.432560136;training
0;36.01444604;-0.591413869;1.424633113;training
0;35.97494796;-0.598358526;1.421564414;training
0;20.42390037;-0.657282263;1.423372678;training
0;35.14746443;-0.573521532;1.4294518;training
0;61.08384293;0.653331988;3.602023871;training
0;35.80233503;-0.638044831;1.420702425;training
0;32.39559224;-0.839540632;1.433715586;training
0;22.91132671;-1.137721495;1.594477069;training
0;29.88443521;-0.84387942;1.433913652;training
0;35.83394591;-0.613488206;1.421528632;training
0;29.63578799;-0.812175532;1.423215157;training
0;35.60246381;-0.578437559;1.424111082;training
0;35.66404583;-0.558553808;1.430764728;training
0;1195.102247;-0.486441031;1.473399309;training
0;1140.115093;-0.735962887;1.462804013;training
0;481.9790118;-0.629821419;1.45890927;training
0;1054.648842;-0.348547114;1.531113363;training
0;582.3249939;-0.523229195;1.526584114;training
0;789.1888008;0.412720239;2.999224388;training
0;284.9590155;-0.487707476;1.477800253;training
0;30.5176049;-0.862443719;1.442670707;training
0;32.95905152;-0.701793419;1.381798927;training
0;34.34967132;-0.641724295;1.37783719;training
0;19.85512178;-0.789517668;1.450426021;training
0;29.12223266;-0.778841627;1.431117318;training
0;46.58530519;0.290073041;3.264724594;training
0;31.07906684;-0.763120456;1.41765337;training
0;31.70156702;-0.678844137;1.415552277;training
0;32.0264562;-0.625022769;1.416611015;training
0;34.20071959;-0.634001832;1.408004353;training
0;29.68876283;-0.796557572;1.418985307;training
0;33.7674831;-0.601288851;1.390894657;training
0;31.13865458;-0.769732965;1.416447367;training
0;33.33129047;-0.746113317;1.38580373;training
0;484.5665346;-0.275847489;1.67609155;training
0;466.5441867;-0.254995531;1.70767062;training
0;434.672417;-0.256857214;1.72337167;training
0;240.9421165;-0.362828136;1.591975979;training
0;36.5303174;-0.576763755;1.405242903;training
0;608.4614752;1.873783414;9.525760311;training
0;437.6306553;-0.25884865;1.713320218;training
0;468.1823266;-0.253610961;1.707624741;training
0;454.2619752;-0.243370293;1.73091403;training
0;459.6966192;-0.256784739;1.743834383;training
0;439.63001;-0.313458881;1.507738935;training
0;434.6078907;-0.310188756;1.512838976;training
0;466.9291136;-0.265041713;1.696534601;training
0;454.3196785;-0.24915975;1.717453648;training
0;130.0885913;0.169806915;2.408299746;training
0;129.8063592;0.624857966;3.604615783;training
0;127.3317875;0.701067164;3.887570063;training
0;68.14544475;0.097322679;2.239043013;training
0;137.9496792;0.274940077;2.608899188;training
0;112.2598307;4.514158531;33.9077815;training
0;136.0713464;-0.506547891;1.444533412;training
0;133.0747385;-0.018233864;2.164231955;training
0;142.7141272;0.243492841;2.447568031;training
0;142.2830142;0.328485987;2.463027026;training
0;147.7206236;0.17864812;2.29192233;training
0;131.8168143;0.516240657;3.272992092;training
0;130.6198774;0.466940612;3.171686179;training
0;130.1380976;0.563640061;3.463900742;training
0;419.0148129;-0.180518857;1.776527011;training
0;394.7971685;0.901090109;4.863655345;training
0;463.2872934;0.776194792;4.339991796;training
0;218.2393143;0.634706421;3.770551292;training
0;513.3129646;0.537361719;3.463247262;training
0;249.9394102;1.568248178;7.730950491;training
0;414.4921256;0.489615498;3.470890117;training
0;274.2436662;1.52638716;7.408158292;training
0;457.5226821;0.681164903;3.828482436;training
0;427.4098031;-0.290946811;1.826127562;training
0;444.5571225;0.751016999;4.135345517;training
0;396.2716681;-0.058109773;2.48711582;training
0;390.5363159;0.851845918;4.702238437;training
0;307.2621652;0.936428813;5.027911219;training
0;438.4527013;0.261168921;2.632496747;training
0;446.462679;-0.127940202;1.650027473;training
0;500.4840987;0.366415763;2.479998074;training
0;223.782062;0.123682094;2.218548872;training
0;469.4478725;-0.316395505;1.585061072;training
0;350.6802411;1.358274732;7.376659298;training
0;453.2156737;0.356838143;2.748615138;training
0;452.2126439;-0.289018104;1.563252091;training
0;234.3234791;-0.107092575;1.887210783;training
0;501.9768456;0.181868216;2.162845915;training
0;431.903497;0.29242246;2.645652027;training
0;493.5347235;0.322706638;2.492141868;training
0;400.7319465;0.128747709;2.413347729;training
0;430.2951284;0.342074471;2.796638042;training
0;1081.923082;0.953282654;4.706920572;training
0;876.8940978;0.829319552;4.416957402;training
0;439.7789273;0.438509841;2.921890892;training
0;595.0032515;0.406657122;2.844793764;training
0;942.3110481;0.473189618;3.056853178;training
0;278.7712821;1.693373299;8.460248589;training
0;1039.664857;0.568474869;3.319161152;training
0;700.422991;0.960262751;4.768539431;training
0;725.739787;0.558415148;3.672151397;training
0;943.2101793;0.772717394;4.170845473;training
0;1078.457709;0.7077849;3.954514766;training
0;841.7308222;0.67338141;3.717467001;training
0;465.4857907;0.262100584;2.451725079;training
0;341.5961474;0.412902294;2.879376666;training
0;48.53240461;-0.15667636;1.752194;training
0;45.65449402;-0.398014463;1.554975066;training
0;45.2429893;-0.404490615;1.544296461;training
0;30.38048669;-0.45322117;1.467123175;training
0;48.81414435;-0.217672546;1.672756175;training
0;45.01929482;1.233797485;7.747501074;training
0;48.58850105;-0.1370879;1.769216165;training
0;48.54794092;-0.157742543;1.73570615;training
0;49.10104458;-0.178834152;1.711496477;training
0;46.08879228;-0.282789428;1.647492604;training
0;49.6837883;-0.259156169;1.611181953;training
0;46.87365774;-0.326212767;1.573113498;training
0;46.91385094;-0.169906774;1.768922386;training
0;46.5648124;-0.321546984;1.622965812;training
0;193.4933049;3.043806451;26.44174748;training
0;89.60374788;4.504506006;34.9868054;training
0;123.8775075;5.359330904;47.67686936;training
0;99.45171695;3.796699219;28.63304234;training
0;166.3782819;3.541256647;30.55353424;training
0;204.8357718;1.429058807;13.45409748;training
0;279.8781207;1.083979053;9.023593568;training
0;350.0020347;0.866508722;10.56327632;training
0;318.4926128;0.37763425;3.75909415;training
0;152.3143147;6.458071308;79.30863333;training
0;164.607419;5.513258297;63.38205397;training
0;162.4217286;3.624403293;29.27985742;training
0;151.1964802;3.797051222;33.04196141;training
0;130.2459233;4.925321237;43.20433781;training
0;839.316622;0.964628261;5.812933201;training
0;636.7233116;0.873600866;4.75215422;training
0;693.5963422;0.901990228;4.932944532;training
0;332.7787504;0.287043822;3.272157478;training
0;673.7950195;0.660130726;4.18086208;training
0;309.6385338;0.600444674;4.948053693;training
0;932.8031097;0.754169425;4.382552822;training
0;882.4472079;0.573757154;4.02316874;training
0;773.9442813;0.712492896;3.956347769;training
0;752.1353806;0.615383327;4.536269167;training
0;741.7614182;0.269156392;2.691056978;training
0;693.5791499;0.233408969;3.045496117;training
0;648.1175867;0.542168508;3.439864233;training
0;632.4849275;0.760552538;4.662040517;training
0;631.7308003;-0.525496387;1.40939645;training
0;652.3012844;-0.70343849;1.458162863;training
0;676.5564074;-0.707868125;1.454790829;training
0;474.4049811;-0.535813379;1.396005426;training
0;659.0631419;-0.696072865;1.467596465;training
0;622.9373332;0.04048171;2.006429278;training
0;659.4046349;-0.562866783;1.405463024;training
0;632.2763393;-0.528181775;1.413944302;training
0;577.0204102;-0.503718306;1.442666544;training
0;667.337869;-0.590414697;1.410564731;training
0;679.7370504;-0.596991249;1.575103364;training
0;680.4894012;-0.571692706;1.515616623;training
0;660.546164;-0.7158635;1.456983441;training
0;599.2523079;-0.698907801;1.480399827;training
0;45.68128804;-0.571568909;1.396914345;training
0;45.68899747;-0.566082134;1.398611867;training
0;44.76709438;-0.573944426;1.400031913;training
0;27.36661955;-0.543043456;1.44402966;training
0;44.76411494;-0.565175613;1.396451341;training
0;53.76894031;0.837537127;5.098768842;training
0;45.78143348;-0.554949719;1.403263774;training
0;45.98504392;-0.53920266;1.412936328;training
0;45.79021435;-0.570630003;1.405368561;training
0;43.83592476;-0.575860529;1.400832604;training
0;45.23403309;-0.583908469;1.395776621;training
0;44.42974852;-0.610096167;1.39692615;training
0;45.49391899;-0.561288464;1.397776778;training
0;46.76788646;-0.547348562;1.403626289;training
0;59.18427456;-0.236724343;1.762796514;training
0;60.05289028;-0.528779829;1.543799802;training
0;48.0475841;-0.309341539;1.561715896;training
0;62.1781567;-0.22258361;1.773033526;training
0;59.06182803;-0.323741075;1.714102775;training
0;94.85645066;3.130535851;19.71496755;training
0;60.27851384;-0.221412275;1.743138272;training
0;62.29984035;-0.250714922;1.689417366;training
0;62.52337986;-0.283389082;1.658850904;training
0;64.83900303;-0.470307341;1.503655524;training
0;64.92939141;-0.450323569;1.467048731;training
0;68.4504851;-0.509238806;1.421101924;training
0;58.87857937;-0.379090778;1.690257976;training
0;58.9753519;-0.436199223;1.63310769;training
0;281.8973197;1.210450058;5.615503415;training
0;282.9111542;1.290884166;5.935932823;training
0;275.5215244;1.291733351;6.020290061;training
0;229.1220226;0.499265355;2.842253169;training
0;295.7209524;1.116644971;5.17632151;training
0;284.8162576;5.292425634;38.52054901;training
0;275.5981802;1.263387208;5.886568342;training
0;284.2326967;1.262878335;5.832382392;training
0;272.3211065;1.155793663;5.476982154;training
0;354.9846525;0.835663616;4.469966074;training
0;346.1937643;0.792253257;4.0213334;training
0;293.0390714;1.199774539;5.44600285;training
0;291.7768496;1.103926344;5.136999084;training
0;273.8447903;1.246356879;5.778782271;training
0;229.2136262;-0.200332921;1.787241441;training
0;218.3935481;0.148662587;2.473277405;training
0;237.831385;0.073295125;2.283389337;training
0;107.1786875;0.053226783;2.21055027;training
0;207.5162719;-0.349182113;1.553062366;training
0;202.3630328;2.347928174;17.56495394;training
0;193.4162227;-0.00290723;2.499465553;training
0;205.9444577;0.421861323;3.313513843;training
0;223.8864036;0.141941383;2.634778777;training
0;215.0298936;0.328464404;3.004796886;training
0;204.6142386;-0.349933475;1.543661781;training
0;220.5789867;0.281491677;2.713018097;training
0;207.3100526;-0.531179123;1.486272296;training
0;207.9357757;-0.221157275;1.838275011;training
0;172.0165553;2.209884532;11.31349179;training
0;234.1369057;2.877372461;17.03920333;training
0;246.2787256;2.526614483;14.93776973;training
0;136.1934406;2.714704626;15.09663595;training
0;207.9170161;3.212849913;18.74436964;training
0;103.3341314;6.112751694;53.93351294;training
0;168.7127955;2.289114885;11.84988553;training
0;162.1859424;2.269476953;11.88726252;training
0;170.0643307;2.095636213;11.00662335;training
0;204.2034934;1.592462886;8.559689709;training
0;200.558677;3.823513113;25.52063448;training
0;285.7101788;2.304877974;13.44684622;training
0;205.1214303;3.408880397;21.08173011;training
0;205.1298087;2.259082691;11.32041092;training
0;856.8173736;0.383057425;2.606105728;training
0;660.1369749;-0.023928453;1.729430351;training
0;652.905952;-0.10518736;1.626115455;training
0;1024.026502;0.492254493;2.815025164;training
0;662.9313846;-0.056034497;1.695180722;training
0;409.7058395;2.284312629;12.01436379;training
0;643.4926777;0.026729075;1.741764633;training
0;665.7395017;0.093467595;1.871229365;training
0;532.6309646;0.155244835;2.471186527;training
0;1027.647745;0.144698088;2.163936994;training
0;541.725474;0.020906439;1.959309746;training
0;806.7970914;-0.109052756;1.735150927;training
0;724.2977211;0.264510536;2.430295537;training
0;825.9939436;0.076727499;1.910655553;training
0;1026.766478;0.278971403;2.65099713;training
0;801.15542;0.191534368;2.383057878;training
0;778.4085542;0.243612934;2.465309471;training
0;388.5997823;0.433253888;3.190013604;training
0;833.8786486;0.679915975;3.900851293;training
0;494.1993686;1.751706605;8.518183021;training
0;856.9007008;0.119815058;2.303678145;training
0;1013.33398;0.223946996;2.543441;training
0;1027.913178;0.162049316;2.431070763;training
0;799.3665039;-0.413939689;1.729556927;training
0;998.6536;0.352702456;2.696587216;training
0;793.7575947;-0.359615871;1.854406585;training
0;688.6073613;-0.020200498;2.468097587;training
0;756.2398754;0.378429003;2.774986766;training
0;282.7023358;2.420158269;14.12569126;training
0;289.0399557;2.242586988;12.41268759;training
0;166.4297338;1.211643402;5.944117699;training
0;164.7403313;1.94192298;10.61115617;training
0;313.9573125;2.053269061;11.47791449;training
0;182.0925082;2.883592367;18.80745415;training
0;286.8264117;1.577787131;8.054404655;training
0;307.7004997;0.955735612;5.409396208;training
0;295.2270321;1.480404505;8.524656012;training
0;405.3997044;0.942788454;5.276519416;training
0;310.8058853;1.671639202;8.533317259;training
0;371.3964563;0.946111129;5.052773312;training
0;325.0543617;2.192601488;12.81100616;training
0;184.0844951;2.124739909;12.36212884;training
0;148.6897454;4.201095257;35.75732173;training
0;100.5366073;0.441386793;4.354968202;training
0;107.2971512;1.420091992;9.254063603;training
0;184.465626;2.927884736;24.39352481;training
0;131.0866044;3.858090251;37.8561309;training
0;139.5178026;4.740701041;48.46006829;training
0;138.3898738;5.135958514;45.52035828;training
0;137.2636674;5.016575938;52.03236359;training
0;151.1577098;3.571848244;31.17625498;training
0;181.3583033;2.454142193;17.88971735;training
0;149.8377675;3.859977939;33.1780674;training
0;189.7814093;3.650863329;31.48405343;training
0;183.106637;2.578495626;22.10301792;training
0;199.6186607;2.967088005;26.52397014;training
0;129.1367369;0.994984701;7.151575324;training
0;210.8510193;1.165899975;9.232525889;training
0;248.3169728;1.641723014;13.52922823;training
0;174.2443719;1.795543952;15.24069801;training
0;140.5942152;5.93798685;70.69829896;training
0;80.55356081;5.067702441;46.44503325;training
0;79.60266757;4.199537995;33.68713026;training
0;171.3570953;2.649051071;22.25875102;training
0;248.8529116;1.516966485;11.88927384;training
0;172.5987376;2.390559724;17.77537107;training
0;211.7718719;2.940465628;24.37775586;training
0;118.70635;2.784327057;24.10477728;training
0;269.2398422;1.85143738;11.81057407;training
0;124.1452886;3.58989077;21.3852126;training
0;130.2664393;3.305208771;19.48184619;training
0;143.4535958;0.356124523;4.144612798;training
0;267.201104;0.31115905;3.613988014;training
0;313.9173039;0.847561542;6.111676355;training
0;158.5172789;2.650772149;15.65319058;training
0;163.7838829;2.597611377;15.88112126;training
0;154.5100482;2.710417305;16.20244769;training
0;172.0396378;2.698976592;16.29896121;training
0;271.3590648;0.128003264;2.638297067;training
0;177.4413494;2.078877472;10.70604846;training
0;156.038086;2.833798159;16.15868272;training
0;132.2077625;3.377135054;19.71357919;training
0;167.1885292;3.464106466;26.28167278;training
0;135.2936493;2.481939641;17.30940478;training
0;123.4581982;2.717484769;18.76221609;training
0;205.5742098;1.151439557;8.455308238;training
0;211.288866;1.26114394;8.795807;training
0;279.7349684;0.923666046;7.155869087;training
0;114.4981685;4.230152966;39.95834873;training
0;94.64853935;5.074591639;45.88229901;training
0;99.42683084;4.202262436;33.84187729;training
0;109.3768666;3.583788491;27.61263903;training
0;371.3517504;1.279200577;9.74614264;training
0;116.3757898;2.969033671;19.07920605;training
0;158.8384158;3.41865469;24.60305292;training
0;135.0330951;2.504456657;15.74208216;training
0;233.0427573;2.276048168;16.52492871;training
0;74.6722289;3.814415676;24.88483934;training
0;73.02067924;3.791675088;24.35237171;training
0;104.7181145;1.831728428;13.32059427;training
0;188.055394;2.392157413;19.91214722;training
0;133.0203957;1.842497511;14.74993835;training
0;132.1609046;0.122251812;3.031215005;training
0;119.3375592;1.516005759;9.925448986;training
0;101.3586853;1.825285912;11.45951705;training
0;94.2827062;4.906054419;34.85429718;training
0;193.9032219;0.990304785;7.339691393;training
0;92.75740912;5.678653057;47.21343607;training
0;122.6862366;4.967236975;43.40909269;training
0;95.70409704;6.105003175;55.62247995;training
0;80.73918838;4.201085984;36.33795844;training
0;146.6363034;4.701175764;45.09179129;training
0;104.496539;4.265244452;42.31115251;training
0;250.014763;0.916957736;5.668371413;training
0;149.4559604;4.331277196;40.99732447;training
0;246.5311202;0.9666269;5.765255171;training
0;181.808158;2.827085058;16.30760832;training
0;203.1319796;2.514505008;15.35041283;training
0;204.1567286;1.887847009;11.36212716;training
0;194.9554636;2.043154698;11.89589924;training
0;201.6780094;2.145906729;12.38735791;training
0;202.4303092;2.492654934;15.09295978;training
0;146.6738822;2.911868918;19.05163994;training
0;178.5364834;4.374437911;36.12772057;training
0;150.3375256;2.596221106;14.21335078;training
0;180.885681;2.162441057;12.03528767;training
0;197.4000687;2.251093848;13.14798839;training
0;178.6095409;2.203368038;11.95040077;training
0;185.016707;2.028750882;10.82685438;training
0;202.5860375;2.080772302;11.72433;training
0;306.8585839;1.305637671;6.198314962;training
0;282.9256156;1.882599104;10.71309393;training
0;303.3437073;1.525857568;8.456620268;training
0;294.1230924;1.512994251;8.035962755;training
0;314.2612037;0.775949535;4.402338402;training
0;364.1185881;3.01395112;19.40827562;training
0;264.3982374;1.852100481;9.39448546;training
0;264.0834335;1.692584182;8.505376832;training
0;256.6361167;1.823020086;9.273493733;training
0;324.5715452;0.736448844;5.012506142;training
0;318.2706538;0.717770377;4.060800026;training
0;313.1833523;1.315821434;9.255595181;training
0;307.7225853;0.903747927;4.97524797;training
0;291.5594415;0.894865151;5.135436105;training
0;192.3145071;2.318240084;12.58236636;training
0;190.3521786;2.160210526;11.6213125;training
0;183.0264471;2.085878443;11.36244984;training
0;197.6760169;1.829228805;9.827714564;training
0;130.2324326;5.188769075;48.80005211;training
0;198.7894019;2.544443149;14.11339503;training
0;431.5181425;-0.688809384;1.467431423;training
0;206.1013315;1.733769605;9.984111656;training
0;171.5489875;3.133437446;22.61609515;training
0;195.0682835;2.385889465;14.55844368;training
0;183.5287733;1.762948296;10.29415651;training
0;184.1396101;2.27962765;12.62969979;training
0;180.5794613;2.382130588;13.3988778;training
0;257.0901779;0.504298381;3.537376687;training
0;228.9114669;1.459820385;7.146523264;training
0;237.3062526;1.461733482;6.974571955;training
0;271.1172475;0.650253709;4.578384456;training
0;273.7344024;0.799274203;4.766605876;training
0;274.1970048;1.101872749;6.572512147;training
0;241.2851691;0.865369836;4.905033007;training
0;250.6532438;1.725934525;8.409910751;training
0;244.3987471;1.544471537;8.055362132;training
0;248.8824714;1.325293504;6.835367764;training
0;269.7707709;0.81616522;4.918522615;training
0;251.4819863;1.267641282;6.325138122;training
0;241.7639271;0.879855714;4.630786432;training
0;217.6090005;0.877016372;5.194338847;training
0;129.1366194;2.894156573;17.72102568;training
0;132.4617179;2.821849571;18.02109676;training
0;142.9656646;1.705422059;10.2032078;training
0;119.2475939;3.360283095;23.29581111;training
0;131.1610668;2.920395879;17.83495362;training
0;138.9695311;3.990773495;32.5916559;training
0;134.4691228;2.46680211;14.02304864;training
0;141.5342868;2.424464705;13.81385791;training
0;162.1215348;1.86793967;12.14712634;training
0;156.6886573;2.535399113;19.32384161;training
0;131.1846035;3.320458371;23.1359769;training
0;161.5771236;1.877481235;13.29714368;training
0;124.3059955;3.084670299;19.2471806;training
0;134.333296;2.65844494;15.95244229;training
0;140.5537353;2.493728688;14.27691968;training
0;147.045825;2.458909147;14.69178404;training
0;158.2038121;2.236047355;14.25021582;training
0;88.84760157;1.774562003;8.71805164;training
0;151.4973575;2.378601616;13.41377147;training
0;64.85633465;6.330931162;59.97753522;training
0;138.4625945;2.481544676;14.25777515;training
0;143.2307322;2.404261368;13.82751798;training
0;145.2352214;2.283550436;13.13718702;training
0;215.8758311;-0.537106505;1.944604132;training
0;153.0148242;2.04578337;10.02528694;training
0;213.5358351;-0.471268949;1.955374312;training
0;142.2282842;2.52825867;14.62500105;training
0;138.8173781;2.591289606;15.28334927;training
0;338.7068851;2.283934845;13.85131703;training
0;309.7524799;2.350597578;13.31626855;training
0;305.5618567;2.512443926;14.4855945;training
0;170.1349661;0.007162551;2.521690758;training
0;372.6733933;-0.300042869;2.067354439;training
0;422.2347098;1.52287994;12.9879361;training
0;328.6258432;2.281272614;13.83711287;training
0;317.4159416;2.279590323;13.88361236;training
0;316.5249045;2.347741532;14.42106682;training
0;323.2650938;2.421849672;14.73192213;training
0;361.7611862;-0.229158118;2.148415579;training
0;307.4652267;2.891433965;17.34519441;training
0;412.2579293;1.532443929;7.961731285;training
0;357.0634837;2.213488833;12.86945792;training
0;140.6716318;3.564429476;31.5659721;training
0;158.2383737;1.935919343;16.03610274;training
0;176.8310794;1.301086177;11.35266971;training
0;137.2867873;2.724364334;25.58797469;training
0;135.4656928;3.530408567;29.57084228;training
0;187.9680111;2.799907374;28.0004455;training
0;146.006698;2.971127787;24.90764115;training
0;163.1858106;2.358966212;20.92227726;training
0;178.6738335;1.467635677;12.73366872;training
0;268.3217139;0.445061734;4.385184126;training
0;133.2924661;4.492121015;48.85804715;training
0;269.5300843;0.531762052;4.883351559;training
0;143.9147031;3.169573624;25.56785566;training
0;138.8876958;2.277651205;19.10368484;training
0;192.6033453;4.646746685;43.50540136;training
0;102.2618856;2.674288197;17.45196046;training
0;140.7361225;3.578920388;28.49086738;training
0;143.2809342;1.439553686;10.13632982;training
0;261.002194;1.304446622;9.469881693;training
0;193.4692391;1.064176697;7.480300234;training
0;155.7704776;3.481348932;35.11802881;training
0;127.0154494;4.620122323;45.91001224;training
0;87.54021557;2.821659852;19.23498703;training
0;111.6956114;6.14978664;65.76124152;training
0;262.1211733;1.502200135;12.04797451;training
0;113.4237035;4.881343646;40.2864566;training
0;232.1101869;2.478543239;18.4055241;training
0;126.2925226;2.272265904;12.524369;training
0;41.62417855;-0.454548167;1.446598746;training
0;43.06041703;-0.421398834;1.47859165;training
0;44.68915909;-0.463403114;1.457658121;training
0;25.35204107;-0.5953987;1.433663103;training
0;41.42929697;-0.488787902;1.444358632;training
0;46.71109247;0.658705624;4.483981826;training
0;41.36686136;-0.484833837;1.42492491;training
0;42.51083358;-0.47014768;1.443920092;training
0;42.03465283;-0.460005782;1.453242548;training
0;43.02891906;-0.443105318;1.462779569;training
0;41.29314559;-0.502281467;1.454206828;training
0;42.7517503;-0.439070534;1.468912193;training
0;42.0290129;-0.481609038;1.437436305;training
0;43.46985268;-0.43819657;1.459707202;training
0;335.4257197;2.194232532;13.23543415;training
0;295.6755015;2.297501023;13.31688191;training
0;245.3797381;2.467160881;13.74243635;training
0;252.4908867;0.626323013;4.659795186;training
0;385.9205952;0.805764296;5.747062198;training
0;304.526098;0.800092968;5.388727359;training
0;293.0366023;2.7414666;16.21791193;training
0;295.0074056;2.332886944;12.54842254;training
0;264.4205774;1.366802361;7.187912898;training
0;260.7012112;1.490417198;7.622150067;training
0;379.3927985;0.897756831;5.991660561;training
0;251.5600319;2.132342775;12.71124155;training
0;313.1647562;1.512970855;8.232373287;training
0;289.0181703;2.173185277;13.15964156;training
0;165.9439385;3.485358049;25.58421084;training
0;148.1645476;5.555587142;56.63744885;training
0;251.3307416;-0.821959936;1.530762319;training
0;410.9098854;0.312769821;3.737812208;training
0;408.0756695;0.213083522;3.341100383;training
0;595.2146494;0.263363544;2.868946609;training
0;338.4685522;-0.586460853;1.438035887;training
0;432.766412;0.604727349;3.139103889;training
0;229.292615;3.897247814;28.8472447;training
0;130.9494769;4.188330331;29.96219514;training
0;371.0309531;0.378698147;3.483698722;training
0;178.7464703;1.888106326;10.39319318;training
0;213.9842375;1.620877347;10.54995876;training
0;188.2212158;2.101547411;12.17512174;training
0;146.4499698;3.164349056;19.59479362;training
0;154.8870257;3.13508224;19.86502978;training
0;160.0053683;2.824691383;17.69899169;training
0;143.6751537;3.503724074;23.79389986;training
0;139.1082812;3.007352796;18.30503446;training
0;137.2550247;4.266441205;34.10783076;training
0;137.8784896;2.929145365;17.20466543;training
0;157.5889807;2.116174109;12.29414383;training
0;180.1712326;1.714038193;9.299942228;training
0;183.5449385;2.256562462;15.61083819;training
0;148.4292914;3.950164676;29.59782533;training
0;181.4868334;1.444692665;8.659672196;training
0;147.5918214;3.25262259;20.4062253;training
0;144.0489994;2.547022402;15.34054382;training
0;1103.838879;0.014726683;1.989879034;training
0;780.6586607;0.11423329;2.322723643;training
0;736.5421644;-0.351416504;1.53375793;training
0;618.7846829;-0.337197369;1.514386528;training
0;545.9348518;-0.06108916;1.875467479;training
0;513.2420436;1.398013485;7.37019303;training
0;1106.716291;0.081710949;2.261243827;training
0;1010.88046;0.085366591;2.028178603;training
0;1307.080245;0.156676418;2.364656938;training
0;786.9208066;-0.203606329;1.76613246;training
0;879.7540813;0.020130898;2.229321439;training
0;1052.44859;0.015812331;1.984193803;training
0;794.3085456;-0.328419043;1.639304471;training
0;612.6047607;-0.286033507;1.711790282;training
0;167.5882146;1.90966782;14.157817;training
0;156.9385254;3.074383644;29.17432596;training
0;196.0440115;1.779158028;14.6212626;training
0;181.7682425;1.436142644;9.183668434;training
0;177.5621482;1.492699106;10.57644412;training
0;245.8100086;1.887714187;12.21841287;training
0;167.758839;2.78066089;19.43183845;training
0;181.159041;1.453011509;11.88419743;training
0;199.1902346;2.65019115;21.948043;training
0;245.4322362;0.759554166;6.177895441;training
0;181.0679751;1.278315645;8.0268339;training
0;249.0946314;1.113983389;9.471948378;training
0;154.1462643;2.878227342;22.0865575;training
0;137.8570701;4.114265371;40.25460242;training
0;147.8559186;3.271739402;25.40214674;training
0;168.4866073;1.714857445;12.98068968;training
0;166.8632328;1.898095283;14.25804976;training
0;144.3397843;2.673887688;20.82923588;training
0;167.6889221;1.478484337;12.09494511;training
0;140.1916694;2.377215699;16.85618019;training
0;165.0061158;2.285939068;16.69648142;training
0;182.6184806;1.835501139;13.76590199;training
0;259.9148525;0.595342567;4.890638507;training
0;145.6110786;3.371528509;29.62283393;training
0;260.664675;0.409896643;3.826565432;training
0;158.1140165;2.837370591;20.94842795;training
0;134.6564977;2.319799994;16.50226696;training
0;173.2495564;1.051579156;12.04482972;training
0;119.4796782;0.272180243;3.840881374;training
0;107.690343;0.690909974;6.096612326;training
0;106.4076431;0.479815878;4.558869748;training
0;195.9634688;0.53417931;6.27533218;training
0;154.7080995;0.581916487;4.947342498;training
0;94.16967477;1.490436699;13.8683457;training
0;89.81648513;1.86571054;17.60948218;training
0;84.37677182;2.29418031;19.95993561;training
0;140.6302737;2.815772716;28.73998125;training
0;194.1712758;0.311797498;4.19398519;training
0;83.81901765;1.826977491;13.56905918;training
0;130.9407688;0.513556289;5.415975892;training
0;129.7611568;0.163226135;3.600572519;training
0;893.9212736;-0.289508179;1.698632755;training
0;845.5117221;0.216982023;2.809936638;training
0;924.5595948;0.014367935;2.162326883;training
0;381.5389965;0.984737979;4.808515948;training
0;793.6571499;-0.130058781;2.862930389;training
0;542.9171193;0.384148123;3.551967961;training
0;898.0010854;-0.44243663;1.588450383;training
0;891.5847391;0.106827395;2.96085633;training
0;855.0482011;-0.200404589;2.009919294;training
0;471.722326;-0.242169461;1.902831186;training
0;763.5598038;0.00700926;2.626846689;training
0;771.7224031;-0.240947714;2.368064192;training
0;909.6856771;-0.314445182;1.840114805;training
0;952.3710729;0.20005268;2.442668761;training
0;159.2853648;3.515299137;22.68526733;training
0;131.123901;5.959283073;53.89806531;training
0;118.4377901;5.708627537;50.15627396;training
0;220.4244939;2.39276878;16.2852291;training
0;225.5743673;1.899619404;11.39903635;training
0;206.8838611;3.900856379;31.24207975;training
0;139.35605;4.094950878;27.60595474;training
0;133.3893884;4.119229585;26.60846534;training
0;130.2235989;3.946343936;25.45275917;training
0;135.2019499;4.038343868;26.32711571;training
0;211.9651079;2.642618527;18.26976236;training
0;125.9887451;5.79002794;50.91616533;training
0;171.2798183;4.770025585;41.10677239;training
0;133.8003252;5.71004665;50.82963035;training
0;106.3157833;0.212062787;2.395223117;training
0;105.2645467;-0.026542074;2.075211959;training
0;135.8659002;0.847738638;4.750935894;training
0;111.8268514;3.433178888;26.49849418;training
0;114.3078471;0.908890435;5.350371354;training
0;103.5005377;1.351598598;7.537143571;training
0;114.2386861;1.530899671;8.392954989;training
0;131.1231039;0.824360645;4.418908877;training
0;111.745029;0.2350454;2.508305557;training
0;103.9287495;0.261966778;2.480650107;training
0;134.191674;0.917407995;4.798412843;training
0;137.2329676;1.178820974;5.612368636;training
0;90.42561088;3.352118871;19.81666696;training
0;89.41776837;3.704375072;24.91887994;training
0;102.8928208;3.721374722;28.9809421;training
0;66.84009227;2.211516136;10.93524216;training
0;91.15758386;3.392653247;20.52114196;training
0;55.71027746;8.341441054;94.58484809;training
0;95.62102464;3.439484522;20.4769805;training
0;84.27364652;3.700659459;23.72086792;training
0;94.34719313;3.316588343;20.66966604;training
0;153.4184003;0.2205909;3.905808416;training
0;89.09565285;3.109204621;16.59913339;training
0;152.0243741;0.776874078;6.975434418;training
0;114.1055867;2.811418393;14.38253299;training
0;82.1184472;3.872524946;25.87497612;training
1;78.07283755;7.852422176;83.95878902;training
1;82.33174192;7.731340535;90.31726437;training
1;91.0416971;7.49380052;82.88480372;training
1;71.02779005;8.605235299;99.37211707;training
1;73.78872482;8.04356036;89.42186697;training
1;82.57412546;7.60414017;86.81016082;training
1;342.3858282;0.272358681;2.844261449;training
1;72.54109974;6.693056728;58.24124042;training
1;341.2254756;0.244386571;2.752460108;training
1;67.25506945;8.338523641;96.42694385;training
1;119.8121691;5.288020753;41.27059662;training
1;60.41551153;7.693284172;79.43426498;training
1;68.53625949;7.120090223;70.82626066;training
1;77.46635446;6.711048307;65.85505137;training
1;61.65090933;7.620910721;77.67150502;training
1;65.20400694;7.500639422;77.51194797;training
1;71.40140527;7.046604991;71.85462677;training
1;91.00342674;5.701950125;56.3280723;training
1;250.3596533;0.396555876;3.204074014;training
1;59.43646016;10.52563163;144.6793756;training
1;251.2115228;0.369086529;3.021250186;training
1;58.64225342;7.53094175;75.75115246;training
1;61.93728175;7.691369972;79.57110986;training
1;92.22731223;6.702112317;66.72731632;training
1;124.0333406;3.824735093;39.7549295;training
1;162.4493867;1.973040181;18.95458055;training
1;90.93746449;7.101614543;72.98049816;training
1;97.44955395;6.430483491;64.50901423;training
1;109.2406204;5.732895836;56.54780795;training
1;142.8722708;3.913659328;35.61625848;training
1;440.1327328;0.238070094;2.842228477;training
1;91.00395714;8.014081841;97.14663989;training
1;438.3004105;0.294117934;2.983796985;training
1;97.764015;6.682878818;67.79863648;training
1;105.3235356;5.7304087;61.78958409;training
1;437.9490484;0.751012711;3.736867134;training
1;487.0383943;-0.102750168;1.92390785;training
1;404.2592271;0.878251725;4.028638346;training
1;501.5501736;0.281209504;2.744492377;training
1;135.8208473;5.23235611;41.10419436;training
1;125.3104141;2.617667724;14.90071276;training
1;170.5262455;4.2371246;32.38340875;training
1;131.5212973;5.247308463;41.56481293;training
1;119.6105775;5.987743728;56.36588936;training
1;111.4181397;3.755518675;28.23415886;training
1;125.1695279;3.143808118;22.49881498;training
1;215.7277055;2.452636379;17.11910167;training
1;136.2124925;3.965563902;25.9070304;training
1;211.0295081;2.068643369;13.70634053;training
1;135.2274882;5.167483643;42.32253495;training
1;115.5066527;3.206099403;20.27539765;training
1;220.6904815;1.209401605;6.138640689;training
1;362.5247612;0.370265364;2.990543726;training
1;184.475157;2.503386219;16.8237567;training
1;335.174002;0.958055515;6.060494237;training
1;155.5342233;3.448432336;21.17112914;training
1;393.1674706;0.676936546;3.925433197;training
1;157.251907;3.123454438;17.23647525;training
1;387.1384442;0.62559706;3.530526992;training
1;136.1837513;4.567974575;36.65822465;training
1;137.0652109;4.741412284;39.39342808;training
1;140.3789505;4.394794723;36.25177966;training
1;140.2841964;4.345557277;34.29866311;training
1;159.428069;3.956238671;30.36918931;training
1;173.131856;3.637979221;26.76286131;training
1;181.197589;1.812143097;11.0687999;training
1;159.9359626;3.334429102;23.96076532;training
1;143.3936891;3.646752742;25.13239021;training
1;159.841523;3.870009179;30.65904275;training
1;144.5964881;3.899271517;28.74226793;training
1;140.4196551;4.516781419;36.53621968;training
1;100.9050242;3.244244854;22.75037314;training
1;99.41165118;2.631065889;18.69418192;training
1;111.5688785;2.227022035;15.40832327;training
1;98.01144076;2.744278854;18.0265419;training
1;106.9960092;2.862475303;21.32971284;training
1;120.4762498;2.343149011;19.83655158;training
1;136.7237499;1.369741931;12.53621746;training
1;144.0180439;1.135449208;11.72414573;training
1;99.1990669;2.951242466;21.78068805;training
1;147.3032216;0.59358222;6.338969152;training
1;94.81175073;2.850892164;19.81304129;training
1;91.34232757;3.03872305;22.12851812;training
1;185.7105634;4.597048134;35.86875279;training
1;158.7596255;2.702019824;15.48393036;training
1;145.8813781;2.718083884;16.3576723;training
1;191.4082005;4.551021507;35.37999828;training
1;156.3558458;3.798176548;24.75939774;training
1;198.2364111;4.754843222;38.35140431;training
1;212.5229049;4.649587089;37.23362858;training
1;285.5025087;4.297567937;33.05961666;training
1;155.6382622;5.887894107;52.90381494;training
1;303.6815971;3.157332445;23.84853846;training
1;192.839032;4.514396176;35.06176022;training
1;195.8307937;4.51646331;35.02727008;training
1;63.27702478;10.22139068;136.645652;training
1;109.2086727;14.20846706;267.9495869;training
1;91.87999398;9.121133193;120.6794986;training
1;63.16858227;10.31565209;138.5772129;training
1;65.2764316;10.06566358;133.4644926;training
1;72.4899475;9.655153893;125.0688839;training
1;84.56162796;9.167918625;117.1188567;training
1;247.9692951;0.424354388;3.875839874;training
1;65.29473801;7.685785838;77.33977664;training
1;257.09308;0.486724074;3.841444994;training
1;71.39667636;9.629970975;121.483006;training
1;68.81350842;9.675802176;124.0639044;training
1;73.37769809;6.982996188;67.368134;training
1;102.9820636;5.492389107;55.84986425;training
1;141.0637848;3.451720544;33.01156692;training
1;74.07172028;7.149018038;72.49331135;training
1;77.47610891;7.022622767;70.28612157;training
1;86.77863252;6.286541691;60.51203588;training
1;107.3949473;5.148104425;47.8767852;training
1;398.9878347;0.310506585;2.766239456;training
1;73.95644228;7.028871987;70.07039381;training
1;398.5855286;0.352512128;3.009351789;training
1;78.75411345;7.138624651;76.3511287;training
1;82.53076591;6.713029945;69.7664871;training
1;191.3594389;3.003956216;17.50322498;training
1;123.7538628;2.562952355;13.1661101;training
1;133.7610198;2.214379766;10.73909863;training
1;221.3849841;2.867748423;16.33135389;training
1;193.7867938;2.972777147;17.02182088;training
1;264.6673717;3.72208098;23.63916589;training
1;252.6835949;3.321510328;20.06067533;training
1;266.0310062;1.814400303;9.068772803;training
1;274.5210862;3.08822664;17.84471728;training
1;321.3438144;2.192101568;12.01588338;training
1;214.2132012;3.355551115;20.20122039;training
1;227.0624827;3.687184943;23.41610611;training
1;80.32877026;8.113043699;90.81073427;training
1;85.66969615;5.965315422;57.25263199;training
1;110.5772714;4.622105791;42.27820496;training
1;78.75438301;8.177004374;92.71533454;training
1;74.37210022;7.35047154;74.34554284;training
1;86.30991003;8.197610225;94.3796815;training
1;97.66489498;7.690183377;86.26370267;training
1;339.0164705;0.879321045;6.340791993;training
1;85.15129566;6.951809849;63.07440681;training
1;336.0427476;0.768950953;5.057127781;training
1;78.44938533;7.661268966;83.87872922;training
1;80.51778275;7.743598505;86.80578713;training
1;121.6657981;4.69720605;35.27706382;training
1;115.6617804;4.589539113;34.54279276;training
1;131.6126589;3.881931776;27.82208879;training
1;105.4285946;5.298969711;42.90838553;training
1;129.8711795;4.776463772;36.83514866;training
1;125.8443567;4.415902124;41.83560848;training
1;151.5826944;3.573813555;32.14457213;training
1;162.8928526;3.13660511;27.65564711;training
1;106.4574048;5.133429121;40.4040323;training
1;171.1845103;1.693711908;11.72380945;training
1;104.09083;5.263704588;42.15654749;training
1;105.2628504;5.251832664;42.07770564;training
