0;1833.04;87005.32274;4.042764185;test
0;348.8;4587.067466;3.318111313;test
0;1376.66;49069.91088;4.581892471;test
0;1858.15;66098.70393;5.67302352;test
0;26.88;56.68717914;1.535350336;test
0;278.62;4550.932856;3.029116988;test
0;160.8;1908.52364;1.529694528;test
0;1065.66;40538.95381;2.852903917;test
0;2162.05;206813.5072;3.1524964;test
0;471.7;18124.88338;1.578633004;test
0;788.8;51477.32724;1.567582309;test
0;88.9;578.6639041;1.411513097;test
0;350.65;5330.979435;2.16756173;test
0;477.03;5803.096933;4.128116713;test
0;2359.66;267248.7547;3.099614024;test
0;1205.21;22667.18002;12.85114784;test
0;1409.61;31548.32697;6.738147211;test
0;189.79;2564.083958;1.647421975;test
0;761.75;54988.03126;1.404980301;test
0;1535.35;26294.77457;21.19592623;test
0;1911.54;134598.3583;4.999172492;test
0;1813.57;49398.13744;14.5271868;test
0;705.86;27036.54681;4.052270893;test
0;558.88;27785.09737;1.401223552;test
0;1176.35;50949.4238;4.740141209;test
0;1805.74;191652.4345;1.549957537;test
0;1189.96;16215.75147;11.17718231;test
0;1505.35;26616.46414;8.351531074;test
0;778.7;23105.81849;2.080949518;test
0;1635.5;26065.85289;11.76702966;test
0;1192.52;29622.2407;4.964267427;test
0;696.86;9627.559188;5.141991836;test
0;1243.7;39526.98018;3.781925881;test
0;1265.97;130161.165;1.405865663;test
0;1454.51;32011.65115;6.367672534;test
0;1042.35;33475.51933;3.305955821;test
0;1720.59;42249.1971;11.95382276;test
0;2271.67;85895.1931;3.636421996;test
0;1573.5;49974.31776;3.649775107;test
0;869.53;19846.82326;2.646410627;test
0;805.73;30213.89925;2.590006621;test
0;1162.16;37423.47538;5.093341221;test
0;1702.1;101265.439;2.722774314;test
0;1123.46;29844.09294;3.237427577;test
0;1831.52;58644.59209;7.733951798;test
0;1492.98;51861.74336;4.538133438;test
0;2266.09;129298.4545;4.087587402;test
0;1299.65;61266.36757;2.555372705;test
0;1377.48;151054.2902;1.47339047;test
0;569.47;21225.47511;1.60064539;test
0;2246.49;60221.3672;10.09140276;test
0;1876.47;32720.81924;14.71850441;test
0;779.25;14619.71922;3.925640922;test
0;847.52;21999.4906;3.550144882;test
0;844.64;21829.44535;2.095825378;test
0;1995.35;28413.09293;20.52480516;test
0;998.5;29250.71257;3.564162382;test
1;1624.89;17243.89783;35.16649098;test
1;1620.36;19304.4665;32.14365823;test
1;1630.77;16055.31335;41.39419892;test
1;1093.6;15064.49573;19.51713045;test
1;1411.99;29319.90846;16.19214626;test
1;1954.35;31924.83533;31.92114294;test
1;1048.73;54952.65019;2.269458376;test
1;1107.43;8390.700991;35.00962965;test
1;1394.1;46769.12005;7.022885751;test
1;1484.44;77114.00842;5.398653893;test
1;1471.63;46402.42754;8.783572132;test
1;626.41;16995.81959;3.432357919;test
1;2025.5;29450.04122;31.34881732;test
1;1697.54;116779.1222;3.749959358;test
1;1705.59;36332.03847;20.76045643;test
0;1900.97;22280.55097;34.76296981;training
0;1870.27;24377.50019;26.03104198;training
0;1813.1;24392.53101;22.66262417;training
0;1900.97;22280.55097;34.76296981;training
0;1917.09;22020.98129;38.2584201;training
0;1349.35;13290.8583;34.4410471;training
0;1903.16;27942.75415;19.58265427;training
0;1874.61;63433.57759;5.119844024;training
0;3511.64;84660.27207;13.96782095;training
0;2047.9;45448.85731;9.692310795;training
0;1913.04;21968.75917;38.05788351;training
0;2005.46;45509.99178;9.657352706;training
0;1950.49;20860.2095;40.94134538;training
0;1926.35;22712.47089;33.65590791;training
0;2324.54;42444.43628;18.35215571;training
0;1034.75;14289.30406;5.808065164;training
0;1209.4;23560.97139;10.79239959;training
0;735.23;12941.19733;3.706094902;training
0;1590.61;41849.10882;5.86460578;training
0;1332.36;26636.2701;5.490980488;training
0;1994.75;32096.79582;15.46678591;training
0;1063.65;13341.81004;11.09579774;training
0;1178.4;19025.53418;7.536833597;training
0;1738.5;23400.80371;18.28122767;training
0;1666.07;42433.6107;5.637632913;training
0;1709.47;27497.71263;18.37432084;training
0;1760.61;41033.00196;9.362808467;training
0;1616.36;32556.73528;10.85187806;training
0;1062.27;33796.53362;4.573444017;training
0;1798.62;55678.19483;7.122355261;training
0;1663.15;56005.4428;7.606781666;training
0;1105.83;32132.58765;4.620438792;training
0;1509.98;39111.25709;4.12457067;training
0;4251.44;78436.03691;35.23026504;training
0;1379.73;47391.99337;6.237951427;training
0;1318.03;40398.00407;3.839331227;training
0;1277.32;41281.65859;4.930478287;training
0;1904.88;51065.2911;5.414393392;training
0;1828.34;50383.72659;6.501403294;training
0;1918.93;47742.98049;6.005393732;training
0;2305.33;62745.51703;10.90460137;training
0;1850.26;66313.46381;6.440117988;training
0;2050.89;52913.33233;15.04957168;training
0;1769.96;37656.32167;18.57612484;training
0;1782.02;38941.22168;17.85633837;training
0;1063.56;16580.16021;10.64425516;training
0;1856.1;45437.8196;16.65690833;training
0;2137.07;18564.33294;47.321691;training
0;1285.54;34847.50831;5.518973676;training
0;1253.03;34567.58239;3.706200297;training
0;1238.19;26918.46043;6.858430522;training
0;1840.02;45617.33411;17.69170387;training
0;1898.38;49187.26252;16.05712778;training
0;1832.66;45596.11414;17.65952081;training
0;1189.41;23812.91006;8.896815082;training
0;1172.64;22816.03405;9.793598594;training
0;544.65;18591.68009;2.877672027;training
0;283;4654.864691;1.469600516;training
0;543.09;17721.43818;2.548137371;training
0;250.78;4065.460224;2.299967473;training
0;532.15;18012.36118;2.634144182;training
0;465.06;5520.625052;4.571170432;training
0;536.28;18445.76094;2.848839264;training
0;533.33;18435.0806;2.770578829;training
0;544.28;18754.30123;2.870579488;training
0;532.95;18102.85506;2.60985106;training
0;528.74;18026.03709;2.649071743;training
0;531.09;18100.25277;2.612027564;training
0;544.17;18207.10156;2.515579411;training
0;456.26;13359.07779;1.915226109;training
0;275.71;4977.246704;1.454644704;training
0;747.7;28632.85824;2.072348345;training
0;1250.8;30012.34404;3.959050387;training
0;904.88;28982.02613;5.137561492;training
0;820.48;30050.04605;2.384935525;training
0;794.73;22311.33892;3.523828339;training
0;1993.43;369551.6274;1.379533901;training
0;2014.86;512727.5291;1.309304382;training
0;1910.2;390938.9415;1.347214837;training
0;984.41;83292.81924;1.515584619;training
0;1985.61;368677.6328;1.366882824;training
0;4376.93;889108.4138;4.067172139;training
0;2061.74;506595.8046;1.322792133;training
0;1282.12;216994.3214;1.463658005;training
0;1858.15;422536.3708;1.311979667;training
0;1929.07;384535.8886;1.373294719;training
0;2021.88;375705.2253;1.368484451;training
0;1928.19;385788.1203;1.373702006;training
0;1591.33;258617.8959;1.383261994;training
0;1935.46;412117.5351;1.331740549;training
0;1448.69;18303.28492;25.70569448;training
0;1515.7;27834.81685;16.41349183;training
0;2071.24;20917.69695;52.7232533;training
0;2792.76;234943.4446;3.884361013;training
0;1487.58;25484.84211;17.8832685;training
0;2856.06;263309.4864;3.472856198;training
0;818.69;16823.74453;6.295171359;training
0;646.45;13048.90764;4.398683212;training
0;700.08;14995.67988;4.208192793;training
0;386.34;5545.35217;2.853765229;training
0;642.22;14685.29015;3.833539723;training
0;1078.87;11214.56864;24.85972495;training
0;707.51;15040.3773;5.038909931;training
0;745.97;10614.95098;6.340941032;training
0;749.08;12943.70393;3.917114239;training
0;803.12;16237.37584;4.10322391;training
0;689.28;17346.79068;4.599115219;training
0;825.44;15683.7703;4.492483618;training
0;1022.74;21750.45238;7.860583664;training
0;1007.43;25858.24164;6.508050534;training
0;133.38;1351.936147;1.773293477;training
0;83.78;672.0006934;1.431522353;training
0;75.27;519.4159877;1.409559039;training
0;67.35;342.0568302;1.645832317;training
0;134.05;1301.585891;1.698228988;training
0;239.75;1481.702287;3.114805173;training
0;135.84;1422.044696;1.765140025;training
0;135.31;1414.616443;1.715640876;training
0;131.55;1305.756638;1.698145782;training
0;110.49;889.5080254;1.492472635;training
0;133.75;1307.596934;1.694728052;training
0;106.6;893.6963106;1.489290529;training
0;127.22;1248.767097;1.614289049;training
0;113.65;979.9402423;1.508642433;training
0;81.61;506.7272229;1.650112891;training
0;80.28;496.22199;1.701462041;training
0;81.3;506.0888506;1.650703569;training
0;44.97;149.313434;1.622584111;training
0;79.01;473.0832428;1.728918708;training
0;260.14;2878.683194;4.494679996;training
0;79.36;476.893881;1.624056867;training
0;65.59;343.2395069;1.485351834;training
0;48.24;169.1169074;1.539456056;training
0;59.17;300.3846017;1.450370098;training
0;79.02;476.5488117;1.698682438;training
0;59.79;307.1931906;1.449630541;training
0;79.32;490.4721134;1.688832404;training
0;80.96;499.5724984;1.748742303;training
0;2818.88;638680.7815;1.756976469;training
0;2480.05;547073.2996;1.437945498;training
0;1053.6;89711.17683;1.714033886;training
0;2675.6;582388.3451;1.623530262;training
0;1305.01;141859.6472;1.538327682;training
0;3486.14;461358.5867;3.693620496;training
0;672.81;35681.42003;1.747100617;training
0;58.42;318.1252863;1.461761834;training
0;70.38;414.4349281;1.501327485;training
0;75.26;464.9628699;1.518181276;training
0;41.11;138.4905952;1.490895125;training
0;58.4;304.5973931;1.464759377;training
0;206.52;1151.127942;3.669624908;training
0;65.1;346.6519854;1.481772091;training
0;70.72;379.2865476;1.51661859;training
0;72.89;407.6612128;1.51634138;training
0;73.71;446.9486972;1.552116676;training
0;58.55;315.0077144;1.460621176;training
0;74.88;453.1712336;1.554957168;training
0;62.71;349.0276412;1.47381513;training
0;69.52;414.572488;1.475988853;training
0;1124.02;121207.7118;1.432503396;training
0;1111.56;114258.8344;1.420196488;training
0;1016.74;98803.97617;1.405568007;training
0;550.22;28038.69457;1.432716918;training
0;83.24;524.2925045;1.639503957;training
0;3364.14;426263.3507;5.507779682;training
0;1020.13;99626.07925;1.405021366;training
0;1110.78;114434.7386;1.417899825;training
0;1061.51;108186.0813;1.412383972;training
0;1079.93;109569.9225;1.422994322;training
0;1073.42;111176.7903;1.428354679;training
0;1082.48;108993.2589;1.427550281;training
0;1105.04;113481.9287;1.421655258;training
0;1059.32;108724.6726;1.415257466;training
0;514.35;12385.89977;1.746302432;training
0;524.03;14774.76763;2.329082195;training
0;522.89;14267.62756;2.448450057;training
0;218.59;3332.022713;1.622439619;training
0;483.24;14851.70195;1.754172567;training
0;1307.64;21904.13256;20.45220596;training
0;436.65;9897.718183;1.48378706;training
0;508.58;10399.05174;2.21007263;training
0;471.27;14119.44502;1.834264779;training
0;506.34;14810.51573;2.103633319;training
0;482.87;14909.31366;1.748816078;training
0;505.79;14779.73028;2.095883403;training
0;485.55;14060.91932;2.032013583;training
0;503.68;14293.22548;2.234805062;training
0;1045.67;97275.46692;1.431875872;training
0;2086.17;89410.25653;7.742236917;training
0;2388.3;142379.1328;7.617059345;training
0;1020.81;33492.30935;5.468452797;training
0;2112.94;190771.6715;4.723377544;training
0;1957.02;65235.06254;6.82888125;training
0;1865.84;98766.64062;4.175860298;training
0;1438.04;80245.2616;3.167936579;training
0;2116.02;150973.2988;5.926168417;training
0;1317.48;105739.3486;1.599791914;training
0;2129.88;141174.5909;5.80417372;training
0;1346.68;94113.21875;1.802343381;training
0;1945.3;83975.17565;6.855279457;training
0;1118.09;45068.5265;2.622730685;training
0;1753.62;125467.2129;3.083425996;training
0;1275.7;137167.531;1.62276427;training
0;1895.05;205908.8541;2.622728712;training
0;708.58;33493.84012;1.845004674;training
0;1285.78;130492.8433;1.508575034;training
0;1871.68;84738.99051;3.870575319;training
0;1802.91;147217.8776;2.581482561;training
0;1469.56;123076.5494;1.608504766;training
0;614.35;31763.48816;1.3964289;training
0;1753.88;189026.9565;2.331280037;training
0;1797.14;119820.0534;2.963263575;training
0;1944.61;195160.2992;2.871058511;training
0;1365.47;108162.0053;2.619361727;training
0;1651.26;135337.1094;3.284201292;training
0;5290.32;970637.1444;5.381911999;training
0;3910.3;600190.6221;3.342981241;training
0;1789.59;143007.6424;3.195719402;training
0;1965.82;276758.841;2.0410043;training
0;3908.74;672531.036;3.537740116;training
0;1739.31;99347.62653;4.586020616;training
0;4595.77;811194.8281;3.493350556;training
0;2895.84;414901.8522;2.925163134;training
0;3294.12;360388.119;4.210431841;training
0;4426.18;667076.0248;6.303784606;training
0;5000.13;834416.3336;4.224781767;training
0;3616.59;560866.9018;4.226506338;training
0;1570.1;160006.459;1.897000353;training
0;1264.29;83474.79258;2.042967115;training
0;132.45;1294.20585;1.778079743;training
0;115.62;1010.543452;1.574709505;training
0;112.21;986.3270823;1.578946474;training
0;73.32;419.7928916;1.613085151;training
0;134.06;1258.688706;1.721433014;training
0;195.83;1486.271532;2.500840634;training
0;134.66;1316.520358;1.808947321;training
0;133.62;1297.80662;1.783934782;training
0;137.6;1310.642573;1.778115932;training
0;125.16;1064.495721;1.695977369;training
0;131.88;1263.19579;1.728994596;training
0;124.9;1073.964529;1.690929226;training
0;133.39;1201.929257;1.747177079;training
0;127.81;1093.203644;1.616492802;training
0;1908.25;36671.31119;14.05862556;training
0;1252.56;12044.24052;23.14900592;training
0;1977.78;25867.36484;30.8753215;training
0;1047.48;12277.04404;16.28572448;training
0;1894.52;28853.57126;20.04055644;training
0;1930.25;40075.04413;9.920656543;training
0;1916.36;63228.34383;7.216234221;training
0;2363.05;73166.63562;4.387882752;training
0;2715.85;76952.00999;11.19261516;training
0;2330.36;29450.09852;24.92526347;training
0;1767.14;28664.71278;18.14501297;training
0;2055.34;29282.10712;17.48056206;training
0;1748.41;23684.70873;19.41539008;training
0;1749.24;21568.61605;27.72099486;training
0;3700.39;355840.2229;3.411288125;training
0;2429.4;224880.1639;2.984173223;training
0;2733;286929.8643;3.136368056;training
0;1271.24;61845.1496;1.98325645;training
0;2842.07;334341.863;2.79169226;training
0;1279.3;60775.61675;2.400933657;training
0;4010.17;575689.0089;3.192380244;training
0;3862.24;574681.4981;2.647544432;training
0;3557.75;435365.0875;4.230354575;training
0;3132.17;345945.7806;2.942986487;training
0;2561.69;336992.9856;2.265325059;training
0;2598.52;301844.8049;2.221729986;training
0;2352.06;254910.7797;2.39858257;training
0;2518.99;204974.4786;2.906257571;training
0;1400.06;209061.5116;1.344075125;training
0;1419.69;197241.3838;1.408274461;training
0;1435.07;207287.3926;1.403441382;training
0;1083.5;103283.3493;1.460694492;training
0;1409.88;195776.935;1.397630909;training
0;2263.61;273358.2607;1.857566428;training
0;1441.72;217239.3175;1.35875225;training
0;1396.06;207839.4153;1.354702247;training
0;1329.51;177003.7604;1.360681604;training
0;1500.2;214571.2906;1.345328253;training
0;1400.74;197405.4724;1.394324994;training
0;1506.67;216188.6174;1.343470897;training
0;1418.41;199656.6295;1.403266012;training
0;1335.23;167971.2591;1.418890455;training
0;102.64;862.5590553;1.529207059;training
0;103.21;878.0860328;1.537694447;training
0;100.04;833.4581741;1.533480323;training
0;62.05;314.6340092;1.573294851;training
0;101.96;840.4520651;1.54316114;training
0;168.07;1388.058383;1.966810979;training
0;103.69;877.350193;1.547538623;training
0;103.75;885.3711366;1.570664401;training
0;102.62;870.4320163;1.535139315;training
0;96.45;789.1463956;1.536691042;training
0;100.94;836.4582364;1.544490872;training
0;96.95;797.4603331;1.523144502;training
0;103.23;866.0070248;1.544448861;training
0;106.21;915.1026494;1.562335272;training
0;186.63;2069.000351;1.512073957;training
0;193.16;1861.105081;1.445504628;training
0;127.1;1156.720613;1.654926196;training
0;170.2;2311.135477;1.383122218;training
0;185.72;1960.641041;1.482296848;training
0;845.05;15724.72956;7.049090937;training
0;184.71;2157.741926;1.517891681;training
0;187.95;2255.063523;1.508992489;training
0;184.26;2237.164677;1.503765609;training
0;187.52;2207.696503;1.430276697;training
0;185.04;2012.779371;1.471203778;training
0;188.65;2216.615473;1.432045992;training
0;187.78;1892.19846;1.469184963;training
0;189.83;1873.676566;1.454651391;training
0;1438.24;100753.9954;2.482060851;training
0;1479.78;103985.4694;2.591497046;training
0;1437.84;96943.53034;2.605017342;training
0;807.35;50379.80219;1.658074602;training
0;1450.63;107855.7998;2.328823259;training
0;4519.64;312794.9473;21.91560326;training
0;1439.23;97199.9244;2.589498813;training
0;1492.49;102978.5143;2.5789076;training
0;1411.12;89133.77328;2.456760424;training
0;1454.28;105714.0061;2.291498876;training
0;1449.53;108494.1915;2.305889114;training
0;1458.39;105066.5319;2.322629445;training
0;1424.52;104485.2629;2.317139125;training
0;1416.91;96362.46671;2.523018266;training
0;790.37;30647.83434;1.767538852;training
0;784.81;29403.14806;2.412441094;training
0;835;35510.56934;2.221137909;training
0;364.11;6970.136773;1.899037387;training
0;534.42;23636.8244;1.352064935;training
0;1493.94;37558.91721;8.773578332;training
0;715.74;22080.46161;2.322051573;training
0;868.8;28148.12603;3.422611207;training
0;805.82;32225.821;2.421345454;training
0;810.26;32096.16497;2.814443699;training
0;532.48;23571.4545;1.35354438;training
0;812.62;32107.96813;2.819545021;training
0;615.09;21671.81205;1.603464085;training
0;768.59;23324.00158;2.129274059;training
0;1248.44;36656.08719;6.788966567;training
0;1943.78;76079.5725;7.478056008;training
0;1713;55453.9388;6.553603426;training
0;950.12;21947.33638;6.998964463;training
0;1735.97;57451.87465;9.383653828;training
0;2135.78;28326.51384;34.38616887;training
0;1260.9;35969.34647;7.042481054;training
0;1163.53;30426.99342;6.500424086;training
0;1207.69;32359.0732;5.717831108;training
0;1318.34;37813.04697;6.567754504;training
0;1727.93;57254.89883;9.360086193;training
0;1760.38;66714.45824;5.139623034;training
0;1879.76;59620.2584;10.25725779;training
0;1272.64;42025.09555;5.674389303;training
0;3061.68;612977.1512;2.209687421;training
0;1975.61;308582.3048;1.640770537;training
0;1800.15;296641.3583;1.473423205;training
0;3651.82;923878.1147;2.231156342;training
0;1959.84;322155.475;1.465086655;training
0;3903.3;237579.6787;11.60304392;training
0;1801.19;308643.3306;1.561003227;training
0;2090.63;346830.8636;1.598467824;training
0;1650.73;195383.909;1.907788374;training
0;3133.85;827792.4147;1.649119287;training
0;1637.18;202234.3004;1.731634495;training
0;2138.47;440341.5393;1.39811051;training
0;2703.23;404389.7603;2.447900287;training
0;2677.14;536036.2985;1.576753633;training
0;3446.86;743363.1793;2.637722159;training
0;3033.22;436954.1512;2.211548426;training
0;2643.29;439386.896;2.034714564;training
0;1691.37;108083.6017;3.685414557;training
0;3777.38;518131.9927;4.412708909;training
0;3755.83;282026.1892;6.112059813;training
0;3069.97;464273.2237;2.660011653;training
0;3254.32;719500.4598;2.144418812;training
0;3174.42;734043.3018;2.000439308;training
0;2463.18;329200.1404;1.753251441;training
0;3481.03;742107.8755;2.775086728;training
0;2675.8;328833.0267;1.793181134;training
0;2189.73;273047.8365;1.634425571;training
0;3067.81;380657.4791;3.194414618;training
0;2086.65;96902.28185;6.262316596;training
0;1925.71;104076.6909;4.45301208;training
0;751.98;30391.38409;2.342075933;training
0;934.32;28615.41061;4.622655654;training
0;1951.79;113814.7892;5.104713046;training
0;1669.28;37145.09191;11.32324886;training
0;1662.71;97271.6396;3.372991242;training
0;1904.74;99502.34642;3.300684385;training
0;1675.31;92381.28463;4.1611628;training
0;2262.97;122442.5218;3.378889983;training
0;1771.4;104774.4469;4.067592073;training
0;1865.93;122625.7768;3.248665928;training
0;2378.52;124420.3232;5.98934527;training
0;1280.92;34005.82508;4.745825957;training
0;1894.04;29551.43549;18.12106015;training
0;568.35;7121.799463;3.460218046;training
0;631.98;9945.853699;4.58899259;training
0;1529.55;34933.66335;9.481248194;training
0;1437.29;18382.07005;14.43831781;training
0;1748.08;24061.39534;17.32407366;training
0;1817.8;29611.82963;22.01772407;training
0;1691.18;24944.63752;18.80008319;training
0;1352.66;27044.65817;11.61054604;training
0;1509.99;33085.99116;8.815334554;training
0;1778.55;25433.54988;16.70262655;training
0;2246.72;42622.28968;17.86817499;training
0;1658.81;32417.08966;10.37010249;training
0;1732.53;39095.21195;9.266187849;training
0;791.58;13252.42048;4.866463183;training
0;1871.38;38184.71636;5.548067533;training
0;1751.99;49026.52889;5.56396474;training
0;1361.94;28984.6071;8.328788414;training
0;1840.67;23311.15156;21.4698007;training
0;957.64;9108.878998;16.48889546;training
0;813.98;8247.994474;12.52073958;training
0;1547.18;29754.9301;9.235249778;training
0;1792.06;50745.76003;6.570126979;training
0;1538.28;29854.70087;9.05689063;training
0;1790.17;43172.81177;8.781084357;training
0;912.48;12099.5565;6.617761811;training
0;1705.5;60330.95683;5.203356109;training
0;1172.71;27048.38468;8.601939154;training
0;1115.48;25573.18407;8.577065999;training
0;592.45;11836.46071;2.212606601;training
0;985.69;45546.16559;1.850126781;training
0;2362.51;93547.14516;7.911958268;training
0;1256.67;29503.19183;6.335570828;training
0;1565.47;30694.44397;8.273993631;training
0;1091.36;28930.25075;5.481127158;training
0;1141.41;35167.84634;4.972371307;training
0;1000.19;45451.49103;1.847299505;training
0;1133.17;35131.40917;4.960739054;training
0;1156.9;26862.43884;6.062225774;training
0;1209.23;27258.78648;8.052442376;training
0;1719.91;33895.25851;15.33216004;training
0;1172.04;19113.08666;8.178606495;training
0;1031.2;17290.90639;7.986571459;training
0;1172.4;33081.63827;4.37272408;training
0;1200.41;34632.38454;4.052254431;training
0;1701.86;70592.83722;5.820520006;training
0;1160.95;14631.57174;10.59410344;training
0;1165.09;12510.86742;17.63399249;training
0;1122.82;14936.33581;15.13055474;training
0;1146.93;16495.82267;11.67181872;training
0;2321.46;108965.2951;4.796898283;training
0;1108.1;16692.29992;10.28800141;training
0;1861.17;31677.62448;14.98003751;training
0;1126.49;20906.80152;7.875623313;training
0;1351.86;37616.60361;4.677961783;training
0;646.14;8049.015227;9.460146121;training
0;638.01;8004.024917;9.344959359;training
0;664.03;9489.26139;4.859731037;training
0;1348.26;29570.98837;5.11528742;training
0;973.91;16946.54085;6.705893026;training
0;848.73;11745.048;6.515777949;training
0;543.49;9018.426684;3.613007135;training
0;589.78;9695.850842;3.688123829;training
0;1274.47;18857.0848;19.15230734;training
0;1346.33;29574.40313;5.124151248;training
0;1285.49;18896.35238;19.26767002;training
0;1317.06;21107.59603;13.58646775;training
0;1331.31;18263.41214;20.37654084;training
0;814.83;7903.749577;12.59227563;training
0;1592.47;23982.10432;16.88503678;training
0;1253.54;12687.38648;16.47069113;training
0;1829.7;44547.66816;6.028532498;training
0;1599.45;24181.013;17.20018642;training
0;1827.99;44972.11052;6.013254934;training
0;1706.76;43863.03338;11.91973402;training
0;1896.83;41323.46198;11.93869011;training
0;1541.56;38476.02293;6.234565383;training
0;1494.55;35150.66935;5.801284625;training
0;1704.42;40805.17764;7.825236761;training
0;1682.55;52092.7398;8.798913697;training
0;1196.26;22481.79192;7.423489667;training
0;1982.1;44264.11878;15.85532741;training
0;1017.69;23867.14138;6.3649796;training
0;1160.5;30318.1854;6.015828992;training
0;1690.67;40187.12325;8.026768412;training
0;1168.82;30894.49003;5.729159901;training
0;1197.13;32856.72327;5.220594555;training
0;1622.47;36748.50787;6.109328312;training
0;2051.03;98069.19646;4.887361957;training
0;1841.94;88879.95952;4.691926378;training
0;1833.6;88953.36177;4.350284508;training
0;2368.11;94409.44079;7.351184987;training
0;1866.39;87801.55478;3.430579183;training
0;4438.34;186019.8271;20.57308946;training
0;1752.69;77960.21139;5.029743112;training
0;1664.09;74683.34188;4.983857215;training
0;1733.71;72196.65936;5.00167099;training
0;1601.56;81796.11597;3.181034163;training
0;1761.93;87638.66281;3.363848292;training
0;1601.28;81237.25949;3.303885199;training
0;1544.9;78947.78964;2.654375127;training
0;1857.84;71908.51778;4.174497626;training
0;1606.22;38366.54139;7.528516179;training
0;1285.68;38363.93849;6.326813023;training
0;1262.9;33520.62721;6.349672788;training
0;1251.17;32790.26283;5.710813065;training
0;1741.54;26545.65225;22.31770904;training
0;1584.05;51169.45438;7.859047763;training
0;891.98;65180.82039;1.622748709;training
0;1253.03;36456.40948;4.471286834;training
0;1132.57;25463.47416;6.081283342;training
0;1311.31;34166.55597;5.899971374;training
0;1188.68;26129.80133;5.826743821;training
0;1213.99;32823.65976;6.878040885;training
0;1202.32;32525.66702;6.8577395;training
0;1436.81;55542.95532;3.058845081;training
0;1416.56;57357.88661;4.094784591;training
0;1316.83;64069.70472;4.024717537;training
0;1298.3;49687.02504;2.870247856;training
0;1668.98;59669.6299;5.10376272;training
0;1792.04;64947.27236;4.518349783;training
0;1130.62;54954.51632;2.622520142;training
0;1599.58;81772.62797;4.963099291;training
0;1308.68;55255.85161;3.971692585;training
0;1239.09;57934.08212;3.67409138;training
0;1623;58177.89711;5.285551291;training
0;1245.53;55810.57787;3.785685997;training
0;1270.76;53557.45834;3.016954836;training
0;1082.28;43276.81069;2.797102085;training
0;1059.12;20142.34235;8.011492751;training
0;991.02;18723.92297;7.656475826;training
0;960.59;18544.9019;4.83976123;training
0;1243.76;18005.61577;11.15074218;training
0;1005.57;21598.26468;8.01781527;training
0;1485.18;24677.20595;14.35058557;training
0;1000.06;20432.55742;6.710738293;training
0;1008.37;18618.10783;7.293065943;training
0;1043.79;21768.94874;5.04613395;training
0;1186.74;22864.2134;5.603508957;training
0;1092.95;21389.32122;8.477999614;training
0;1208.69;23015.30097;5.890038327;training
0;1010.9;19393.50711;8.781112993;training
0;1011.06;20624.87455;7.106683707;training
0;913.19;18311.10352;6.257317938;training
0;951.81;17663.34887;6.458269453;training
0;923.81;15340.27275;5.828210678;training
0;378.12;5156.837866;3.932727453;training
0;887.59;19293.13901;6.171601746;training
0;1046.35;9615.827967;26.18823484;training
0;903.38;18009.53185;6.231859894;training
0;942.48;18668.27463;5.950933368;training
0;979.67;18685.76616;5.94179565;training
0;773.91;22627.57962;2.392184812;training
0;881.92;19266.93017;6.080258822;training
0;773.12;22551.31452;2.393637282;training
0;920.92;18838.24494;6.553869914;training
0;960.51;18380.64654;6.926685881;training
0;2749.91;130608.9221;10.13844494;training
0;2387.34;110693.6242;7.370688157;training
0;2392.12;111960.6336;8.461054413;training
0;713.99;18197.795;2.141644119;training
0;1727.84;86184.22939;2.418561781;training
0;3703.59;161744.79;11.13526184;training
0;2583.95;120462.9714;10.59604208;training
0;2564.52;109032.9882;10.91849272;training
0;2497.12;108557.8002;11.03969301;training
0;2460.34;116368.3397;10.65546924;training
0;1721.65;86111.29041;2.431889487;training
0;2464.68;116581.3283;10.69984679;training
0;2667.1;171444.477;6.616691138;training
0;2920.27;138301.6521;9.858072007;training
0;1664.53;19544.92116;14.79735255;training
0;1223.02;20357.21942;6.620268499;training
0;1382.28;23999.08934;5.523748454;training
0;1393.73;15684.35832;11.4735816;training
0;1444.63;18618.86308;14.8443444;training
0;2417.36;31508.09309;16.55314015;training
0;1454.37;20297.92633;10.8570376;training
0;1280.46;23252.71632;7.767222437;training
0;1354.94;26572.02069;5.215151848;training
0;2228.01;55189.2401;6.515472943;training
0;1402.91;16878.79019;13.85825648;training
0;2225.61;57031.79242;6.046386939;training
0;1650.11;20951.93635;15.01363501;training
0;1137.66;16408.58989;7.63168231;training
0;2702.05;44945.60789;26.13990177;training
0;830.88;11359.58931;8.742816978;training
0;1545.45;21216.0348;14.06785265;training
0;1007.3;18270.99713;5.58358114;training
0;1802.44;55797.5739;5.091401971;training
0;1223.39;33075.56409;6.409281563;training
0;1503.42;24264.13579;9.18276573;training
0;1474.88;19422.27367;16.13785388;training
0;728.72;8654.678759;7.991758602;training
0;1727.23;19413.30278;24.88217938;training
0;1819.32;56538.87053;4.897043099;training
0;1727.72;19314.42838;24.46157544;training
0;2268.49;50154.88701;10.03960785;training
0;949.35;18440.4604;6.593923374;training
0;100.48;787.0849809;1.545318981;training
0;105.13;862.7791441;1.59422623;training
0;105.01;897.2214323;1.56859304;training
0;56.63;264.6039802;1.550585385;training
0;95.88;750.5588215;1.538053491;training
0;144.4;1125.10342;1.811805681;training
0;98.46;769.5372461;1.540064497;training
0;101.12;816.8198833;1.561405174;training
0;101.14;797.4771322;1.576117093;training
0;101.64;832.1123349;1.609407916;training
0;95.96;755.981543;1.521180567;training
0;102.6;830.0586091;1.610587647;training
0;98.61;784.2611302;1.555126134;training
0;103.62;860.8291958;1.580536225;training
0;2720.13;115590.5127;7.612845449;training
0;2133.86;91402.1984;5.672360342;training
0;1637.18;68068.97886;5.700006785;training
0;1349.49;45452.78443;3.939053224;training
0;2113.15;119979.8737;4.13633532;training
0;2145.78;69866.83972;6.149956663;training
0;2812.78;96767.14071;9.414827846;training
0;2316.96;107278.083;7.006995975;training
0;1429.66;56615.1928;4.063963981;training
0;1384.46;60509.73541;3.532107593;training
0;2052.99;119727.9835;4.289044334;training
0;1392.48;58366.73278;3.617807402;training
0;2044.57;88812.93248;5.163723824;training
0;1859.26;72172.00687;4.827005171;training
0;2235.45;33340.71313;18.87172851;training
0;1759.29;26086.99824;15.3318643;training
0;519.77;25033.74186;1.416626484;training
0;2278.51;125430.7599;4.727163026;training
0;2172.96;121919.3428;4.303015281;training
0;4117.07;311000.7755;7.300337568;training
0;797.39;48813.59249;1.426778292;training
0;1566.04;185368.5891;1.680412829;training
0;2019.97;78329.36254;11.61815851;training
0;1597.6;25928.82927;20.11997215;training
0;2680.42;111783.9818;8.384184053;training
0;1272.86;27372.03598;6.485798612;training
0;1670.73;42491.95676;5.477742418;training
0;1455.59;32579.57128;6.469764282;training
0;1449.41;30041.11198;10.44144427;training
0;1534.6;31941.18832;11.25000196;training
0;1554.97;32378.01495;9.741600522;training
0;1666.3;28705.32815;14.0141192;training
0;1147.89;26063.21538;9.017210731;training
0;1589.96;30093.19971;15.56105403;training
0;1153.28;24891.77873;8.767167872;training
0;1137.18;24104.81945;5.100331185;training
0;1076.04;27954.03387;4.297531607;training
0;1209.75;29719.11492;6.103569358;training
0;1567.28;32404.74991;12.59416136;training
0;1199.2;29881.62132;6.007991737;training
0;1484.35;31398.32141;12.41696465;training
0;1004.31;23478.51288;7.349701661;training
0;3554.75;788205.3387;2.050255646;training
0;2597.91;392299.9832;2.466834236;training
0;1943.61;316666.6574;1.556521813;training
0;1563.91;193701.2571;1.717343011;training
0;1581.56;186852.3164;1.964136407;training
0;3006.49;282394.9419;3.927254464;training
0;3462.61;809137.2056;2.4147405;training
0;3247.98;687931.4897;1.998152365;training
0;4287.4;1145465.95;2.409776459;training
0;2101.75;391026.7765;1.493951947;training
0;2729.96;498454.954;2.055054031;training
0;3148.97;725177.3843;2.082600243;training
0;2118.9;385011.753;1.499675446;training
0;1615.03;228324.96;1.511331115;training
0;1639.36;25779.57755;6.525862918;training
0;1459.59;24673.0126;8.787817239;training
0;1406.2;32722.84166;7.034079694;training
0;1472.12;33164.72951;7.248525371;training
0;1292.98;28472.89267;6.034698491;training
0;2441.11;72272.91263;12.29251527;training
0;1972.15;33346.38138;11.1788531;training
0;1278.27;27349.30658;5.285428886;training
0;2142.68;39976.86166;12.05090154;training
0;1525.33;42869.97877;4.324721819;training
0;1302.15;29666.89448;5.696752987;training
0;1500.37;44499.94389;4.452424559;training
0;1729.06;24814.92116;11.22936907;training
0;1446.62;19270.96895;10.56047994;training
0;1528.27;24944.21294;14.42690969;training
0;1420.33;24945.7619;7.987279037;training
0;1409.02;24781.70436;8.063647552;training
0;1306.94;19602.09882;11.8173652;training
0;1461.68;24680.10919;10.17088277;training
0;1128.07;20406.96538;7.848319828;training
0;1378.65;27847.80937;7.871755085;training
0;1461.64;27145.27189;7.135759929;training
0;1898.41;49632.33217;6.94174383;training
0;1338.34;21058.02127;12.66795944;training
0;1780.84;49486.26161;6.29757275;training
0;1415.88;27072.13451;12.24277074;training
0;1147.76;17773.35629;8.557376923;training
0;1238.8;20545.06137;4.220624147;training
0;728.91;10374.50996;4.911901077;training
0;620.64;8776.886136;4.372715317;training
0;790.5;8884.606726;7.824206707;training
0;1423.03;26076.15263;4.848651079;training
0;1303.25;19600.85742;10.36653023;training
0;606.72;6231.438993;4.056849419;training
0;591.24;5999.855005;4.533305789;training
0;624.04;5600.494129;5.727814693;training
0;1241.2;15912.73973;9.374669153;training
0;1423.89;26047.08952;4.841907685;training
0;623.65;6066.52954;6.099908983;training
0;966.82;12836.00513;6.582776607;training
0;694.54;12065.48149;4.631151232;training
0;3059.27;447147.7625;1.543671112;training
0;3711.48;519314.0373;2.686489055;training
0;3188.69;499145.4253;1.929730216;training
0;1795.22;85530.13636;4.374287543;training
0;2392.17;316646.7119;1.618936003;training
0;3523.08;237451.5088;3.953824143;training
0;2743.73;448431.2373;1.498287203;training
0;3437.97;449922.496;2.917661918;training
0;3021.26;359028.5567;1.928696283;training
0;1455.23;105314.859;1.672386936;training
0;3045.51;362993.5556;2.167529534;training
0;2562.18;322211.9997;1.501269219;training
0;3362.32;472116.7066;1.759095014;training
0;3746.97;623367.8567;2.724126576;training
0;1705.37;40273.56738;14.69120618;training
0;1666.8;36646.99249;18.0574218;training
0;1425.81;26940.9191;17.09034016;training
0;2110.96;45974.23774;8.42338836;training
0;1605.37;38818.14202;6.459431559;training
0;2555.61;55791.22706;19.00134043;training
0;1682.12;36701.92175;18.03311788;training
0;1656.92;38499.04784;17.580165;training
0;1513.13;31953.59174;17.17957667;training
0;1639.52;37024.41545;17.9330015;training
0;1738.94;40158.81074;6.561772295;training
0;1517.65;32612.73516;16.38969609;training
0;1662.18;36049.70096;12.48401334;training
0;1566.74;32520.96847;16.26977057;training
0;370.81;7299.452482;1.708218782;training
0;341.54;5808.169318;1.574832163;training
0;541.69;16044.14037;2.210443086;training
0;976.4;13102.11161;9.867411129;training
0;476.48;11537.91564;2.224872909;training
0;493.93;9400.684195;3.246349193;training
0;586.9;11481.50441;4.160768905;training
0;624.78;14521.18775;3.717697604;training
0;360.57;8284.669813;1.533131294;training
0;404.16;6689.783538;2.445765789;training
0;604.79;16987.75201;2.717842573;training
0;739.02;20935.87489;3.711090819;training
0;674.35;12938.76421;6.248077472;training
0;755.34;11415.56004;7.63690782;training
0;877.51;11474.53324;8.594861727;training
0;364.39;5236.081032;3.909733004;training
0;670.68;12594.34657;6.259717526;training
0;1168.78;9419.824464;38.68091022;training
0;797.25;15815.89542;6.799296609;training
0;738.6;11418.67055;7.697842717;training
0;718.53;12197.43128;6.50034451;training
0;784.12;14004.65793;3.51321366;training
0;680.24;12496.04155;6.793770854;training
0;795.46;14561.90711;3.762474563;training
0;738.73;20984.98272;4.903955491;training
0;724.76;10560.85831;8.26654968;training
1;1648.64;19548.19258;33.22836371;training
1;1445.54;12635.46009;36.46437778;training
1;1561.57;16680.43248;30.0239181;training
1;1664.3;17544.99549;38.85171147;training
1;1514.54;15146.72572;35.59742372;training
1;1466.18;13257.06374;35.93904566;training
1;2398.37;103711.4482;7.253023021;training
1;1646.41;17410.96877;38.56997716;training
1;2387.43;103829.1063;7.333100862;training
1;1368.89;11444.56793;43.68887779;training
1;1622.59;34781.18838;15.39389086;training
1;1648.09;12413.38133;58.91170901;training
1;1660.29;13080.38246;50.1777765;training
1;1634.34;14129.06698;45.42631397;training
1;1672.97;13667.57345;56.71904656;training
1;1675.59;13036.26922;56.95626884;training
1;1626.87;12761.89494;51.10163896;training
1;1630.9;13920.37048;37.82828972;training
1;1784.19;58584.99432;7.644962862;training
1;1678.08;13413.34906;57.988952;training
1;1847.04;59109.86632;8.197936321;training
1;1560.98;11662.94732;55.59484349;training
1;1680.28;13244.90896;57.59038449;training
1;1739.05;17659.53503;34.16027421;training
1;1466.54;15455.31192;12.63760191;training
1;1409.53;22376.50226;6.441221838;training
1;1866.79;19344.78903;35.29091455;training
1;1687.57;16632.49367;32.21668985;training
1;1727.85;17371.41911;26.39184506;training
1;1717.94;22298.06258;15.75612366;training
1;3061.9;170894.3588;6.498619727;training
1;1876.12;19198.07402;36.44161488;training
1;3201.92;171049.1536;6.46113518;training
1;1654.37;20613.0805;30.71430606;training
1;1455.48;15280.87847;20.82790959;training
1;2099.36;169156.7656;3.859467742;training
1;1475.98;162998.556;1.607379153;training
1;2006.08;141396.7475;3.779896457;training
1;1753.17;180179.5606;1.974209708;training
1;1805.62;39277.55794;18.83613975;training
1;945.32;20248.63619;6.276863221;training
1;1599.69;36595.27199;12.57316124;training
1;1533.13;35244.94992;16.04846199;training
1;1545.21;25044.66669;17.26833832;training
1;999.19;12783.97344;12.20744592;training
1;929.11;12931.30791;9.445121224;training
1;2135.4;46405.74077;8.710801893;training
1;1539.06;33405.30942;14.23935144;training
1;1682.92;42160.23915;6.677927398;training
1;1606;32938.52857;14.24219112;training
1;967.94;17604.59086;8.321034471;training
1;1558.12;50230.99053;5.01459586;training
1;1950.18;111368.2376;4.067995574;training
1;1314.62;37448.51439;5.928068881;training
1;1965.98;107197.2003;4.484899456;training
1;1209.39;33826.52018;7.479717615;training
1;1977.92;131847.4796;3.350744598;training
1;1188.37;33629.39518;6.94648268;training
1;1978.59;129868.3815;3.43747762;training
1;1485.17;30627.53531;14.39733734;training
1;1500.32;28235.27746;15.78532006;training
1;1353.34;27027.67225;14.04665773;training
1;1419.45;30976.70753;12.96490815;training
1;1511.59;34480.02022;11.27159984;training
1;1703.7;38669.76302;12.18344747;training
1;1469.75;32494.66323;7.119146172;training
1;1424.41;30023.89324;13.0936074;training
1;1449.87;31594.88845;12.75208805;training
1;1457.49;31008.33213;13.7093733;training
1;1420.93;33983.79586;10.76648605;training
1;1550.09;31364.11108;15.32217699;training
1;1012.3;11553.39631;10.86165804;training
1;722.46;9995.248158;6.086920623;training
1;808.42;11096.74082;6.131382205;training
1;752.3;10077.01949;7.457497531;training
1;891.13;10835.00439;9.159791932;training
1;880.74;12193.40172;6.568981032;training
1;903.34;13680.46759;4.912210347;training
1;931.8;14860.51829;3.445476311;training
1;750.69;10191.02805;7.27339911;training
1;850.37;14941.75799;2.93115303;training
1;747.23;8929.477737;8.285744406;training
1;722.48;8662.219413;7.974738811;training
1;2766.97;57160.26903;32.25053476;training
1;1238.73;37281.61478;8.737894412;training
1;1247.11;26729.07062;10.97694386;training
1;2833.18;62949.75013;30.42833553;training
1;1746.32;29819.62275;20.61810413;training
1;2893.75;64202.13279;33.17592603;training
1;2968.76;71924.94014;30.62388078;training
1;3382.08;110266.4138;20.19163843;training
1;2189.78;42269.30342;20.44735126;training
1;3349.12;98405.96459;16.04274244;training
1;2809.6;62921.38303;30.24535687;training
1;2850.11;67523.70788;28.09069245;training
1;1671.59;16179.17967;50.11282833;training
1;3725.74;37482.00609;103.4351232;training
1;1792.1;18883.37785;42.7580474;training
1;1698.47;16634.45665;51.1897888;training
1;1657.78;16276.65382;48.44674918;training
1;1651.74;17509.69628;44.08542765;training
1;1713.92;18434.1542;41.16153221;training
1;1722.6;54743.61183;6.393027396;training
1;1783.59;17893.6393;53.54050326;training
1;1739.78;61339.15589;6.38128234;training
1;1793.2;21191.1398;44.74899762;training
1;1661.99;17114.0982;44.78931469;training
1;1354.34;14105.87401;30.63324588;training
1;1259.03;14264.59599;18.60943518;training
1;1454.19;21219.49139;10.59087649;training
1;1285.45;14055.33256;29.17339526;training
1;1336.3;14093.79231;30.07398784;training
1;1447.54;13718.20846;28.16671561;training
1;1605.41;16181.81088;23.17802517;training
1;2655.45;147318.7437;6.894665854;training
1;1316.72;13846.0843;29.60485597;training
1;2656.53;147028.8575;6.879581294;training
1;1300.05;13122.44672;28.62015704;training
1;1248.2;12784.0864;24.44536634;training
1;1657.93;77991.61016;5.849688618;training
1;920.18;24311.57614;5.789076338;training
1;879.09;24026.23104;4.344436005;training
1;1861.5;103484.3934;5.622792306;training
1;1618.59;77444.07252;5.843107525;training
1;2640.5;155081.0478;10.7633187;training
1;2234.22;129122.5213;8.161048645;training
1;1804.69;95331.43063;4.605230278;training
1;2307.27;142039.3222;8.456853997;training
1;2226.71;141309.4396;5.443130232;training
1;1913.58;99840.46879;7.790189024;training
1;2210.94;114297.4826;10.10226993;training
1;1879.72;25563.56533;37.84225097;training
1;1167.17;12035.83806;20.88619587;training
1;1228.21;14964.76028;13.89313248;training
1;1728.94;23011.89623;36.95400355;training
1;1403.66;18830.88873;28.35935075;training
1;1900.34;24705.23867;37.90507603;training
1;1881.78;26153.11219;34.02636783;training
1;2267.62;105208.7008;7.062940795;training
1;1858.14;28351.96666;33.02899287;training
1;2257.1;106308.6626;6.994234287;training
1;1500.74;19477.43249;29.6994959;training
1;1490.43;17568.65431;30.48721122;training
1;1669.28;27307.37334;19.03511772;training
1;1303.15;23163.91004;16.53085722;training
1;1264.59;23867.52076;12.61860036;training
1;1381.28;21334.23575;20.75061732;training
1;1768.13;28899.22297;20.43043996;training
1;1288.88;17578.22325;12.12620508;training
1;1359.28;22503.59242;10.8559824;training
1;1361.48;25519.07198;8.173626461;training
1;1351.06;21540.92738;20.18114871;training
1;1363.9;25538.07953;7.855571761;training
1;1386.23;21646.68364;20.84144592;training
1;1407.27;21686.18182;20.91496011;training
