0;2295.28;101038.3934;5.498051474;test
0;541.17;8030.032091;3.59337588;test
0;1663.24;80928.89788;3.976642337;test
0;2160.98;76044.71173;4.323348861;test
0;34.33;103.8323783;1.506936898;test
0;354.77;5671.272357;2.996492737;test
0;188.34;2475.100492;1.594481151;test
0;1790.95;60025.61926;4.370361321;test
0;2709.56;253227.5559;5.29262971;test
0;643.29;33634.10059;1.521565296;test
0;1052.92;87806.95252;1.540601442;test
0;117.49;958.492443;1.396515328;test
0;474.23;6454.682233;2.562501355;test
0;524.92;10058.5537;3.086279246;test
0;2916.27;348722.4018;2.930839463;test
0;2338.98;35232.13375;25.81090834;test
0;2061.08;46645.07579;9.171344612;test
0;234.78;3494.633325;1.682651217;test
0;1114.25;89349.57331;1.525401642;test
0;3010.62;44438.05479;41.49441243;test
0;2699.04;192239.3801;8.714781365;test
0;3615.01;103876.0872;20.4127945;test
0;925.7;34396.22585;3.67996073;test
0;739.58;41144.39597;1.345479213;test
0;1693.81;73988.28235;4.411478283;test
0;2812.79;359809.2347;2.029808246;test
0;2378.81;24091.52708;27.18803887;test
0;2224.51;37052.53045;16.24380349;test
0;898.71;24534.66171;2.13246501;test
0;2157.53;40500.07018;20.48047479;test
0;2293.31;39378.06546;11.22680474;test
0;1168.77;11573.76731;6.450462859;test
0;2169.43;51482.17378;5.828025412;test
0;1431.56;164121.5452;1.432115351;test
0;2065.5;44188.56417;8.225853191;test
0;1947.36;45219.08369;4.902456243;test
0;3170.19;68282.50964;19.68860619;test
0;3240.53;109584.912;5.584308188;test
0;2239.23;73469.24405;7.73809608;test
0;699.87;21996.8665;1.601201627;test
0;1061.56;38192.46302;3.521807436;test
0;2005.98;56293.78226;8.809034079;test
0;1351.98;116570.9939;1.496714397;test
0;2119.88;49073.73931;9.781398027;test
0;3415.97;79348.31683;13.60511044;test
0;2156.04;61442.51428;6.800281746;test
0;1743.89;143379.5635;1.848143217;test
0;1741.27;72373.54081;4.582572707;test
0;1508.18;225995.2177;1.496964721;test
0;595.09;25901.77704;1.609222906;test
0;2346.59;82953.74911;6.680473472;test
0;3466.95;48776.7501;28.97250717;test
0;949.3;26735.09694;3.179288689;test
0;1527.08;33106.48867;4.486504242;test
0;659.23;24464.35045;1.508132418;test
0;4520.85;57007.93047;55.46410199;test
0;1407.1;46684.505;3.799994501;test
1;3518.33;32242.92703;77.62009027;test
1;3293.76;27060.3532;74.32089282;test
1;3345.26;21874.03112;98.70054936;test
1;1975.54;18578.02912;30.54788835;test
1;2756.77;37816.73207;32.8742344;test
1;3907.06;50593.69894;65.83604144;test
1;1762.3;96846.75106;3.131710181;test
1;2405.52;15150.98439;75.17913585;test
1;2029.6;75422.05282;6.252556788;test
1;2732.5;195855.5018;4.558387636;test
1;2452.31;85297.90235;9.438615005;test
1;821.51;20668.69296;3.820337194;test
1;3540.74;46692.67222;54.14935882;test
1;2869.86;219867.0948;4.003312219;test
1;2837.5;38863.87773;38.16417598;test
0;4282.52;48615.64791;75.72172306;training
0;4240.29;48985.33369;69.20056837;training
0;4194.81;50926.49829;63.67175138;training
0;2007.59;25128.82713;23.92581861;training
0;4306.12;49069.62447;76.19399828;training
0;3184.87;28433.90962;70.53734309;training
0;4275.93;54609.99491;56.26787695;training
0;4268.85;104566.893;17.55510852;training
0;4253.3;121757.2584;14.24836651;training
0;3085.72;73737.4353;21.61722885;training
0;4318.4;49269.62386;76.43171658;training
0;3054.27;73721.88997;21.42819582;training
0;4286.11;46840.98931;78.44775838;training
0;4233.9;47813.31088;72.93086504;training
0;3146.33;59514.66054;27.73801047;training
0;1594.58;22719.18015;9.119253099;training
0;2262.28;28956.45399;23.36050609;training
0;1179.22;17018.11044;4.968506675;training
0;2782.79;55733.46363;10.01404066;training
0;2218.94;33876.05013;8.869975397;training
0;2333.68;45860.26765;23.65233013;training
0;2131.96;23358.49853;28.95262972;training
0;2360.08;28226.09058;17.88963843;training
0;2934.83;43063.91983;28.87013034;training
0;2825.66;56632.44638;10.33417717;training
0;2392.11;38930.57364;26.28166188;training
0;2901.76;49782.75519;15.26638859;training
0;2710.45;46907.57767;18.65947652;training
0;1569.8;54254.2089;4.916894322;training
0;3198.21;114956.8035;12.73326822;training
0;3559.54;130606.8105;18.21187366;training
0;1569.44;51432.58377;6.242568508;training
0;2758.12;90395.37099;12.57775668;training
0;3945.26;104111.5523;30.95006797;training
0;1693.62;58159.10456;4.987292367;training
0;1570.86;55244.89194;4.264594851;training
0;1932.16;84078.15755;6.396127077;training
0;3399.41;128754.066;12.72402492;training
0;3400.47;129234.1637;15.66560734;training
0;3428.38;123258.315;13.60396245;training
0;3441.7;120177.3943;13.05951639;training
0;3197.1;112046.5008;12.29530564;training
0;4474.03;105077.7155;35.26960823;training
0;4169.54;95673.53618;36.94405128;training
0;4163.29;99504.39665;35.08616869;training
0;2209.52;40281.53598;18.75251274;training
0;4374.21;101256.6267;36.88261889;training
0;5146.91;38675.1943;153.8063917;training
0;2067.82;63495.56714;8.334772663;training
0;1339.67;46931.7752;2.433860268;training
0;2001.85;52002.02216;8.258393827;training
0;4422.75;98072.70077;39.57125154;training
0;4422.85;100499.4962;38.04002918;training
0;4430.35;98024.13986;39.56352103;training
0;2081.5;52605.17361;10.97030529;training
0;2049.11;53436.91407;10.67858339;training
0;697.72;24394.32511;3.008901153;training
0;301.48;5756.14401;1.523809788;training
0;655.08;23627.19214;2.641165906;training
0;312.94;5527.514689;2.327357694;training
0;674.88;23968.95667;2.7956532;training
0;1061.34;17293.7041;9.245716202;training
0;693.34;24281.68465;2.909532136;training
0;686.46;24373.40979;2.827334442;training
0;698.97;24650.67927;2.95528574;training
0;675.8;24179.08746;2.699937774;training
0;676.25;24101.95972;2.794248866;training
0;675.12;24140.59224;2.714200519;training
0;676.34;24155.4431;2.835014075;training
0;507.32;16946.67923;2.123182305;training
0;307.47;6281.930619;1.560250698;training
0;919.81;34712.26963;2.743285887;training
0;1784.76;46436.43475;6.850168597;training
0;1138.49;41093.12449;3.569482843;training
0;980.27;36106.82853;3.016366982;training
0;1036.68;36473.80948;3.203056853;training
0;2361.95;566180.7931;1.372131936;training
0;2819.94;794751.717;1.354050664;training
0;2649.89;616635.5435;1.364826447;training
0;1315.74;140849.4671;1.530891116;training
0;2392.99;574460.3341;1.396239893;training
0;5910.94;1209671.614;5.999759059;training
0;2798.77;788881.6894;1.351507467;training
0;1724.62;305151.9165;1.5286699;training
0;2721.93;640569.4771;1.399507269;training
0;2682.95;609177.5224;1.385535242;training
0;2398.09;580922.6844;1.387676609;training
0;2682.9;610751.7191;1.384549364;training
0;2200.44;381346.5688;1.449799971;training
0;3283.59;39822.38436;51.81345605;training
0;3283.59;39822.38436;51.81345605;training
0;3345.63;58059.94406;29.09363327;training
0;4957.76;46449.38547;128.5482771;training
0;3292.97;276108.4758;3.385633608;training
0;3222.42;57431.33174;28.14268693;training
0;3283.99;304159.5795;2.89088476;training
0;1255.81;26388.02273;7.456199234;training
0;941.44;18563.85549;4.909757542;training
0;987.24;20581.00231;4.857201975;training
0;506.47;9276.892763;2.949551816;training
0;970.16;21163.39386;4.594839575;training
0;2298.01;21929.05848;51.90063921;training
0;1187.88;22251.67062;7.023905629;training
0;1209.49;20763.11771;6.642004712;training
0;1039.99;25000.19312;4.30672916;training
0;1354.75;25437.06501;6.822864829;training
0;1024.87;23065.65629;5.153954961;training
0;1407.81;26038.76535;7.413837393;training
0;1710.19;37466.60305;9.758719384;training
0;1595.04;36851.85762;8.641188772;training
0;169.99;2053.586111;1.56177368;training
0;98.54;918.5226974;1.472077637;training
0;93.04;716.1148708;1.494717409;training
0;86.67;546.6874284;1.436748894;training
0;168.01;1983.161259;1.532255054;training
0;308.23;3672.64318;3.073417245;training
0;173.82;2160.65495;1.549996289;training
0;172.38;2156.617429;1.527770147;training
0;166.34;1983.197642;1.506830585;training
0;126.77;1297.036552;1.413971356;training
0;168.59;1991.987326;1.536590575;training
0;126.86;1294.44904;1.414008228;training
0;158.39;1872.994561;1.49661012;training
0;133.22;1437.291991;1.416473986;training
0;109.1;893.8368444;1.447875353;training
0;108.89;881.1906783;1.439560063;training
0;108.53;881.2067638;1.443551286;training
0;57.18;263.6232522;1.425786107;training
0;105.27;846.3063957;1.441390457;training
0;331.94;3724.555405;3.875687979;training
0;105.06;832.0711346;1.44647263;training
0;79.78;581.58676;1.46474305;training
0;48.9;236.3926482;1.689396756;training
0;72.99;502.4647266;1.473724344;training
0;105.28;847.3726622;1.440764701;training
0;72.48;509.3352632;1.473069651;training
0;104.63;865.7788592;1.431676444;training
0;108.58;893.3591088;1.438743443;training
0;4173.35;1083918.608;1.650043478;training
0;3385.3;850910.7277;1.49517666;training
0;1543.92;164370.0137;1.549542604;training
0;3369.2;852945.1348;1.562384458;training
0;1733.03;246577.1001;1.50784798;training
0;4371.05;669529.5853;3.055531692;training
0;972.86;60506.1711;1.6319482;training
0;73.42;493.3274437;1.45824342;training
0;87.21;653.6663777;1.403666687;training
0;93.17;745.4309333;1.391235313;training
0;51.4;221.4398873;1.453462334;training
0;74.09;472.8094899;1.438871215;training
0;219.93;1729.159465;2.466368744;training
0;79.07;540.0821822;1.42316279;training
0;84.85;596.6414206;1.412142138;training
0;89.09;639.9270257;1.402892319;training
0;93.62;733.8592151;1.39840747;training
0;74.7;483.6902956;1.43292719;training
0;94.33;743.4000694;1.393629053;training
0;79.49;542.335609;1.428776931;training
0;85.62;639.2026981;1.410790645;training
0;1583.01;185177.4673;1.628713596;training
0;1541.15;172816.3159;1.645005688;training
0;1458.18;149492.8156;1.611133391;training
0;745.04;44576.68788;1.536467107;training
0;107.02;876.6972953;1.421158774;training
0;4926.16;605928.1134;10.03380992;training
0;1439.65;150921.3644;1.60020767;training
0;1535.03;172905.9724;1.649261161;training
0;1512.98;162785.0537;1.656335702;training
0;1586.25;165926.6376;1.690690064;training
0;1520.68;169323.9882;1.62147148;training
0;1577.05;165396.2917;1.702035168;training
0;1528.83;172587.665;1.624406839;training
0;1511.39;164063.5338;1.633902623;training
0;491.62;15105.50924;2.029558489;training
0;611.31;17588.63337;2.720098866;training
0;617.21;17017.31003;2.859267917;training
0;257.44;4144.181144;1.893477669;training
0;555.9;18114.33414;2.172148583;training
0;1697.09;29019.21641;26.79612622;training
0;428.64;11789.05713;1.582808644;training
0;486.1;12906.78063;2.318961452;training
0;588.23;17331.82851;2.350485756;training
0;580.54;17821.14767;2.493408479;training
0;555.88;18051.07592;2.18813795;training
0;579.92;17476.85594;2.531959503;training
0;563.5;17006.41511;2.433556329;training
0;593.19;17159.40295;2.613273497;training
0;1418.32;138051.1384;1.875820263;training
0;2527.76;194978.338;4.321835464;training
0;2854.47;246539.2661;4.057885212;training
0;1245.32;50494.26248;3.65945977;training
0;2809.78;261875.2798;4.035012861;training
0;3448.59;136150.7579;9.012909122;training
0;2228.2;181924.1398;2.930704319;training
0;2390.82;143431.4217;3.954658913;training
0;2722.95;232053.6349;3.660045619;training
0;1607.35;122322.4318;2.355169648;training
0;2609.84;220925.1995;3.89010458;training
0;1558.87;109870.8235;2.417895481;training
0;2337.25;182884.2562;4.02808016;training
0;1849.36;132398.603;3.546430467;training
0;2145.62;181421.9279;2.430015627;training
0;1703.08;173242.6175;2.084998561;training
0;2302.31;274560.2698;2.63699818;training
0;944.31;43261.71368;2.279958546;training
0;1502.98;163985.436;1.692163384;training
0;3807.87;196809.8979;10.59598512;training
0;2252.03;195823.4887;2.941388412;training
0;1520.05;151633.3209;1.69745563;training
0;794.51;40833.81355;1.785485863;training
0;2246.18;246065.1373;2.305387991;training
0;2137.13;183548.9659;2.355621683;training
0;2394.86;254240.8865;2.662541439;training
0;1759.45;139003.7373;2.4849484;training
0;2221.09;183135.2579;3.005865102;training
0;7220.72;1482236.611;5.790631172;training
0;4615.11;945281.8653;3.513530033;training
0;2569.85;214364.0748;3.264849677;training
0;2770.06;349833.0786;3.378128686;training
0;5419.41;972763.1813;3.674544196;training
0;3850.53;215590.744;12.84557522;training
0;5725.06;1244160.43;3.157992898;training
0;3733.86;537245.7047;5.233970374;training
0;4491.84;551219.7733;5.040833502;training
0;5830.89;1033707.201;4.46947151;training
0;6014.76;1371258.798;4.036314101;training
0;5107.87;813112.482;4.80435055;training
0;2171.32;218243.3771;2.779248368;training
0;1620.36;124636.7248;2.77168482;training
0;168.77;1711.759169;1.797502952;training
0;142.04;1312.124824;1.626506249;training
0;141.08;1277.993434;1.63947833;training
0;91.88;620.1420646;1.480351125;training
0;162.42;1673.807745;1.746965601;training
0;310.83;2324.806976;2.964531658;training
0;171.54;1732.892869;1.831549266;training
0;167.43;1731.522598;1.784490664;training
0;168.98;1728.08772;1.794233686;training
0;150.02;1421.344454;1.723439458;training
0;163.69;1697.203816;1.737298226;training
0;150.59;1440.960575;1.705753987;training
0;160.66;1556.237087;1.817186217;training
0;150.66;1407.369042;1.679494512;training
0;5094.03;54336.64306;64.23546025;training
0;2292.37;22372.17844;37.42303036;training
0;5165.79;46835.89937;103.0902955;training
0;2568.94;19739.78731;50.49658466;training
0;5076.02;47869.84973;84.0327931;training
0;4689.18;49979.31386;29.38451677;training
0;5115.55;84496.67929;24.13643504;training
0;4792.82;128706.1432;16.44074905;training
0;2965.49;104139.9442;3.920166682;training
0;5042.91;53925.84875;78.7034362;training
0;4827.19;50608.84182;75.27480124;training
0;4771.01;54249.18226;64.44194791;training
0;4826.65;46638.72531;85.18495519;training
0;4874.31;47024.15849;93.2476116;training
0;5288.41;921448.69;4.352144115;training
0;4187;544592.54;4.971379378;training
0;4231.83;642469.1948;4.308234942;training
0;1576.58;105967.5552;2.117882341;training
0;3939.44;487841.7845;3.416070721;training
0;1965.64;96074.71167;3.131884983;training
0;6349.4;1044742.626;6.61850563;training
0;5970.99;833648.9465;5.68473873;training
0;4763.88;722651.4893;4.043914061;training
0;4463.15;564207.9468;4.503650963;training
0;3617.59;570834.804;3.308357304;training
0;3375.6;414394.4804;3.153096195;training
0;4085.26;487628.6953;4.189373154;training
0;3816.37;499011.4735;3.951054508;training
0;1978.07;314905.4671;1.405327762;training
0;1978.44;297336.1738;1.4472923;training
0;2046.16;317690.7116;1.464648153;training
0;1463.28;159372.8453;1.595390726;training
0;1969.53;299172.6414;1.458471929;training
0;2442.25;341775.9617;2.29702615;training
0;2011.72;333000.4529;1.423892453;training
0;1977.76;313207.4276;1.425531477;training
0;1889.34;265746.5167;1.427833248;training
0;1991.79;325340.4244;1.398336645;training
0;1968.59;302403.6116;1.452966077;training
0;1992.82;326662.0283;1.395333657;training
0;1971.69;302538.566;1.437997101;training
0;1846.48;252065.0908;1.436519706;training
0;128.72;1309.066513;1.399986747;training
0;130.16;1328.111415;1.403447931;training
0;126.49;1264.090492;1.406875783;training
0;80.09;474.7182534;1.447674712;training
0;127.04;1290.156484;1.394143777;training
0;259.6;2934.55458;2.372627287;training
0;130.09;1334.195994;1.404383349;training
0;133.57;1359.84451;1.418532468;training
0;129.96;1323.73989;1.410411436;training
0;124.15;1214.511956;1.403824304;training
0;127.06;1288.129086;1.3933843;training
0;124.1;1222.545427;1.399426608;training
0;127.12;1320.572848;1.397213554;training
0;133.47;1402.540045;1.406222739;training
0;220.5;2590.85254;1.57901438;training
0;238.75;2484.75269;1.39567167;training
0;155.6;1609.704797;1.611822268;training
0;217.01;3198.828446;1.34130073;training
0;224.31;2528.415168;1.46962189;training
0;1082.36;15769.13313;12.11238893;training
0;218.24;2761.124675;1.558375256;training
0;219.95;2962.099954;1.527753278;training
0;224.57;2938.079028;1.518423991;training
0;231.12;3015.561146;1.397636433;training
0;235.31;2664.899984;1.45570243;training
0;239.26;2994.083639;1.420027626;training
0;227.19;2433.73382;1.458936511;training
0;235.29;2428.120498;1.431922544;training
0;1871.83;118616.5271;4.056673556;training
0;1912.68;121930.6876;4.307500558;training
0;1871.09;113226.3805;4.301451487;training
0;1080.07;62857.00857;2.56181298;training
0;1867.85;127185.2971;3.791911668;training
0;5851.06;353907.0402;35.30239517;training
0;1884.61;114311.4825;4.234068699;training
0;1953.28;121699.058;4.367648036;training
0;1754.72;104411.0561;3.967004898;training
0;1938.14;126983.2362;4.369566035;training
0;1867.41;128662.2752;3.763231371;training
0;1937.84;124766.6239;4.448752694;training
0;1857.72;123294.9099;3.711314642;training
0;1831;113189.0444;4.078465606;training
0;823.37;38101.07246;2.047620844;training
0;958.8;37106.21655;2.6768551;training
0;981.65;44398.56257;2.497628398;training
0;385.35;9144.971583;2.118393937;training
0;589.46;29389.4312;1.533183849;training
0;1959.91;54492.85474;12.44263421;training
0;835.59;26739.80878;2.600964115;training
0;979.19;36555.51709;3.176656581;training
0;949.2;40909.85259;2.597085984;training
0;988.01;40451.25076;2.935342917;training
0;588.17;29576.95917;1.533670002;training
0;987.96;40695.19637;2.921958344;training
0;662.62;25352.74416;1.569918316;training
0;903.37;27942.11985;2.215874373;training
0;1754.36;59914.74128;6.263692803;training
0;3905.2;140261.5437;17.43388695;training
0;3632.47;126786.7302;13.81195833;training
0;1920.74;46358.37473;10.17209465;training
0;3991.32;140477.1904;17.86285877;training
0;5214.19;63387.05043;94.17592036;training
0;1758.57;58277.03987;6.539466663;training
0;1809.85;55890.80453;7.182867936;training
0;1709.12;53144.29892;6.26422949;training
0;1674.1;63317.22576;6.164467394;training
0;3978.58;139918.5822;17.80771396;training
0;3549.28;165254.2908;11.45259981;training
0;3818.71;133272.8152;17.62681742;training
0;3198.23;109834.5836;13.42102648;training
0;3845.19;796460.1603;2.762555331;training
0;2537.75;393401.9989;2.054078914;training
0;2142.73;378710.2085;1.779200424;training
0;4520.27;1190983.728;3.192815937;training
0;2759.62;406328.6756;1.977644408;training
0;4977.18;353850.5822;12.69192674;training
0;2436.39;398327.6703;2.016183209;training
0;2769.9;442756.5187;2.133757133;training
0;2194.33;253131.7803;2.766519365;training
0;4349.9;1039946.355;2.523695043;training
0;2037.79;255289.2248;2.247650836;training
0;2722.16;549583.1263;1.763494713;training
0;3233.18;493504.1531;2.231515481;training
0;3468.24;675327.9423;2.104626059;training
0;4313.82;964642.6097;3.194338798;training
0;3474.13;614535.6848;2.320176571;training
0;3155.27;598927.6495;2.386938667;training
0;1944.89;146978.1538;3.571070811;training
0;4802.39;765539.8348;4.514326853;training
0;5168.75;461561.2912;9.31160596;training
0;3617.27;690451.2645;2.324211588;training
0;4294.73;915040.4921;3.236161095;training
0;4267.34;930350.355;3.116625369;training
0;3030.2;394379.8432;2.358883922;training
0;4363.35;965049.2859;3.332360667;training
0;3159.52;394991.4909;2.366520082;training
0;2762.29;355113.7354;2.341231528;training
0;3535.03;600162.4298;2.467978495;training
0;3594.02;145437.8678;9.939249342;training
0;2585.22;123060.926;6.936394786;training
0;1028.61;31190.02874;3.128350986;training
0;1401.38;39808.6534;5.530703254;training
0;2828.37;144444.6037;6.573492665;training
0;2524.58;62550.08139;13.08371697;training
0;2652.39;116273.4732;5.398066057;training
0;1986.97;100758.908;4.175723072;training
0;2221.48;103973.5738;4.411783944;training
0;2566.07;176885.2203;3.497587295;training
0;2448.56;128622.6661;5.363163686;training
0;2152.86;145359.6165;4.08439019;training
0;3588.56;166911.8825;7.98486455;training
0;1850.93;55291.9851;6.183874484;training
0;2569.89;35642.65024;28.81936959;training
0;653.31;8643.124194;3.979324593;training
0;854.87;12345.17769;5.151776236;training
0;2474.42;38871.68848;15.59864228;training
0;2468.64;24326.30771;25.07954197;training
0;3088.38;31699.57136;38.7778655;training
0;3211.35;40446.53441;37.36637144;training
0;2862.07;28940.4827;36.99660319;training
0;2138.53;28763.47345;21.22147577;training
0;2489.08;37625.57254;15.32695313;training
0;2935.45;32988.84791;33.68326711;training
0;2724.25;49978.7425;24.95493389;training
0;2602.15;37880.99514;16.77863269;training
0;3722.96;56818.3238;22.6728983;training
0;1170.87;16218.4531;5.875118701;training
0;2847;49088.62422;13.5790149;training
0;3480.27;72239.09173;12.79761631;training
0;2944.74;39126.80777;15.21344322;training
0;3865.07;40676.54036;55.19275;training
0;1829.21;17382.19087;25.43465259;training
0;1580.29;16390.18324;18.63356134;training
0;2959.86;50977.02547;15.52058186;training
0;3819.69;75054.89749;15.78816148;training
0;2923.56;50515.53914;14.84177802;training
0;3837.19;70840.91684;26.25859271;training
0;1636.56;18254.09306;12.29048453;training
0;1636.56;18254.09306;12.29048453;training
0;2270.07;58292.17369;13.34575639;training
0;2259.84;56775.98455;11.77608232;training
0;917.21;20870.70744;3.372999548;training
0;1771.48;76997.49361;4.342663319;training
0;3622.19;115507.0345;6.065507358;training
0;2040.89;68916.09181;9.870424125;training
0;2245.95;58018.22406;10.95681225;training
0;2269.84;56853.55316;11.22511396;training
0;2354.85;72998.99289;7.915331364;training
0;1797.09;77116.44695;4.354440736;training
0;2351.58;73054.94347;7.910996389;training
0;2241.36;65213.91935;9.794391985;training
0;2265.72;59931.8316;12.3583197;training
0;2332.56;51763.26992;18.9250703;training
0;1847.43;24080.67969;16.23904601;training
0;1887.14;25759.45764;18.04129496;training
0;2046.35;50428.75744;7.581843466;training
0;2047.88;54506.98034;7.328619205;training
0;3468.7;94956.87355;8.732851755;training
0;2060.97;25308.29541;18.58502372;training
0;2049.34;27522.55024;21.96987324;training
0;1807.05;28014.06882;17.03731813;training
0;1847.97;29144.74013;15.69658541;training
0;4367.16;164241.7946;11.40275595;training
0;1890.99;31107.8266;13.80367599;training
0;2457.65;46275.48518;23.30328273;training
0;1864.87;29469.83733;13.93962003;training
0;3240.78;83101.03628;22.59845219;training
0;1330.75;20490.79917;10.39700152;training
0;1326.22;20331.80638;10.48231525;training
0;1345.25;18387.5591;9.923018327;training
0;2844.51;55466.07655;14.92639409;training
0;2170.75;27886.23053;14.39614564;training
0;674.12;14215.93803;2.034837963;training
0;1165.06;22259.18045;8.514497065;training
0;1153.11;18813.81595;7.379162984;training
0;2847.03;45407.37849;30.47235713;training
0;2858.29;55782.92727;15.14935755;training
0;2851.23;45374.26894;30.51371454;training
0;2926.44;43173.27285;29.60974016;training
0;2969.26;41985.71301;34.89533218;training
0;1550.99;11434.64525;28.00739595;training
0;3124.85;35261.31952;41.9430981;training
0;2493.48;18741.72157;49.92401304;training
0;2618.89;81291.36724;9.135103037;training
0;3129.35;35569.25577;42.10455671;training
0;2652.56;82299.20208;9.238432764;training
0;2029.75;69462.27354;11.48453645;training
0;2257.66;64639.16622;11.88985576;training
0;1842.44;53156.01453;9.113267351;training
0;2226.45;69246.62236;11.13909481;training
0;2278.74;78122.35641;10.00408293;training
0;3529.58;93891.63994;22.91013002;training
0;2081.25;43456.44315;9.552649235;training
0;3763.12;107267.6117;19.30775106;training
0;2043.73;60522.99895;7.504297703;training
0;1989.27;67543.07652;8.281051967;training
0;2278.84;76606.31349;9.99650379;training
0;1952.36;67251.54331;8.336614975;training
0;2035.94;66197.33433;8.479415925;training
0;2120.61;67609.13781;10.04240184;training
0;1950.56;122331.8266;4.803669878;training
0;2133.63;109474.1537;6.563843804;training
0;2436.36;120547.7572;6.287034169;training
0;2287.35;117569.6209;5.76023956;training
0;1841.71;111912.043;2.916138208;training
0;4375.17;252207.2431;15.83307208;training
0;2140.19;96583.30094;6.335499654;training
0;2145.92;94982.33016;6.205523749;training
0;2160.26;94885.29203;6.366478595;training
0;2083.43;105465.8393;3.714137903;training
0;1872.61;112530.5341;2.873488438;training
0;2088.16;105299.4496;3.862477618;training
0;1901.8;109353.9198;4.195479176;training
0;2176.63;97506.93327;5.450132874;training
0;2239.89;67021.42674;9.989259777;training
0;1976.52;55413.11243;8.158253215;training
0;2122.96;53108.7762;9.164930534;training
0;2090.9;60966.22955;7.821253698;training
0;4010.18;49719.60479;58.54646289;training
0;1898.25;64299.84742;8.978633586;training
0;1260.24;125384.0455;1.552365384;training
0;1787.63;61361.44324;6.766510378;training
0;2083.93;54760.42231;7.958097779;training
0;2050.91;61839.02135;7.626478723;training
0;2028.46;55951.21162;7.591634492;training
0;2091.68;58257.48857;8.477313765;training
0;2066.46;55320.36134;9.064771552;training
0;1356.32;64807.36918;2.801715033;training
0;1813.56;70535.00274;5.49973336;training
0;1564.45;73978.26408;4.744957057;training
0;1789.96;77241.16403;3.725277598;training
0;1741.63;80273.23668;3.869594335;training
0;2654.29;107619.8855;5.769677366;training
0;1354.42;64683.70888;3.188636325;training
0;2120.81;94865.10919;7.866363062;training
0;1755.37;81141.46925;4.775568476;training
0;1594.74;80121.92518;3.688102957;training
0;1747.51;78155.70208;3.794868122;training
0;1585.02;78648.46838;3.8718742;training
0;1509.41;68177.25425;3.607229336;training
0;1326.86;51735.99956;2.911521829;training
0;1810.54;28294.5914;14.95705034;training
0;1850.65;27011.26122;15.36392945;training
0;1433.4;21475.03822;8.815528053;training
0;1986.11;26010.78611;21.26889407;training
0;1830.43;29389.50278;14.37691925;training
0;3128.56;39194.58809;38.96481349;training
0;1661.91;30099.75713;11.12634228;training
0;1635.79;35556.83858;12.36510129;training
0;1624.74;32685.22197;7.231632883;training
0;1624.59;29620.00289;8.829086844;training
0;1914.71;29498.9909;15.41736045;training
0;1617.61;29961.38491;9.248326971;training
0;1866.67;27695.00157;16.19085156;training
0;1676.74;26403.22961;12.81266741;training
0;1479.92;47929.49246;5.87935867;training
0;1487.08;46594.83599;5.972287501;training
0;1465.19;45950.05462;6.341773998;training
0;653.35;14555.4741;4.096374584;training
0;1468.49;52293.94178;5.569813508;training
0;2508.66;21361.05241;66.04386408;training
0;1473.68;46445.29899;6.039323043;training
0;1475.32;47217.16229;5.881893419;training
0;1455.55;45540.36783;5.973535929;training
0;844;30335.316;1.715567166;training
0;1462.98;52347.36716;5.554009143;training
0;846.94;30287.30699;1.706491466;training
0;1496.64;48196.81336;5.955260791;training
0;1499.08;45512.31151;6.204734286;training
0;3517.03;204367.8433;12.30146625;training
0;3330.1;184525.6193;10.15830499;training
0;3292.07;182894.2987;10.85489826;training
0;786.74;21070.67415;1.820137131;training
0;1634.42;87871.08647;2.444077371;training
0;4594.02;187396.7852;8.608292027;training
0;3405.16;194272.7896;11.78111943;training
0;3277.14;186736.3319;11.39983728;training
0;3230.13;186174.5963;11.20005233;training
0;3285.1;194711.6604;10.96744319;training
0;1640.47;87446.36758;2.448422865;training
0;3281.95;193892.4533;11.01883457;training
0;3756.01;242907.8156;9.789404614;training
0;3422.74;197367.4613;10.08201145;training
0;3237.84;27742.17415;54.91618601;training
0;2757.61;27537.04202;27.81187324;training
0;2351.02;28695.57687;13.85555038;training
0;3046.91;22799.8285;51.9551856;training
0;2814.53;24721.93849;44.76793967;training
0;4866.39;42839.64087;59.951009;training
0;2856.48;26438.89116;39.17115489;training
0;2537.74;28930.5049;25.47516326;training
0;2370.04;30780.5439;15.34784465;training
0;2089.48;65355.86643;4.784943971;training
0;2966.84;24437.81708;52.91458318;training
0;2067.29;65988.72071;4.871838952;training
0;2810.19;28129.15719;34.8951056;training
0;2495.32;22405.47299;31.35122775;training
0;3812.92;74073.89694;36.28678119;training
0;1283.96;15979.12505;12.50395982;training
0;3120.88;39212.98027;33.94988075;training
0;1306.01;24572.75348;6.674144604;training
0;3106.2;84538.34426;9.553857777;training
0;2370.14;47142.75709;7.997935236;training
0;2871.56;35133.68384;23.59872251;training
0;2745.42;33281.9644;33.74706847;training
0;1274.17;16369.4987;10.51708372;training
0;3070.29;42100.36304;32.89408638;training
0;3094.87;84465.50864;9.196818405;training
0;3040.85;41883.68101;32.66443922;training
0;3129.98;74018.96679;17.44682365;training
0;1267.82;25131.69308;12.08493529;training
0;123.16;1102.157884;1.496707766;training
0;132.54;1223.668112;1.52134707;training
0;134.81;1299.315377;1.497165565;training
0;72.84;403.8523245;1.432434516;training
0;120.53;1080.791086;1.46400275;training
0;227.77;2126.428971;2.260132734;training
0;121.58;1088.266538;1.486360331;training
0;126.61;1146.420631;1.510540508;training
0;125.99;1133.691379;1.512343344;training
0;133.33;1211.493856;1.525536348;training
0;120.51;1077.056636;1.453996393;training
0;133.23;1214.500233;1.518586895;training
0;123.77;1131.443025;1.4748478;training
0;131.28;1231.080616;1.514913037;training
0;3752.08;192226.7104;13.15428667;training
0;3777.45;163103.3862;17.7885906;training
0;3653.16;135124.883;17.59929158;training
0;1657.27;66705.6011;4.110081509;training
0;2705.68;156896.509;4.766814873;training
0;2308.06;110186.2991;5.412062219;training
0;4826.01;203012.8239;24.2321358;training
0;4203.82;183474.07;22.27636365;training
0;3565.74;132575.7663;14.03179642;training
0;3411.02;131077.2525;13.51352841;training
0;2800.01;157441.9838;5.010187746;training
0;3426.01;129130.7117;13.89399095;training
0;3249.63;160278.9007;8.632305623;training
0;3640.49;150895.5185;12.65094581;training
0;3641.26;63430.99657;31.86642422;training
0;4099.3;65056.52137;41.91677464;training
0;701.28;40681.91691;1.455519838;training
0;2788.43;152020.0479;3.781604731;training
0;2391.81;161929.7195;3.501944231;training
0;3319.84;333348.7696;2.423677918;training
0;850.17;77424.70794;1.377829728;training
0;1916.71;228582.8665;2.686711274;training
0;3177.12;113827.4446;11.78219171;training
0;4238.47;62156.02136;48.81157059;training
0;2064.56;136176.1044;2.453808508;training
0;2064.7;58403.09682;7.587755253;training
0;3313.19;81037.93747;20.40301014;training
0;3071.05;81995.45724;15.04956915;training
0;2642.66;48791.67481;19.1251503;training
0;2740.09;50575.02994;20.08321012;training
0;2781.86;51358.59068;19.65168229;training
0;2896.88;47806.88624;24.88198907;training
0;2313.78;44012.76261;16.19769671;training
0;3394.41;49980.46753;39.29140486;training
0;2254.9;45746.37529;18.66884736;training
0;2100.25;45175.99413;11.83101242;training
0;1878.19;52827.3842;7.886096178;training
0;2260.67;52535.38364;8.102836716;training
0;2710.29;51973.26583;19.29860311;training
0;2277.1;53403.04848;8.127162805;training
0;2686.29;50308.99396;18.97316175;training
0;2088.96;41185.78128;13.48326703;training
0;4095.45;980095.3946;2.306015405;training
0;3385.93;510776.4651;2.921559723;training
0;2550.27;395423.8929;1.903386901;training
0;1903.21;289381.5506;1.525321916;training
0;2238.3;253971.8697;2.560057642;training
0;4254.32;407113.0391;6.98162272;training
0;4651.92;1067243.618;2.799117167;training
0;3779.24;838544.5169;2.211673535;training
0;5844.14;1483556.789;3.228467436;training
0;2905;482919.3537;2.26524569;training
0;3589.79;623794.1274;2.712342045;training
0;4564.06;1002094.309;2.628196989;training
0;2913.76;465801.7182;1.896549327;training
0;2319.79;284677.9103;2.136666708;training
0;2398.68;37434.46621;16.93878732;training
0;2970.17;38396.36007;23.61420308;training
0;2956.19;49313.83727;13.31103031;training
0;2398.73;45137.75129;10.23502004;training
0;2301.86;44125.30284;11.40353141;training
0;4117.36;88335.6581;15.07248221;training
0;2764.79;45460.09001;27.81171234;training
0;2402.76;34910.48922;12.37198168;training
0;2852.81;50629.86425;20.05457211;training
0;2899.79;61480.02466;9.89435333;training
0;2294.22;44733.70225;11.45263552;training
0;2920.53;63785.59135;9.956319704;training
0;2297.62;42970.42187;21.01286504;training
0;2971.55;36989.9048;28.18289605;training
0;3020.18;36880.89447;30.33004462;training
0;2841.85;35106.43219;20.4069317;training
0;2721.06;34877.70765;19.05747787;training
0;2710.47;32073.72708;25.50727884;training
0;3353.63;36905.36189;24.35134058;training
0;2517.52;29410.14308;24.1190977;training
0;2737.91;37064.53526;21.61046541;training
0;2442.68;41667.82897;14.80464845;training
0;2173.04;63776.65587;3.901611002;training
0;2758.16;33375.37371;26.6170872;training
0;2353.83;63748.85864;4.41755133;training
0;2912.09;37940.25397;25.23294537;training
0;2485.56;29059.6465;21.93455062;training
0;2626.38;28511.26979;18.09760114;training
0;1041.39;12543.47604;4.223571137;training
0;1093.47;10958.50313;8.104851002;training
0;1161.81;11475.07922;5.842761072;training
0;2450.89;34662.19317;10.17320107;training
0;1827.26;24054.17633;6.090583529;training
0;1318.95;9769.903049;16.51252988;training
0;1360.58;9075.772113;20.44993571;training
0;1381.91;9385.80782;22.22262543;training
0;2801.96;24512.04127;39.43678984;training
0;2437.34;34682.85615;10.12514683;training
0;1336.66;9350.63435;21.58049217;training
0;1039.57;15063.41413;4.092904129;training
0;905.11;14071.76033;2.759635319;training
0;3399.84;674008.8559;1.53788411;training
0;4009;652407.6964;2.531153669;training
0;3677.13;778863.4885;1.868374549;training
0;2141.76;174055.6109;3.079394651;training
0;3285.76;458144.0136;1.941568273;training
0;4347.65;278083.9762;4.386107802;training
0;3262.59;601131.1937;1.603623961;training
0;4727.94;692400.0161;2.949293614;training
0;3458.51;623179.8126;2.001924569;training
0;1852.08;156633.6703;1.759731276;training
0;3363.68;472453.2342;1.925094139;training
0;3263.76;449203.9298;1.662724637;training
0;3725.71;628597.0583;1.774288148;training
0;4037.16;853608.6265;2.224779262;training
0;3534.64;72657.75342;24.70765209;training
0;3548.93;68873.91293;25.81000151;training
0;3244.84;60895.13533;23.82056591;training
0;3230.83;81785.43039;24.41031524;training
0;2892.89;86723.94643;15.62011272;training
0;4866.01;87832.78483;42.12248435;training
0;3578.68;67750.49827;28.22844511;training
0;3491.56;71757.25476;25.16466785;training
0;3364.23;64143.99596;25.28282662;training
0;3544.55;70713.62499;25.8304821;training
0;3025.12;89276.18797;17.02740057;training
0;3342.92;65719.3232;23.3913423;training
0;3347.51;71517.37196;20.87076617;training
0;3407.64;65294.49117;24.1160985;training
0;485.63;10255.19696;2.084627064;training
0;386.79;8992.998801;1.542364258;training
0;678.19;18494.07222;3.209753726;training
0;1773.36;22397.32621;15.71685422;training
0;612.27;13233.84753;2.864658994;training
0;609.98;12802.49251;3.948755668;training
0;761.03;16739.45591;4.827087993;training
0;745.93;19422.48828;3.563021569;training
0;456.26;10189.94427;2.01305269;training
0;456.2;10327.41407;1.977734812;training
0;691.11;18975.48638;3.367786602;training
0;836.68;22491.94034;4.459152151;training
0;1327.71;22667.42957;9.108477902;training
0;1412.65;19180.78381;12.23987029;training
0;1523;19797.55188;12.15307083;training
0;587.67;9065.931285;4.073337289;training
0;1340.78;23497.99103;8.470635545;training
0;2635.44;15918.80175;104.2594927;training
0;1439.61;24831.99838;10.50103944;training
0;1356.34;19820.70942;11.5192082;training
0;1322.58;20138.59599;10.22989855;training
0;1012.06;20808.74759;2.841676851;training
0;1385.04;23263.84586;9.602391332;training
0;998.83;21509.38796;2.607151668;training
0;1419.22;30276.57987;7.829753167;training
0;1386.19;18678.51494;12.79915464;training
1;3544.93;40014.66571;62.07494031;training
1;3308.11;24509.5402;113.5363592;training
1;3408.99;30798.31587;77.52937466;training
1;3676.44;35449.5398;80.94364617;training
1;3332.82;31088.27822;75.57641313;training
1;3322.02;25280.76775;108.1039578;training
1;1884.1;116754.7233;2.670413646;training
1;3679.47;35388.68123;81.79154635;training
1;1899.28;117470.9676;2.677775562;training
1;3185.61;23314.78764;121.4353515;training
1;3254.24;72830.33944;22.18038404;training
1;3467.81;22895.17531;117.4575336;training
1;3299.93;22818.35553;101.5926935;training
1;3314.92;24055.18526;93.69716074;training
1;3452.57;24306.40151;108.0385174;training
1;3423.53;23335.12456;108.7967916;training
1;3365.55;22619.04148;105.4480111;training
1;3316.48;23294.2797;89.6169889;training
1;1848.75;63955.04428;2.966079511;training
1;3475.37;24124.5072;110.7794426;training
1;1588.2;65466.42789;2.866002726;training
1;3292.64;21634.45854;110.7363696;training
1;3457.84;23225.47024;113.9664453;training
1;3768.79;29879.40924;100.1648926;training
1;2871.17;24547.74354;55.46172681;training
1;2779.17;31369.67187;27.77225356;training
1;3796.77;32077.10657;97.88307778;training
1;3645.72;27420.03835;100.030979;training
1;3681.43;28927.96333;91.38178407;training
1;3780.12;35523.32934;60.77438396;training
1;3325.14;193358.747;2.739773519;training
1;3802.09;32083.86411;97.72491803;training
1;3324.6;194466.0386;2.740493425;training
1;3424.13;29329.15826;88.34290768;training
1;3190.54;25013.00282;84.36847105;training
1;2685.79;224912.721;3.051502212;training
1;1803.55;186042.1372;1.869506489;training
1;2289.99;201139.293;2.888155091;training
1;2148.09;220015.1326;2.65457316;training
1;3402.43;64172.29025;28.09292495;training
1;1223.4;26265.70849;8.281691611;training
1;3055.16;63728.35378;19.75948887;training
1;3287.21;60155.24539;26.11471527;training
1;3305.57;47205.48673;35.60534053;training
1;1473.24;25556.774;10.44970405;training
1;1326.24;27224.13469;9.050471279;training
1;2461.84;58666.13627;11.71517361;training
1;3162.57;55572.73641;25.03822373;training
1;2084.56;48195.71504;9.198643111;training
1;3070.35;54176.33414;23.91703996;training
1;1411.07;26827.13392;9.986637654;training
1;2885.44;100122.8802;6.744463446;training
1;2878.02;160995.7969;3.815498943;training
1;2745.09;83539.7012;7.79908219;training
1;3121.76;158100.2059;4.377483923;training
1;2361.61;67676.23306;10.6000596;training
1;2240;179479.3297;2.967634205;training
1;2323.91;68631.53189;9.746957649;training
1;2273.02;177729.5727;3.040131802;training
1;2111.43;36678.33064;20.42681233;training
1;2191.54;38761.46286;20.42377374;training
1;2010.29;34607.72848;18.03355364;training
1;2048.94;36497.19106;19.02134353;training
1;2049.59;42256.2096;16.47630148;training
1;2037.42;46815.28805;17.6671617;training
1;1557.95;36204.05096;10.31385409;training
1;1905.38;42088.06435;16.00431756;training
1;2149.39;37542.06065;19.34092447;training
1;1939.76;42927.07561;16.50682521;training
1;2101.07;40383.50339;15.91966791;training
1;2231.91;40196.80367;20.77062691;training
1;1411.35;16363.40319;17.40627161;training
1;1378.16;12514.33079;18.22866991;training
1;1328.73;14518.5467;11.66073608;training
1;1453.95;14767.82772;18.77389518;training
1;1407.73;16103.78699;15.24298586;training
1;1477.37;15802.04701;12.92911062;training
1;1373.38;17047.0252;7.380288006;training
1;1233.9;18403.25452;5.639582081;training
1;1438.11;14718.52645;18.01383579;training
1;1180.71;18094.75519;5.044982848;training
1;1415.41;12946.66804;20.10623957;training
1;1389.63;11960.72797;22.32639512;training
1;4088.84;124270.1486;26.57484758;training
1;1589.41;49081.91193;10.57826839;training
1;1593.93;43502.28656;10.73940959;training
1;4126.6;128442.1015;26.27780295;training
1;4075.97;100261.3599;27.27660866;training
1;4143.17;130430.5971;27.23749207;training
1;4052.38;135789.0757;26.05810011;training
1;3837.25;159248.1849;23.02167219;training
1;4185.44;105393.2252;26.76324658;training
1;3864.19;148843.3612;18.37193492;training
1;4056.5;127944.6076;25.76321187;training
1;4078.84;125260.5901;26.28866373;training
1;3524.96;24738.41431;104.2739248;training
1;7891.21;57684.96178;264.9946456;training
1;3712.1;29220.73636;92.74885468;training
1;3588.64;25620.70721;105.4540868;training
1;3476.98;24626.94884;101.0803986;training
1;3474.4;25703.12181;94.24858657;training
1;3559.05;28396.51374;89.33733494;training
1;2079.07;58804.11044;3.312749945;training
1;3711.37;27519.59034;109.1300255;training
1;2439.82;65539.2316;4.074301113;training
1;3635.66;31289.90291;87.62140609;training
1;3463.99;26546.21939;90.37732212;training
1;3038.12;27249.88938;79.21278301;training
1;2947.68;25163.00358;70.68652505;training
1;2956.92;31116.94722;42.68011658;training
1;3024.38;26624.64388;85.06492167;training
1;3026.05;26829.67866;81.56812856;training
1;3050.93;26117.27581;76.01195775;training
1;2999.07;27700.11678;63.19955234;training
1;2537.04;166459.2775;2.395196528;training
1;3014.7;26621.54076;84.97447797;training
1;2529.69;166299.243;2.399263669;training
1;3058.59;25493.06811;87.41539165;training
1;2939.45;24204.71947;82.9583807;training
1;2250.37;73499.23997;10.26999398;training
1;1258.93;25359.5752;8.459549094;training
1;1212.7;25139.03069;6.663892335;training
1;2520.37;97658.95151;11.1303041;training
1;2221.41;74194.95179;9.872429788;training
1;3444.62;173345.8029;16.6567447;training
1;2934.12;134470.8011;14.13349248;training
1;2391.01;100653.4871;9.751679093;training
1;3061.32;156148.8685;14.01309902;training
1;2993.71;148330.2236;11.87120445;training
1;2615.95;103206.7571;12.4844872;training
1;2957.04;126221.0502;15.40283714;training
1;3742;39675.15721;75.17802257;training
1;2620.44;24663.41711;56.75544337;training
1;2758.02;28844.98857;47.4191064;training
1;3560.13;35523.70338;77.38596394;training
1;3209.64;29629.60043;71.85720925;training
1;3780.37;37365.84389;80.72536984;training
1;3749.88;37664.58345;76.59489684;training
1;3364.34;123718.3702;4.482885057;training
1;3752.8;40246.63857;77.05656108;training
1;3623.84;126098.7484;5.378369029;training
1;3322.51;29792.18589;76.81666197;training
1;3285.25;28857.62694;75.16026251;training
1;2524.25;42712.69599;26.48223702;training
1;2446.62;36891.76251;26.23331476;training
1;2360.06;36821.26483;20.81931061;training
1;2782.44;43160.98068;33.32855142;training
1;2600.5;44812.54667;27.55977013;training
1;2391.42;27075.98069;26.34876298;training
1;2614.02;38740.45454;17.25764129;training
1;2677.64;42334.94077;15.61059091;training
1;2716.28;42576.77967;31.80124397;training
1;2656.64;42715.46679;15.04006848;training
1;2714.92;42786.43182;32.19550089;training
1;2645.6;41188.75102;31.20524237;training
