0;636;50;test
0;321;79;test
0;141;284;test
0;1089;1253;test
0;3;13;test
0;18;65;test
0;27;71;test
0;360;173;test
0;419;63;test
0;0;0;test
0;0;0;test
0;24;0;test
0;335;80;test
0;169;110;test
0;34;254;test
0;787;132;test
0;988;195;test
0;0;63;test
0;62;0;test
0;1293;304;test
0;499;0;test
0;641;272;test
0;69;78;test
0;3;0;test
0;385;157;test
0;0;157;test
0;1656;23;test
0;1706;309;test
0;818;9;test
0;975;316;test
0;2390;138;test
0;814;2096;test
0;1321;165;test
0;296;0;test
0;855;293;test
0;740;258;test
0;1333;242;test
0;902;502;test
0;320;8;test
0;250;275;test
0;335;93;test
0;653;171;test
0;36;226;test
0;58;561;test
0;971;16;test
0;642;45;test
0;173;220;test
0;406;64;test
0;24;0;test
0;313;0;test
0;1317;223;test
0;2652;174;test
0;162;147;test
0;587;306;test
0;223;233;test
0;43;344;test
0;494;344;test
1;1489;255;test
1;1895;51;test
1;2524;60;test
1;1407;3;test
1;1226;6;test
1;1848;264;test
1;290;48;test
1;1405;159;test
1;518;92;test
1;186;350;test
1;435;208;test
1;430;103;test
1;2452;248;test
1;312;0;test
1;1549;12;test
0;1542;374;training
0;1484;390;training
0;1476;396;training
0;1141;153;training
0;1449;382;training
0;2018;311;training
0;1481;385;training
0;1494;382;training
0;1508;385;training
0;1469;379;training
0;1475;389;training
0;1454;395;training
0;1501;392;training
0;1495;391;training
0;1330;130;training
0;885;4;training
0;1435;35;training
0;970;156;training
0;1279;168;training
0;1731;255;training
0;1492;81;training
0;1264;73;training
0;1428;97;training
0;1275;189;training
0;1279;177;training
0;1290;99;training
0;1363;168;training
0;1418;118;training
0;323;129;training
0;734;498;training
0;1126;383;training
0;369;142;training
0;569;227;training
0;936;1879;training
0;562;192;training
0;486;182;training
0;181;111;training
0;415;392;training
0;561;0;training
0;594;331;training
0;879;487;training
0;894;587;training
0;863;215;training
0;897;804;training
0;838;809;training
0;611;537;training
0;822;819;training
0;2824;2348;training
0;449;140;training
0;476;143;training
0;475;138;training
0;867;204;training
0;862;200;training
0;852;191;training
0;479;121;training
0;422;384;training
0;28;55;training
0;26;60;training
0;26;66;training
0;53;59;training
0;30;53;training
0;238;174;training
0;29;55;training
0;29;58;training
0;28;60;training
0;22;72;training
0;9;93;training
0;20;75;training
0;33;44;training
0;29;55;training
0;84;69;training
0;73;69;training
0;417;322;training
0;82;72;training
0;97;80;training
0;97;76;training
0;0;0;training
0;0;0;training
0;0;0;training
0;0;0;training
0;0;0;training
0;0;0;training
0;0;0;training
0;0;0;training
0;0;0;training
0;0;0;training
0;0;0;training
0;0;0;training
0;0;0;training
0;0;0;training
0;964;317;training
0;857;112;training
0;1439;533;training
0;768;192;training
0;770;192;training
0;390;201;training
0;653;160;training
0;470;88;training
0;476;109;training
0;286;72;training
0;410;112;training
0;1903;382;training
0;674;149;training
0;522;149;training
0;616;116;training
0;702;122;training
0;520;80;training
0;664;148;training
0;706;128;training
0;612;77;training
0;25;67;training
0;26;62;training
0;27;60;training
0;20;44;training
0;25;64;training
0;96;210;training
0;24;69;training
0;19;71;training
0;25;59;training
0;25;66;training
0;24;58;training
0;27;67;training
0;25;67;training
0;30;64;training
0;8;31;training
0;8;33;training
0;15;28;training
0;12;25;training
0;9;27;training
0;63;115;training
0;10;32;training
0;10;28;training
0;10;29;training
0;8;27;training
0;9;29;training
0;11;28;training
0;8;28;training
0;15;32;training
0;0;0;training
0;0;46;training
0;0;0;training
0;0;9;training
0;0;0;training
0;0;210;training
0;0;123;training
0;16;36;training
0;20;48;training
0;16;44;training
0;12;34;training
0;16;31;training
0;87;116;training
0;22;43;training
0;17;28;training
0;17;26;training
0;13;22;training
0;18;38;training
0;21;43;training
0;23;41;training
0;20;43;training
0;34;0;training
0;82;0;training
0;169;0;training
0;15;0;training
0;22;44;training
0;155;0;training
0;169;0;training
0;86;0;training
0;128;0;training
0;81;0;training
0;89;0;training
0;75;0;training
0;76;0;training
0;118;0;training
0;252;0;training
0;254;0;training
0;275;0;training
0;232;33;training
0;242;0;training
0;1456;28;training
0;240;0;training
0;235;0;training
0;253;0;training
0;224;0;training
0;256;0;training
0;272;0;training
0;291;0;training
0;279;0;training
0;229;71;training
0;155;121;training
0;97;352;training
0;126;216;training
0;62;182;training
0;517;573;training
0;160;106;training
0;253;494;training
0;142;102;training
0;43;82;training
0;98;155;training
0;87;244;training
0;141;123;training
0;158;127;training
0;15;24;training
0;71;23;training
0;0;146;training
0;0;93;training
0;0;88;training
0;0;391;training
0;104;70;training
0;0;37;training
0;161;70;training
0;0;36;training
0;101;40;training
0;43;38;training
0;0;35;training
0;0;32;training
0;0;0;training
0;426;0;training
0;0;0;training
0;0;0;training
0;0;356;training
0;0;457;training
0;0;0;training
0;0;0;training
0;209;0;training
0;0;175;training
0;35;0;training
0;0;380;training
0;411;0;training
0;736;0;training
0;33;66;training
0;42;46;training
0;47;44;training
0;28;56;training
0;36;45;training
0;123;326;training
0;38;50;training
0;31;60;training
0;45;50;training
0;29;65;training
0;32;74;training
0;29;47;training
0;46;51;training
0;44;38;training
0;3762;513;training
0;1244;206;training
0;3799;501;training
0;2297;39;training
0;3542;485;training
0;5701;4277;training
0;3809;508;training
0;2710;392;training
0;2679;302;training
0;3557;486;training
0;2605;367;training
0;2552;363;training
0;2614;319;training
0;2632;299;training
0;102;239;training
0;8;121;training
0;0;244;training
0;0;27;training
0;14;32;training
0;175;45;training
0;61;114;training
0;57;37;training
0;36;96;training
0;12;101;training
0;94;95;training
0;0;7;training
0;0;11;training
0;25;197;training
0;219;0;training
0;217;0;training
0;119;0;training
0;0;0;training
0;175;0;training
0;236;0;training
0;119;0;training
0;217;0;training
0;223;0;training
0;165;0;training
0;158;0;training
0;171;0;training
0;206;0;training
0;223;0;training
0;23;81;training
0;28;124;training
0;27;93;training
0;12;70;training
0;26;119;training
0;96;373;training
0;22;81;training
0;24;113;training
0;24;121;training
0;22;76;training
0;27;81;training
0;22;95;training
0;21;103;training
0;22;109;training
0;0;0;training
0;0;0;training
0;6;76;training
0;143;0;training
0;0;0;training
0;178;0;training
0;0;0;training
0;0;0;training
0;0;0;training
0;0;0;training
0;4;0;training
0;0;0;training
0;0;0;training
0;0;0;training
0;88;0;training
0;75;0;training
0;60;0;training
0;268;0;training
0;119;0;training
0;507;0;training
0;80;0;training
0;94;0;training
0;55;0;training
0;130;0;training
0;127;0;training
0;114;0;training
0;91;0;training
0;38;0;training
0;145;39;training
0;155;56;training
0;137;53;training
0;178;36;training
0;143;44;training
0;744;134;training
0;137;53;training
0;152;50;training
0;148;53;training
0;136;37;training
0;131;36;training
0;141;39;training
0;142;56;training
0;148;53;training
0;276;132;training
0;558;117;training
0;563;0;training
0;403;194;training
0;570;237;training
0;911;812;training
0;293;76;training
0;302;152;training
0;297;93;training
0;294;91;training
0;571;231;training
0;527;141;training
0;635;408;training
0;352;0;training
0;0;30;training
0;8;189;training
0;12;0;training
0;0;0;training
0;34;78;training
0;231;0;training
0;8;0;training
0;36;31;training
0;46;6;training
0;51;0;training
0;38;0;training
0;113;0;training
0;3;14;training
0;54;0;training
0;0;0;training
0;0;0;training
0;0;80;training
0;12;172;training
0;7;62;training
0;1037;441;training
0;0;0;training
0;0;0;training
0;0;0;training
0;0;0;training
0;0;0;training
0;0;19;training
0;156;291;training
0;159;290;training
0;1019;235;training
0;1245;79;training
0;658;58;training
0;852;120;training
0;1000;113;training
0;1545;189;training
0;1254;108;training
0;1263;82;training
0;1277;105;training
0;1050;107;training
0;1134;51;training
0;984;34;training
0;898;152;training
0;339;69;training
0;4297;91;training
0;1112;0;training
0;1653;102;training
0;3703;8;training
0;4121;116;training
0;3772;256;training
0;3949;288;training
0;4424;114;training
0;3464;8;training
0;3479;12;training
0;3025;173;training
0;4043;53;training
0;3902;261;training
0;1729;230;training
0;872;140;training
0;1814;232;training
0;1679;286;training
0;2162;326;training
0;1894;262;training
0;851;166;training
0;832;124;training
0;1734;231;training
0;1734;217;training
0;1750;200;training
0;1856;309;training
0;846;125;training
0;388;304;training
0;438;303;training
0;435;303;training
0;295;323;training
0;343;336;training
0;1639;1582;training
0;434;303;training
0;444;301;training
0;440;307;training
0;345;341;training
0;342;332;training
0;332;324;training
0;396;308;training
0;432;309;training
0;666;422;training
0;668;384;training
0;663;376;training
0;788;391;training
0;660;394;training
0;1534;579;training
0;653;369;training
0;677;359;training
0;634;196;training
0;608;218;training
0;1335;307;training
0;657;360;training
0;622;318;training
0;643;284;training
0;1043;400;training
0;528;297;training
0;514;312;training
0;489;439;training
0;946;493;training
0;1120;801;training
0;496;323;training
0;501;304;training
0;494;290;training
0;910;502;training
0;916;476;training
0;944;467;training
0;1064;345;training
0;1101;282;training
0;2312;258;training
0;3591;323;training
0;4586;491;training
0;3597;324;training
0;3584;324;training
0;3584;324;training
0;787;492;training
0;888;488;training
0;713;177;training
0;773;446;training
0;970;423;training
0;1879;812;training
0;915;455;training
0;702;686;training
0;891;454;training
0;883;470;training
0;984;449;training
0;977;431;training
0;825;486;training
0;730;485;training
0;706;0;training
0;762;0;training
0;580;0;training
0;968;0;training
0;717;0;training
0;1765;0;training
0;777;0;training
0;674;0;training
0;781;0;training
0;681;0;training
0;662;0;training
0;645;0;training
0;709;0;training
0;760;0;training
0;763;224;training
0;662;169;training
0;718;183;training
0;651;159;training
0;2590;549;training
0;551;163;training
0;0;25;training
0;750;174;training
0;638;162;training
0;697;150;training
0;621;151;training
0;735;165;training
0;737;147;training
0;332;82;training
0;295;78;training
0;268;81;training
0;718;224;training
0;257;75;training
0;1089;263;training
0;450;88;training
0;296;83;training
0;316;72;training
0;327;75;training
0;327;70;training
0;349;77;training
0;258;69;training
0;297;71;training
0;739;275;training
0;734;246;training
0;934;106;training
0;1084;330;training
0;764;247;training
0;1967;664;training
0;831;140;training
0;835;287;training
0;764;296;training
0;808;164;training
0;750;280;training
0;744;195;training
0;735;274;training
0;861;175;training
0;222;210;training
0;240;212;training
0;236;212;training
0;217;210;training
0;208;200;training
0;1137;1141;training
0;232;210;training
0;238;208;training
0;247;220;training
0;201;195;training
0;198;196;training
0;205;195;training
0;228;218;training
0;253;218;training
0;560;206;training
0;571;198;training
0;572;186;training
0;255;169;training
0;533;197;training
0;2535;871;training
0;568;193;training
0;573;202;training
0;562;201;training
0;532;201;training
0;531;197;training
0;529;196;training
0;574;205;training
0;564;203;training
0;2205;333;training
0;2027;269;training
0;1988;167;training
0;2298;462;training
0;2093;72;training
0;4686;249;training
0;2016;292;training
0;2078;384;training
0;2034;301;training
0;1956;242;training
0;1992;257;training
0;1985;261;training
0;2051;84;training
0;2133;71;training
0;1124;425;training
0;568;334;training
0;1122;451;training
0;809;307;training
0;1108;415;training
0;1485;496;training
0;1135;479;training
0;1137;415;training
0;597;308;training
0;1088;350;training
0;1080;397;training
0;1070;355;training
0;1216;338;training
0;639;190;training
0;16;86;training
0;14;88;training
0;18;70;training
0;12;47;training
0;15;70;training
0;59;324;training
0;22;66;training
0;16;108;training
0;14;91;training
0;15;41;training
0;21;45;training
0;15;61;training
0;11;75;training
0;14;79;training
0;715;433;training
0;707;417;training
0;631;410;training
0;374;329;training
0;344;162;training
0;577;498;training
0;721;392;training
0;737;402;training
0;539;392;training
0;341;122;training
0;385;162;training
0;339;137;training
0;795;571;training
0;703;394;training
0;1253;259;training
0;726;150;training
0;52;3;training
0;733;673;training
0;373;664;training
0;1048;1282;training
0;104;0;training
0;142;43;training
0;311;0;training
0;654;195;training
0;752;167;training
0;442;257;training
0;660;671;training
0;331;440;training
0;478;185;training
0;496;160;training
0;482;206;training
0;627;258;training
0;476;243;training
0;1391;454;training
0;523;231;training
0;706;105;training
0;480;223;training
0;489;230;training
0;493;161;training
0;505;224;training
0;544;127;training
0;455;212;training
0;28;40;training
0;0;0;training
0;0;30;training
0;42;63;training
0;0;0;training
0;519;171;training
0;22;42;training
0;0;0;training
0;0;91;training
0;184;28;training
0;0;49;training
0;0;197;training
0;317;17;training
0;332;0;training
0;460;393;training
0;570;341;training
0;574;314;training
0;613;584;training
0;527;291;training
0;1111;977;training
0;577;378;training
0;698;327;training
0;596;352;training
0;464;262;training
0;596;324;training
0;634;318;training
0;681;340;training
0;599;346;training
0;1298;261;training
0;1316;277;training
0;1280;178;training
0;1198;237;training
0;1284;1571;training
0;1194;229;training
0;1360;327;training
0;1321;264;training
0;1277;243;training
0;1217;270;training
0;1194;251;training
0;1302;318;training
0;1027;197;training
0;1023;831;training
0;525;532;training
0;524;545;training
0;878;1017;training
0;1031;792;training
0;1413;1376;training
0;528;531;training
0;570;537;training
0;591;529;training
0;990;814;training
0;956;807;training
0;524;547;training
0;571;546;training
0;598;540;training
0;189;565;training
0;250;219;training
0;168;172;training
0;169;126;training
0;10;125;training
0;366;744;training
0;91;184;training
0;78;160;training
0;6;66;training
0;75;163;training
0;343;87;training
0;56;186;training
0;68;168;training
0;16;34;training
0;674;79;training
0;784;73;training
0;592;175;training
0;737;137;training
0;567;168;training
0;973;0;training
0;767;76;training
0;577;75;training
0;691;115;training
0;729;75;training
0;700;75;training
0;698;114;training
0;732;115;training
0;752;109;training
0;333;19;training
0;349;28;training
0;370;57;training
0;1337;216;training
0;436;11;training
0;376;59;training
0;446;46;training
0;379;30;training
0;304;20;training
0;287;14;training
0;390;62;training
0;436;87;training
0;512;79;training
0;626;81;training
0;692;143;training
0;373;85;training
0;478;72;training
0;2325;380;training
0;669;75;training
0;597;93;training
0;564;91;training
0;429;98;training
0;515;91;training
0;489;75;training
0;633;6;training
0;578;107;training
1;1027;233;training
1;1491;1183;training
1;1221;298;training
1;1206;271;training
1;1149;253;training
1;1447;1222;training
1;1203;254;training
1;1191;269;training
1;1206;272;training
1;1616;728;training
1;506;241;training
1;1831;189;training
1;1727;179;training
1;1633;178;training
1;1759;163;training
1;1773;171;training
1;1814;194;training
1;1794;179;training
1;1853;162;training
1;1772;177;training
1;1740;179;training
1;1777;190;training
1;1825;177;training
1;1419;379;training
1;1381;615;training
1;1406;366;training
1;1408;413;training
1;1434;389;training
1;1409;424;training
1;1455;366;training
1;1419;385;training
1;1432;418;training
1;1404;414;training
1;1429;390;training
1;1424;417;training
1;124;18;training
1;159;48;training
1;132;43;training
1;111;55;training
1;1268;312;training
1;595;103;training
1;1167;229;training
1;1335;265;training
1;1365;260;training
1;627;160;training
1;631;105;training
1;1339;251;training
1;1298;232;training
1;1291;219;training
1;1294;205;training
1;627;120;training
1;792;158;training
1;696;153;training
1;661;344;training
1;692;200;training
1;394;197;training
1;368;138;training
1;374;175;training
1;365;120;training
1;1214;114;training
1;1224;124;training
1;1205;118;training
1;1176;107;training
1;1092;112;training
1;1176;124;training
1;1215;118;training
1;1201;103;training
1;1253;100;training
1;1107;102;training
1;1120;107;training
1;1181;121;training
1;1151;141;training
1;1120;120;training
1;1107;94;training
1;1143;134;training
1;1142;124;training
1;1172;147;training
1;1121;131;training
1;958;162;training
1;1137;109;training
1;1158;113;training
1;955;201;training
1;1137;130;training
1;891;113;training
1;427;37;training
1;402;69;training
1;873;180;training
1;990;268;training
1;869;66;training
1;814;40;training
1;870;166;training
1;965;200;training
1;907;186;training
1;863;116;training
1;814;46;training
1;1927;100;training
1;3721;197;training
1;1828;124;training
1;1891;96;training
1;1869;91;training
1;1770;63;training
1;1634;113;training
1;1882;99;training
1;1871;107;training
1;1893;94;training
1;1582;74;training
1;1688;103;training
1;1165;1049;training
1;1170;1287;training
1;1187;1234;training
1;1186;996;training
1;1253;1115;training
1;1237;1212;training
1;1311;1173;training
1;1172;1034;training
1;1123;1034;training
1;1152;1005;training
1;1248;1131;training
1;1186;1334;training
1;72;50;training
1;724;32;training
1;697;65;training
1;5;57;training
1;73;59;training
1;538;98;training
1;273;75;training
1;149;0;training
1;513;36;training
1;12;66;training
1;326;20;training
1;538;41;training
1;1307;133;training
1;1258;16;training
1;1121;571;training
1;1380;96;training
1;1343;62;training
1;1372;142;training
1;1385;169;training
1;1359;85;training
1;1373;176;training
1;1382;101;training
1;1400;92;training
1;1412;73;training
1;1428;235;training
1;1831;197;training
1;1787;144;training
1;1395;312;training
1;1566;260;training
1;1571;283;training
1;1376;284;training
1;1288;296;training
1;1245;287;training
1;1290;288;training
1;1436;304;training
1;1521;285;training
