0;-12.9810333;177.5517022;0.072263387;test
0;-13.70713085;188.8854362;0.032737931;test
0;-13.87627613;193.5510391;0.032080621;test
0;-6.396905293;41.92039733;0.108671683;test
0;-127.983006;17282.72521;0.001384297;test
0;-17.27746698;299.5108654;0.022245331;test
0;-21.98837298;484.4885463;0.014771594;test
0;-9.582398087;92.82235309;0.058501228;test
0;-22.73954061;532.7727401;0.024013821;test
0;-104.6713947;11473.07593;0.001624874;test
0;-49.45684988;2446.98;0.003594649;test
0;-80.15966307;6426.571584;0.001519534;test
0;-13.31450276;178.2759838;0.034346621;test
0;-22.62975259;529.5372922;0.024390794;test
0;-50.90357136;2895.655131;0.009787872;test
0;-7.339141897;54.86300379;0.088512156;test
0;-11.27638198;133.1601325;0.087546363;test
0;-22.45092937;505.0442296;0.014254448;test
0;-80.02022712;6851.617852;0.003110083;test
0;-6.778237613;47.71226671;0.150123537;test
0;-18.01596123;332.344137;0.032183605;test
0;-8.920822099;80.58106693;0.065491461;test
0;-31.6194009;1000.786514;0.007888066;test
0;-52.78763725;2937.192089;0.005775985;test
0;-11.12112024;124.6793155;0.046084912;test
0;-24.05711854;601.7643745;0.024043486;test
0;-10.18783549;107.6326646;0.094999622;test
0;-5.559638362;31.90957871;0.133058019;test
0;-6.709789609;46.0212766;0.101264818;test
0;-7.292034138;55.20757294;0.139864964;test
0;-8.138683312;69.81170006;0.145804331;test
0;-4.967350938;25.67457534;0.155618827;test
0;-8.626415674;78.21004977;0.128984431;test
0;-34.83126525;1214.217039;0.00666254;test
0;-9.66586071;97.60637493;0.106736991;test
0;-12.13898496;153.8124508;0.075530788;test
0;-6.90466681;48.67442376;0.097032017;test
0;-8.208647304;68.38189057;0.074559897;test
0;-6.140664702;38.70776299;0.11536656;test
0;-9.994816349;100.8963539;0.054708335;test
0;-15.82798429;251.5250868;0.025770919;test
0;-14.49094457;220.133029;0.05870881;test
0;-27.8927654;819.04539;0.020106959;test
0;-9.853034116;102.4120129;0.113905271;test
0;-9.445910205;93.56503901;0.11563878;test
0;-7.41668644;56.00723775;0.087111915;test
0;-20.24172643;429.1702498;0.033461674;test
0;-10.78391156;117.2927484;0.048433084;test
0;-79.46753602;6853.864819;0.003987119;test
0;-37.99592422;1538.940074;0.012832145;test
0;-10.41727522;115.3764033;0.109139489;test
0;-4.551979888;21.7205209;0.174986654;test
0;-16.93689861;287.8585344;0.023003407;test
0;-10.46977869;113.8220423;0.09001724;test
0;-11.08125341;123.7941772;0.046353252;test
0;-4.066199539;17.80884779;0.307965524;test
0;-10.88404748;123.5262407;0.086692108;test
1;-4.976328835;25.76384867;0.155235697;test
1;-5.584710957;32.18899647;0.132212894;test
1;-4.933738101;25.34177165;0.157065725;test
1;-14.90978459;234.2288344;0.06409054;test
1;-4.914140209;25.14877399;0.157918519;test
1;-15.98564453;294.6997159;0.084470576;test
1;-27.71246693;821.9545004;0.019475638;test
1;-11.0603395;133.5580295;0.123695264;test
1;-24.29407656;635.583426;0.025771848;test
1;-23.55496578;585.6718637;0.020654434;test
1;-16.71396109;280.3564954;0.023521572;test
1;-22.80915888;521.2577287;0.013872974;test
1;-5.727423199;33.8033765;0.127552165;test
1;-24.4531683;631.076912;0.019688459;test
1;-11.62437484;141.3522794;0.09183144;test
0;-7.461124053;56.66837214;0.086324682;training
0;-7.451539017;56.52543373;0.086493564;training
0;-7.455368895;56.58252535;0.086426024;training
0;-14.43866896;220.378382;0.098137315;training
0;-7.459844055;56.64927332;0.086347206;training
0;-9.646712384;98.94362361;0.212835224;training
0;-7.45856467;56.63018694;0.086369727;training
0;-7.451539017;56.52543373;0.086493564;training
0;-7.440717526;56.3642773;0.086684839;training
0;-7.459844055;56.64927332;0.086347206;training
0;-7.459844055;56.64927332;0.086347206;training
0;-7.459844055;56.64927332;0.086347206;training
0;-7.463045204;56.69704372;0.086290893;training
0;-7.437543094;56.31704727;0.086741071;training
0;-5.594882728;32.30271274;0.131872322;training
0;-8.571980025;74.47884156;0.069708129;training
0;-5.648283349;32.90310479;0.130105732;training
0;-11.46925939;135.6497785;0.099264565;training
0;-5.516542038;31.43223606;0.134529676;training
0;-7.460783139;58.09423499;0.213043688;training
0;-5.545932636;31.7573688;0.133523421;training
0;-5.540816073;31.70064276;0.133697787;training
0;-5.583551598;32.17604845;0.132251795;training
0;-5.440773676;30.60201819;0.13717667;training
0;-5.433751887;30.52565957;0.13742591;training
0;-5.569113391;32.01502396;0.132737695;training
0;-5.494212984;31.18637631;0.135301761;training
0;-5.53005546;31.58151339;0.134065609;training
0;-17.51242493;320.9332934;0.044249909;training
0;-9.311142485;87.69737438;0.061221527;training
0;-8.475969731;72.84206288;0.070942033;training
0;-20.37999473;429.5356085;0.049616558;training
0;-8.826743013;78.91139223;0.066589228;training
0;-5.944383894;36.94782492;0.288815116;training
0;-16.40473704;281.7627986;0.049459418;training
0;-18.05428139;341.7307405;0.044122457;training
0;-19.98317118;414.5632344;0.032398465;training
0;-9.487365001;91.01009466;0.059432704;training
0;-10.05265871;102.0559472;0.054206805;training
0;-9.096510335;83.74650028;0.063514574;training
0;-8.936781966;80.8660719;0.065307995;training
0;-8.977581557;81.59697061;0.064842561;training
0;-7.649375309;59.51294262;0.083107349;training
0;-7.733019;60.79958286;0.081736325;training
0;-7.751482911;61.08548732;0.08143834;training
0;-15.23720401;241.2752573;0.080997664;training
0;-7.686003098;60.07464362;0.082502678;training
0;-5.526558466;32.18686933;0.353022566;training
0;-15.0359897;235.5462972;0.054097257;training
0;-15.00185645;234.4952766;0.054129996;training
0;-15.09020969;237.5183561;0.054027675;training
0;-7.647316673;59.4814523;0.083141535;training
0;-7.647316673;59.4814523;0.083141535;training
0;-7.647316673;59.4814523;0.083141535;training
0;-15.04627544;236.0219929;0.054554254;training
0;-15.16075676;239.7046513;0.053784546;training
0;-25.40964763;646.6501927;0.011522602;training
0;-25.54876185;653.7392322;0.011414622;training
0;-25.40964763;646.6501927;0.011522602;training
0;-49.94464173;2581.739756;0.010458737;training
0;-25.40964763;646.6501927;0.011522602;training
0;-16.85748584;289.8302503;0.053225511;training
0;-25.40964763;646.6501927;0.011522602;training
0;-25.54876185;653.7392322;0.011414622;training
0;-25.40964763;646.6501927;0.011522602;training
0;-25.40964763;646.6501927;0.011522602;training
0;-25.40964763;646.6501927;0.011522602;training
0;-25.40964763;646.6501927;0.011522602;training
0;-25.43267654;647.8210358;0.011504618;training
0;-25.40964763;646.6501927;0.011522602;training
0;-39.55669706;1642.432804;0.015981895;training
0;-20.2096761;409.4310079;0.017058658;training
0;-13.25402586;180.3923377;0.084135408;training
0;-21.37223186;457.7722947;0.015506963;training
0;-19.36889031;376.153912;0.018336501;training
0;-19.64106609;386.7714773;0.017907034;training
0;-44.31944972;1965.213623;0.004363594;training
0;-44.93854031;2020.472405;0.004258071;training
0;-45.06549453;2031.898797;0.00423692;training
0;-94.95757869;9387.809896;0.003899704;training
0;-44.93854031;2020.472405;0.004258071;training
0;-31.47865623;1015.042313;0.021005007;training
0;-45.9852969;2115.647531;0.004088417;training
0;-44.07886637;1943.94646;0.004405696;training
0;-44.93854031;2020.472405;0.004258071;training
0;-44.81265091;2009.173682;0.004279206;training
0;-44.81265091;2009.173682;0.004279206;training
0;-44.81265091;2009.173682;0.004279206;training
0;-45.19352868;2043.455035;0.004215753;training
0;-44.93854031;2020.472405;0.004258071;training
0;-14.74536011;229.7854454;0.102341748;training
0;-14.22777141;217.0772827;0.061157736;training
0;-10.41914458;115.0298551;0.188937898;training
0;-14.67302237;231.0122321;0.057658651;training
0;-14.50903916;225.8788934;0.058735848;training
0;-15.34588173;252.0427267;0.051933787;training
0;-11.43403267;131.7371032;0.0440596;training
0;-13.11555948;173.0179003;0.035208943;training
0;-13.37249835;179.8237122;0.034101387;training
0;-26.04266845;703.4125599;0.026499143;training
0;-13.32468366;178.5471946;0.034303373;training
0;-8.186196922;69.14190336;0.161118859;training
0;-11.60720826;135.7272836;0.042997272;training
0;-12.10406523;147.5083951;0.040159792;training
0;-12.21582932;150.226486;0.039561418;training
0;-11.84563754;141.3191287;0.041598216;training
0;-12.94065094;168.4604467;0.035995107;training
0;-11.38653318;130.6531378;0.04435808;training
0;-10.4933202;111.1097688;0.050608338;training
0;-12.06069608;146.46039;0.040395764;training
0;-44.19866797;1954.522251;0.004384653;training
0;-44.68781154;1998.0005;0.004300326;training
0;-44.68781154;1998.0005;0.004300326;training
0;-86.94415922;8082.083866;0.005835997;training
0;-44.93854031;2020.472405;0.004258071;training
0;-29.49462246;896.6963458;0.028948069;training
0;-44.68781154;1998.0005;0.004300326;training
0;-44.68781154;1998.0005;0.004300326;training
0;-45.06549453;2031.898797;0.00423692;training
0;-44.93854031;2020.472405;0.004258071;training
0;-44.93854031;2020.472405;0.004258071;training
0;-44.93854031;2020.472405;0.004258071;training
0;-44.68781154;1998.0005;0.004300326;training
0;-45.06549453;2031.898797;0.00423692;training
0;-66.64416456;4442.444669;0.002114842;training
0;-66.23627503;4388.24413;0.002138156;training
0;-65.83577772;4335.349628;0.002161436;training
0;-126.423343;17107.70279;0.003282369;training
0;-66.23627503;4388.24413;0.002138156;training
0;-43.22935422;1928.888672;0.01575091;training
0;-65.83577772;4335.349628;0.002161436;training
0;-66.23627503;4388.24413;0.002138156;training
0;-67.48305154;4554.962245;0.002068111;training
0;-66.23627503;4388.24413;0.002138156;training
0;-66.23627503;4388.24413;0.002138156;training
0;-66.23627503;4388.24413;0.002138156;training
0;-65.44245196;4283.714519;0.002184683;training
0;-67.48305154;4554.962245;0.002068111;training
0;-59.67710379;3562.356716;0.002575107;training
0;-62.53034251;3911.043734;0.002369497;training
0;-106.1160172;12439.37742;0.002233323;training
0;-82.29284899;7284.96077;0.006515128;training
0;-76.80260096;5899.639514;0.001640714;training
0;-31.01141219;1004.785508;0.030007759;training
0;-60.58440113;3671.46966;0.002506828;training
0;-35.43645092;1256.742054;0.006464768;training
0;-35.43645092;1256.742054;0.006464768;training
0;-35.3128985;1248.000801;0.006504399;training
0;-69.95165311;5044.249986;0.004862067;training
0;-35.43645092;1256.742054;0.006464768;training
0;-23.64231887;568.1774546;0.025966305;training
0;-35.3128985;1248.000801;0.006504399;training
0;-35.43645092;1256.742054;0.006464768;training
0;-35.6242276;1270.085592;0.006405248;training
0;-35.43645092;1256.742054;0.006464768;training
0;-35.43645092;1256.742054;0.006464768;training
0;-35.43645092;1256.742054;0.006464768;training
0;-35.3745134;1252.356199;0.006484588;training
0;-35.6242276;1270.085592;0.006405248;training
0;-37.60749315;1415.323541;0.005825188;training
0;-38.13778396;1455.490565;0.005683832;training
0;-37.90779201;1438.000695;0.00574448;training
0;-74.01807083;5667.114175;0.005389214;training
0;-41.1717597;1696.113797;0.004968443;training
0;-25.07686858;640.9973257;0.028551584;training
0;-37.75674945;1426.572129;0.005784856;training
0;-38.13778396;1455.490565;0.005683832;training
0;-38.13778396;1455.490565;0.005683832;training
0;-37.75674945;1426.572129;0.005784856;training
0;-37.75674945;1426.572129;0.005784856;training
0;-37.75674945;1426.572129;0.005784856;training
0;-37.68190022;1420.925604;0.005805028;training
0;-38.13778396;1455.490565;0.005683832;training
0;-14.32962513;206.3381565;0.03041633;training
0;-14.34648101;206.8215173;0.030357047;training
0;-14.36339536;207.3071263;0.030297738;training
0;-28.6970961;837.6006908;0.017965193;training
0;-14.35493085;207.0640398;0.030327396;training
0;-9.509046761;92.14958446;0.101556902;training
0;-14.36339536;207.3071263;0.030297738;training
0;-14.34648101;206.8215173;0.030357047;training
0;-14.30863702;205.7370934;0.030490398;training
0;-14.35493085;207.0640398;0.030327396;training
0;-14.35493085;207.0640398;0.030327396;training
0;-14.35493085;207.0640398;0.030327396;training
0;-14.3507041;206.9427081;0.030342222;training
0;-14.30863702;205.7370934;0.030490398;training
0;-35.06960969;1230.877524;0.006583545;training
0;-23.57982195;557.0080033;0.013104086;training
0;-25.45576778;648.9961135;0.011486629;training
0;-47.00761546;2357.831871;0.015580509;training
0;-27.10546579;735.7062754;0.010306107;training
0;-17.09498538;302.7846392;0.071518352;training
0;-24.19167206;586.236997;0.01253967;training
0;-18.1076057;328.8853843;0.020551867;training
0;-25.43267654;647.8210358;0.011504618;training
0;-28.68256066;823.689286;0.009344463;training
0;-25.59564035;656.1368051;0.011378588;training
0;-25.95560073;674.6932093;0.011107682;training
0;-23.50653864;553.5573588;0.013174323;training
0;-21.42739148;460.1331057;0.01543884;training
0;-29.08707244;847.0577829;0.009120165;training
0;-35.49871388;1261.158687;0.006444938;training
0;-29.33105031;861.3105122;0.008988891;training
0;-55.94216357;3445.503802;0.015094205;training
0;-33.0841637;1095.561888;0.007289244;training
0;-20.0970965;424.7968486;0.068763432;training
0;-27.10546579;735.7062754;0.010306107;training
0;-31.7081118;1006.404354;0.007849664;training
0;-41.97268694;1762.706449;0.004802758;training
0;-30.5696102;935.5010678;0.008365529;training
0;-28.10609906;790.9528046;0.009679193;training
0;-29.26071956;857.1897094;0.009026431;training
0;-33.39181513;1116.013318;0.007172425;training
0;-32.30344539;1044.512584;0.007599285;training
0;-16.90221919;286.7043292;0.02578365;training
0;-16.94991118;288.3524057;0.026919119;training
0;-17.01201875;290.4926019;0.027344174;training
0;-33.2672441;1143.567773;0.018193605;training
0;-16.95760462;288.5603543;0.02295618;training
0;-11.30100138;130.7563762;0.097263201;training
0;-17.03417247;291.1630319;0.022782844;training
0;-16.9437923;288.0920973;0.022987667;training
0;-16.9922817;289.7376373;0.022877425;training
0;-16.95760462;288.5603543;0.02295618;training
0;-16.95545915;288.6554184;0.028481662;training
0;-16.96452328;288.7950501;0.022940434;training
0;-16.96402521;288.8095749;0.025687431;training
0;-17.00555919;290.3559644;0.02705729;training
0;-24.96174185;624.0885563;0.011881241;training
0;-25.16036521;634.0439775;0.011720097;training
0;-25.13806302;632.9222124;0.011738022;training
0;-49.27943969;2503.957218;0.008521429;training
0;-25.13806302;632.9222124;0.011738022;training
0;-16.78504699;287.0376899;0.048112664;training
0;-25.13806302;632.9222124;0.011738022;training
0;-25.16036521;634.0439775;0.011720097;training
0;-25.04943998;628.4744433;0.01180967;training
0;-25.13806302;632.9222124;0.011738022;training
0;-25.13806302;632.9222124;0.011738022;training
0;-25.13806302;632.9222124;0.011738022;training
0;-25.09363487;630.690511;0.011773856;training
0;-25.04943998;628.4744433;0.01180967;training
0;-5.086761434;26.87514189;0.150634957;training
0;-10.30853506;111.367725;0.105532398;training
0;-5.079743404;26.80379305;0.150921291;training
0;-10.32395393;111.447804;0.152748252;training
0;-5.09016631;26.90979306;0.150496329;training
0;-3.381654561;12.71791899;0.6977416;training
0;-5.079969399;26.8060891;0.150912057;training
0;-5.104302896;27.05390806;0.149922783;training
0;-5.102930377;27.03989844;0.149978326;training
0;-5.09016631;26.90979306;0.150496329;training
0;-5.098818572;26.99795083;0.150144906;training
0;-5.098818572;26.99795083;0.150144906;training
0;-5.105218442;27.06325534;0.149885749;training
0;-5.102701718;27.03756482;0.149987583;training
0;-15.68881698;247.1389782;0.02615444;training
0;-15.66141456;246.2799061;0.026230999;training
0;-15.72183062;248.1765522;0.027581416;training
0;-30.61400321;977.3252722;0.027408331;training
0;-15.67235857;246.622823;0.026200381;training
0;-20.65183937;444.9758192;0.056650521;training
0;-15.59081532;244.0736148;0.026719641;training
0;-15.73295676;248.5259283;0.026031845;training
0;-15.69981764;247.4842739;0.026123803;training
0;-15.68331812;246.9665408;0.026400054;training
0;-15.68332517;246.9666885;0.026169756;training
0;-15.67783904;246.7946369;0.026185069;training
0;-15.68881698;247.1389782;0.02615444;training
0;-15.68881698;247.1389782;0.02615444;training
0;-43.04266072;1853.670642;0.004594422;training
0;-43.26662147;1873.000534;0.004552585;training
0;-43.72521171;1912.89414;0.004468737;training
0;-83.09183683;7257.068835;0.005192286;training
0;-43.37991799;1882.817285;0.004531645;training
0;-28.86905633;855.093497;0.024486772;training
0;-43.72521171;1912.89414;0.004468737;training
0;-43.26662147;1873.000534;0.004552585;training
0;-43.4941073;1892.73737;0.00451069;training
0;-43.37991799;1882.817285;0.004531645;training
0;-43.37991799;1882.817285;0.004531645;training
0;-43.37991799;1882.817285;0.004531645;training
0;-43.04266072;1853.670642;0.004594422;training
0;-43.4941073;1892.73737;0.00451069;training
0;-24.7040389;611.2895378;0.012095492;training
0;-24.78905674;615.4973339;0.012024151;training
0;-24.68291988;610.246534;0.012113315;training
0;-49.20479179;2457.965335;0.007345066;training
0;-24.7040389;611.2895378;0.012095492;training
0;-16.44426726;273.3518881;0.04074128;training
0;-24.68291988;610.246534;0.012113315;training
0;-24.78905674;615.4973339;0.012024151;training
0;-24.64084278;608.1711331;0.012148947;training
0;-24.7040389;611.2895378;0.012095492;training
0;-24.7040389;611.2895378;0.012095492;training
0;-24.7040389;611.2895378;0.012095492;training
0;-24.61988424;607.1387002;0.012166756;training
0;-24.64084278;608.1711331;0.012148947;training
0;-24.85339552;618.6912689;0.011970596;training
0;-24.72521186;612.3361014;0.012077664;training
0;-24.746439;613.386243;0.012059831;training
0;-48.977763;2453.509131;0.008233216;training
0;-24.746439;613.386243;0.012059831;training
0;-16.51679716;276.8787685;0.045878575;training
0;-24.72521186;612.3361014;0.012077664;training
0;-24.72521186;612.3361014;0.012077664;training
0;-24.68291988;610.246534;0.012113315;training
0;-24.746439;613.386243;0.012059831;training
0;-24.746439;613.386243;0.012059831;training
0;-24.746439;613.386243;0.012059831;training
0;-24.68291988;610.246534;0.012113315;training
0;-24.68291988;610.246534;0.012113315;training
0;-20.53121192;422.530663;0.016606195;training
0;-20.51903098;422.0306325;0.016622996;training
0;-20.61708449;426.0641727;0.016488503;training
0;-40.23252617;1677.939965;0.013487374;training
0;-20.51903098;422.0306325;0.016622996;training
0;-13.62237874;189.7786297;0.072091745;training
0;-20.6047516;425.5557886;0.016505326;training
0;-20.51903098;422.0306325;0.016622996;training
0;-20.4584468;419.5480453;0.016706947;training
0;-20.51903098;422.0306325;0.016622996;training
0;-20.51903098;422.0306325;0.016622996;training
0;-20.51903098;422.0306325;0.016622996;training
0;-20.55563841;423.5342704;0.016572585;training
0;-20.4584468;419.5480453;0.016706947;training
0;-30.5696102;935.5010678;0.008365529;training
0;-30.13956708;909.3935035;0.00857416;training
0;-30.45051123;928.2336343;0.008422514;training
0;-56.15481864;3388.718219;0.015327152;training
0;-30.33278767;921.0780076;0.008479435;training
0;-19.8621638;410.6234716;0.067122157;training
0;-30.45051123;928.2336343;0.008422514;training
0;-30.13956708;909.3935035;0.00857416;training
0;-30.60962015;937.9488457;0.008346519;training
0;-30.33278767;921.0780076;0.008479435;training
0;-30.33278767;921.0780076;0.008479435;training
0;-30.33278767;921.0780076;0.008479435;training
0;-30.33278767;921.0780076;0.008479435;training
0;-30.60962015;937.9488457;0.008346519;training
0;-14.5863094;218.4425548;0.047758637;training
0;-7.276920145;53.95356679;0.089660706;training
0;-7.259665384;53.70274149;0.089983239;training
0;-14.66443547;219.8553203;0.059783956;training
0;-7.008959691;50.12551596;0.094876332;training
0;-4.798760638;24.21634246;0.276469289;training
0;-14.96383432;230.0768525;0.046932549;training
0;-14.45861705;214.5647604;0.050120507;training
0;-14.92465068;228.4342585;0.046649581;training
0;-15.04909851;232.4843063;0.045114269;training
0;-7.004124107;50.0577545;0.094974663;training
0;-7.308752466;54.4178626;0.089070291;training
0;-7.323903177;54.63955775;0.088791363;training
0;-7.809809939;61.99313128;0.080507853;training
0;-23.50653864;553.5573588;0.013174323;training
0;-23.48832356;552.7013438;0.013191871;training
0;-23.48832356;552.7013438;0.013191871;training
0;-45.62481285;2179.311122;0.013199303;training
0;-23.54309537;555.2773395;0.013139213;training
0;-15.67313381;252.0647408;0.067006489;training
0;-23.50653864;553.5573588;0.013174323;training
0;-23.45201917;550.9972033;0.013226955;training
0;-23.56143735;556.1413298;0.013121652;training
0;-23.54309537;555.2773395;0.013139213;training
0;-23.56143735;556.1413298;0.013121652;training
0;-23.54309537;555.2773395;0.013139213;training
0;-23.57982195;557.0080033;0.013104086;training
0;-23.61671971;558.7494501;0.013068942;training
0;-38.32926532;1556.566265;0.012336034;training
0;-19.91377809;397.5585579;0.017492168;training
0;-20.01474276;401.5899279;0.017342346;training
0;-38.62982712;1569.331359;0.020916665;training
0;-19.90265294;397.1155939;0.0175088;training
0;-13.12421744;177.5242711;0.101885152;training
0;-20.00344933;401.137985;0.017359006;training
0;-38.58376915;1573.936893;0.012368712;training
0;-38.62034379;1579.327141;0.012397785;training
0;-38.59867002;1576.999982;0.011821551;training
0;-38.61578921;1579.682306;0.012147991;training
0;-38.59663737;1577.187467;0.011952249;training
0;-19.98091913;400.2371292;0.017392315;training
0;-19.95846413;399.3402905;0.017425612;training
0;-11.30582402;128.8216568;0.044872462;training
0;-12.36600604;153.9181054;0.038778858;training
0;-24.78869871;643.5875288;0.025962145;training
0;-23.88560279;598.7656316;0.044700582;training
0;-11.85528091;141.5476854;0.041543118;training
0;-15.96580273;268.0795313;0.096612344;training
0;-12.28221057;151.8526964;0.039212524;training
0;-12.39614407;154.6643878;0.038624697;training
0;-12.34150636;153.3127792;0.03890488;training
0;-12.17128432;149.140162;0.039798244;training
0;-12.42096284;155.2803178;0.038498456;training
0;-12.53305347;158.0774292;0.037936183;training
0;-11.90628702;142.7596705;0.04125356;training
0;-22.71511462;550.8785354;0.034822481;training
0;-5.414164131;30.31317324;0.138124763;training
0;-14.49198807;219.5774184;0.057533816;training
0;-10.85399092;123.5703861;0.093552726;training
0;-5.487284132;31.11028715;0.135542691;training
0;-7.445062755;58.52898997;0.244123405;training
0;-5.344593406;29.56467868;0.14065025;training
0;-5.299669431;29.08649607;0.142317777;training
0;-5.399263664;30.15204811;0.138659942;training
0;-5.560784569;31.92232503;0.133019207;training
0;-5.500051161;31.25056278;0.135099253;training
0;-5.445648984;30.65509286;0.137004017;training
0;-5.451623405;30.72019775;0.136792883;training
0;-5.342271835;29.53986836;0.140735709;training
0;-3.743559359;15.01423667;0.224183996;training
0;-7.944888889;65.25549167;0.123965051;training
0;-3.832068363;15.68474794;0.217898535;training
0;-3.767093173;15.19099098;0.222488115;training
0;-5.185206582;28.3844272;0.314591406;training
0;-3.736883188;14.96429596;0.224668393;training
0;-7.79529669;62.88688913;0.12793235;training
0;-8.029149251;66.63053892;0.12065756;training
0;-3.704846417;14.72588697;0.227013379;training
0;-3.728655808;14.90287413;0.22526736;training
0;-3.745578275;15.02935661;0.2240378;training
0;-3.758173975;15.12387163;0.22312872;training
0;-7.905854781;64.64775113;0.123715994;training
0;-8.59957472;74.95268537;0.069359581;training
0;-8.596708369;74.90339478;0.069395661;training
0;-8.590983815;74.80500291;0.069467805;training
0;-17.19676281;304.3554349;0.055435851;training
0;-8.595753523;74.88697863;0.069407687;training
0;-5.605311622;32.84724355;0.286719375;training
0;-8.591937154;74.82138406;0.069455783;training
0;-8.596708369;74.90339478;0.069395661;training
0;-8.600530775;74.96912961;0.069347553;training
0;-8.595753523;74.88697863;0.069407687;training
0;-8.595753523;74.88697863;0.069407687;training
0;-8.595753523;74.88697863;0.069407687;training
0;-8.593844736;74.85416734;0.069431736;training
0;-8.597663517;74.91981796;0.069383635;training
0;-8.939537095;83.33301853;0.118961677;training
0;-8.999263901;84.26703624;0.116996951;training
0;-9.023738523;84.77514308;0.116311863;training
0;-9.283617797;89.53174166;0.147517817;training
0;-8.950739093;83.54275615;0.116743854;training
0;-6.07448201;38.99752582;0.305472933;training
0;-9.028797852;84.8665453;0.116299067;training
0;-9.069017776;85.53967419;0.114306709;training
0;-9.228737874;88.60976565;0.110401099;training
0;-9.151511126;87.19056817;0.109962925;training
0;-4.461266019;20.90289449;0.179683984;training
0;-9.033931727;85.02449039;0.113982879;training
0;-9.073072327;85.72809774;0.11395089;training
0;-9.12963195;86.76073;0.113355947;training
0;-6.193653188;39.36133981;0.113931924;training
0;-12.59740368;163.1787298;0.06282694;training
0;-12.5874967;162.9727963;0.062466039;training
0;-12.67500197;164.6103232;0.083334811;training
0;-6.19748573;39.40882938;0.113829206;training
0;-8.346969618;72.03641012;0.172680091;training
0;-12.58787574;162.9894005;0.06250954;training
0;-12.59283898;163.067638;0.062847158;training
0;-12.5921053;163.1808603;0.062515423;training
0;-6.19748573;39.40882938;0.113829206;training
0;-6.19748573;39.40882938;0.113829206;training
0;-6.19748573;39.40882938;0.113829206;training
0;-6.20286213;39.47549861;0.113685346;training
0;-6.195568654;39.38507094;0.113880569;training
0;-8.27405414;70.88958282;0.158779858;training
0;-3.924487997;16.40160604;0.21159749;training
0;-5.416002095;30.95283339;0.318982332;training
0;-3.926150533;16.41465801;0.211486516;training
0;-3.924487997;16.40160604;0.21159749;training
0;-3.924487997;16.40160604;0.21159749;training
0;-14.34869511;216.4743312;0.064040538;training
0;-14.20709066;211.9740755;0.065528703;training
0;-15.49489075;252.2916144;0.05762318;training
0;-15.09055418;237.036656;0.084038165;training
0;-13.69538532;197.0221308;0.066704904;training
0;-9.799359802;100.9407035;0.189326809;training
0;-14.34698807;216.3056985;0.065345676;training
0;-8.61202708;75.16701043;0.069203171;training
0;-13.85946271;202.0810723;0.067504201;training
0;-13.87551404;202.3057009;0.065711262;training
0;-13.62753323;195.0625977;0.067059587;training
0;-13.92426454;203.8691914;0.065722331;training
0;-13.7548037;198.7088998;0.066612053;training
0;-14.60073098;224.3084059;0.062120987;training
0;-20.71098827;469.0068391;0.040651952;training
0;-26.70712769;789.3645966;0.029482444;training
0;-28.99063481;930.3675636;0.025811267;training
0;-22.63364012;546.8215745;0.053832077;training
0;-23.99474275;634.4167481;0.03109733;training
0;-15.4473212;259.0062193;0.116259513;training
0;-23.79612534;625.4889234;0.033740151;training
0;-27.54488742;837.2253979;0.027823166;training
0;-25.0922137;700.5744559;0.032255157;training
0;-24.61846172;670.7791707;0.030291297;training
0;-26.1484555;763.7573054;0.029438368;training
0;-25.51093624;726.8572571;0.030028182;training
0;-22.77324999;570.4914233;0.035622281;training
0;-23.44534366;607.9127883;0.034620964;training
0;-12.32254884;152.84521;0.03900283;training
0;-13.31789386;178.3662968;0.034332206;training
0;-12.32795659;152.9785136;0.03897485;training
0;-12.86950787;166.6242329;0.036322673;training
0;-8.531391983;75.25929349;0.183609842;training
0;-12.95314165;168.7838787;0.035938068;training
0;-145.5110671;21174.47064;0.000517585;training
0;-12.56154145;158.7923236;0.037795306;training
0;-12.86950787;166.6242329;0.036322673;training
0;-13.04476837;171.1659817;0.035523896;training
0;-13.13506241;173.5298644;0.035122934;training
0;-12.45986027;156.2481179;0.038301885;training
0;-12.60751892;159.9495332;0.037569642;training
0;-21.67397394;491.5031235;0.03191878;training
0;-20.28352621;430.7333136;0.035970397;training
0;-20.95256916;459.4585537;0.034008557;training
0;-22.99466919;546.7720007;0.043474659;training
0;-20.24252922;429.13065;0.034721385;training
0;-13.98934014;204.0903105;0.108817574;training
0;-22.55724491;531.5773399;0.029561828;training
0;-20.99469843;461.180982;0.033974691;training
0;-22.47459961;527.8273499;0.029446236;training
0;-21.32574505;475.72167;0.031681486;training
0;-20.27296499;430.3330229;0.034180861;training
0;-20.86298942;456.0446796;0.033057807;training
0;-20.15153661;425.8718938;0.035621165;training
0;-20.75939417;451.2331141;0.033995721;training
0;-14.18246056;210.8485156;0.064875679;training
0;-13.89183294;202.0136026;0.067245693;training
0;-14.47588526;218.8956935;0.061541702;training
0;-13.97506664;203.4056163;0.093923042;training
0;-14.13005733;209.1881455;0.063888408;training
0;-9.450618356;93.77447676;0.200470628;training
0;-14.43631869;217.9737497;0.062756532;training
0;-13.02517061;178.0547174;0.075134269;training
0;-13.69066302;196.4378679;0.06862161;training
0;-14.30718667;214.3885166;0.062587386;training
0;-13.62734975;194.6780763;0.067929138;training
0;-14.47433018;219.369155;0.061303506;training
0;-13.7847553;199.2657475;0.067091872;training
0;-14.6955148;225.7774141;0.060706656;training
0;-10.99886696;121.9750744;0.046915497;training
0;-10.96217687;121.1693217;0.047169286;training
0;-10.99305008;121.84715;0.046955592;training
0;-21.93535246;493.6261183;0.034120192;training
0;-10.98724212;121.7194894;0.046995678;training
0;-7.226464583;53.85287091;0.179615931;training
0;-10.99305008;121.84715;0.046955592;training
0;-10.96217687;121.1693217;0.047169286;training
0;-10.98144306;121.5920918;0.047035756;training
0;-10.98724212;121.7194894;0.046995678;training
0;-10.98724212;121.7194894;0.046995678;training
0;-10.98724212;121.7194894;0.046995678;training
0;-10.98530811;121.6769944;0.047009038;training
0;-10.98144306;121.5920918;0.047035756;training
0;-10.19925931;105.0248904;0.052966988;training
0;-10.21488768;105.3439302;0.052837402;training
0;-10.18525268;104.7393721;0.053083544;training
0;-20.44725761;428.0704089;0.03829385;training
0;-10.21175647;105.2799701;0.052863326;training
0;-6.707604464;46.5057256;0.202125814;training
0;-10.17904532;104.6129636;0.053135325;training
0;-10.21488768;105.3439302;0.052837402;training
0;-10.20550236;105.1522784;0.052915164;training
0;-10.21175647;105.2799701;0.052863326;training
0;-10.21175647;105.2799701;0.052863326;training
0;-10.21175647;105.2799701;0.052863326;training
0;-10.21802166;105.4079666;0.052811475;training
0;-10.20278921;105.1005692;0.053004701;training
0;-5.789324228;35.32041683;0.224208653;training
0;-5.884526062;36.40152898;0.217218774;training
0;-6.564894781;45.09535204;0.18616326;training
0;-5.870477889;36.18141259;0.293195451;training
0;-6.53390869;44.70978793;0.187385082;training
0;-3.887778141;16.47936155;0.556074983;training
0;-5.869566132;36.2410448;0.217903859;training
0;-5.8433165;35.92173636;0.220526042;training
0;-5.87838842;36.34995891;0.219042586;training
0;-5.841089451;35.91726471;0.217174645;training
0;-5.814061934;35.59629592;0.218697872;training
0;-5.841803239;35.92351902;0.217403431;training
0;-6.975025203;50.86140468;0.174100167;training
0;-5.927436725;36.91202306;0.2145007;training
0;-4.941507549;25.41849686;0.156729522;training
0;-9.94742457;102.5155809;0.094081494;training
0;-4.926417525;25.26958963;0.15738348;training
0;-10.21119325;107.7769612;0.116877877;training
0;-4.916838612;25.17530194;0.157800694;training
0;-6.74852553;47.76098217;0.242070402;training
0;-4.895152117;24.96251425;0.15875131;training
0;-4.972476038;25.72551795;0.155399943;training
0;-9.931581163;102.235657;0.094094748;training
0;-4.982337429;25.82368625;0.154980059;training
0;-4.953115226;25.53335044;0.156229205;training
0;-4.989443104;25.89454249;0.154678548;training
0;-4.995492742;25.95494774;0.154422529;training
0;-10.18655198;107.5487736;0.091527593;training
0;-27.8305423;775.5390847;0.009845809;training
0;-27.89108003;778.9123451;0.009808826;training
0;-27.8305423;775.5390847;0.009845809;training
0;-54.60007994;3070.956311;0.006930965;training
0;-27.86076209;777.2220642;0.009827321;training
0;-18.6172028;352.6877323;0.039180689;training
0;-27.8305423;775.5390847;0.009845809;training
0;-27.89108003;778.9123451;0.009808826;training
0;-27.89108003;778.9123451;0.009808826;training
0;-27.86076209;777.2220642;0.009827321;training
0;-27.86076209;777.2220642;0.009827321;training
0;-27.86076209;777.2220642;0.009827321;training
0;-27.80042013;773.8633595;0.009864292;training
0;-27.89108003;778.9123451;0.009808826;training
0;-9.670843546;94.5252149;0.057654374;training
0;-9.682904008;94.75863003;0.057540362;training
0;-9.807330919;97.18373976;0.056384111;training
0;-19.50630055;398.5724796;0.054264153;training
0;-10.29728559;107.0340906;0.052162203;training
0;-13.39836529;189.3145441;0.113049904;training
0;-9.613811983;93.42538085;0.058198262;training
0;-9.638892404;93.90824677;0.05795811;training
0;-9.880531732;98.6249073;0.055720532;training
0;-10.44789594;110.1585296;0.050961973;training
0;-10.23215905;105.6970788;0.052694761;training
0;-10.37835356;108.7102227;0.051510808;training
0;-9.418461068;89.70740889;0.060122439;training
0;-9.579793565;92.77244474;0.058526456;training
0;-10.52477762;116.6052001;0.101093385;training
0;-9.675572124;98.54001457;0.116049587;training
0;-87.35366364;7970.547302;0.002527552;training
0;-12.47628055;163.2344733;0.113056102;training
0;-13.29303588;185.4500791;0.067457103;training
0;-7.97830669;67.42722823;0.245287446;training
0;-77.62925321;6529.192081;0.003815152;training
0;-32.29752263;1093.633009;0.014272049;training
0;-16.1047735;273.7428973;0.053536746;training
0;-9.4407654;94.06265829;0.120218314;training
0;-9.367142758;92.57890359;0.121761216;training
0;-16.58326463;288.7747844;0.04722112;training
0;-9.250212101;90.2959682;0.125177942;training
0;-13.16607786;182.0357649;0.071185755;training
0;-13.38167475;188.4956998;0.0700155;training
0;-13.14843303;181.4780876;0.072465423;training
0;-12.89946073;174.5172614;0.074047248;training
0;-12.99782652;176.016944;0.094926385;training
0;-13.22639828;183.7564974;0.06810806;training
0;-9.752969876;99.87796072;0.177628705;training
0;-12.88080808;173.9155855;0.072881224;training
0;-14.04445592;207.3892347;0.066151992;training
0;-13.18400285;182.6715671;0.070077442;training
0;-13.57073864;193.9569757;0.066220329;training
0;-13.02598083;178.3759077;0.070845461;training
0;-13.82642148;201.5936434;0.065461613;training
0;-12.50697323;164.175953;0.074517883;training
0;-13.70240946;197.594367;0.06677225;training
0;-28.98434961;841.0925224;0.009176327;training
0;-29.08707244;847.0577829;0.009120165;training
0;-28.78211216;829.4099802;0.009288475;training
0;-101.0386368;11232.59243;0.006895501;training
0;-30.41111853;925.8361305;0.008441495;training
0;-19.07295765;375.6907506;0.057001103;training
0;-28.81552593;831.3345348;0.0092698;training
0;-29.05271081;845.0600055;0.009138893;training
0;-29.12153033;849.0640172;0.009239281;training
0;-29.01847011;843.0716073;0.009157613;training
0;-28.8827024;835.2104982;0.00923243;training
0;-30.41111853;925.8361305;0.008441495;training
0;-28.84905579;833.26802;0.009251119;training
0;-29.19089;853.1080592;0.009063945;training
0;-6.720772936;47.43759539;0.180642523;training
0;-6.760839957;47.93726712;0.180741976;training
0;-6.735784088;47.63354779;0.181789401;training
0;-6.744835234;47.61938411;0.240520504;training
0;-6.730739401;47.55536429;0.177322099;training
0;-4.342171178;20.40333174;0.496040762;training
0;-6.696364212;47.10330267;0.184138945;training
0;-6.676992416;46.788208;0.183852289;training
0;-6.752571388;47.85317504;0.181224896;training
0;-6.775007235;48.16976441;0.175355483;training
0;-6.665538238;46.68076822;0.181397335;training
0;-6.761687849;47.99605465;0.177756839;training
0;-6.693810622;47.06537005;0.182757875;training
0;-6.725807399;47.47873763;0.182271267;training
0;-6.670367358;46.7581594;0.182510865;training
0;-6.761946258;47.94730055;0.180312583;training
0;-6.906733019;49.93269432;0.171459815;training
0;-6.688646755;46.99164239;0.178865696;training
0;-4.461549749;21.44879552;0.450622683;training
0;-6.736824076;47.61287316;0.179759352;training
0;-6.639374415;46.28895292;0.185695398;training
0;-6.755079528;47.88280271;0.18083258;training
0;-6.716982987;47.38366606;0.178141846;training
0;-6.686393812;46.96650219;0.179597253;training
0;-6.752506646;47.86690715;0.176370018;training
0;-6.648156409;46.43987521;0.184054983;training
0;-6.843806426;49.07326858;0.17533395;training
0;-2.416453273;6.839246419;0.356468733;training
0;-5.59920881;32.75820128;0.192214965;training
0;-5.600545755;32.77861847;0.192068795;training
0;-5.624107504;33.03550052;0.242811343;training
0;-2.416196103;6.838003607;0.356502773;training
0;-3.534628879;13.6805458;0.475708001;training
0;-5.600555931;32.77863069;0.191994361;training
0;-5.598948398;32.75420909;0.19274796;training
0;-5.599997267;32.77095914;0.192523398;training
0;-2.416196103;6.838003607;0.356502773;training
0;-2.416196103;6.838003607;0.356502773;training
0;-5.596838482;32.73652583;0.189822779;training
0;-5.596471948;32.73456243;0.192103764;training
0;-5.59950502;32.76508207;0.19254091;training
0;-19.41003544;377.7494757;0.018270559;training
0;-19.37915232;376.5515446;0.01832002;training
0;-21.51093056;463.7201337;0.015336547;training
0;-65.7416393;5027.428852;0.019540155;training
0;-21.48297667;462.5182865;0.015370659;training
0;-12.65477803;167.820731;0.146159604;training
0;-21.12913704;447.4404322;0.015812819;training
0;-22.1699689;492.5075208;0.01456515;training
0;-19.77057487;391.8756307;0.017708136;training
0;-36.46782452;1455.675085;0.015869712;training
0;-19.55611345;383.4415734;0.018039392;training
0;-19.52453633;382.2075189;0.018088976;training
0;-19.59845311;385.0993642;0.017973237;training
0;-22.34041284;500.0940459;0.014375426;training
0;-12.19471978;155.5646642;0.075302332;training
0;-12.11225371;153.4902028;0.078032708;training
0;-12.08203742;152.8093602;0.078445045;training
0;-12.20452801;155.5560549;0.112022283;training
0;-12.2458399;156.8285783;0.074075645;training
0;-10.74493298;121.3653264;0.152316805;training
0;-12.14614091;154.3671323;0.077538;training
0;-12.26912323;157.1498293;0.075164793;training
0;-12.22105101;156.0794872;0.075938537;training
0;-12.16472321;154.9398171;0.075417361;training
0;-12.17061258;155.0606267;0.075148144;training
0;-12.21284713;156.0310549;0.074208991;training
0;-12.16001162;154.7411748;0.077038347;training
0;-12.15396922;154.6093346;0.077740153;training
0;-19.41003544;377.7494757;0.018270559;training
0;-19.14712953;367.6125692;0.018698349;training
0;-17.90120767;321.453236;0.020953763;training
0;-12.47042547;160.9797541;0.105756656;training
0;-18.71604593;351.2903754;0.019434214;training
0;-18.83761357;355.855685;0.01922221;training
0;-18.56052891;345.4932336;0.019710754;training
0;-18.697549;350.5983388;0.019466789;training
0;-19.27725235;372.6124581;0.018484699;training
0;-19.5455709;383.029342;0.018055923;training
0;-18.17515729;331.3363424;0.020422924;training
0;-17.96649476;323.7949341;0.020825328;training
0;-10.53075821;111.8968685;0.050319717;training
0;-9.78512007;96.74857479;0.056587867;training
0;-9.497508451;91.20266678;0.059332197;training
0;-20.17208966;418.59706;0.037722719;training
0;-10.4195858;109.5677682;0.051184305;training
0;-6.842205791;48.44523307;0.198455231;training
0;-10.45458956;110.2984428;0.050909623;training
0;-10.01103356;101.2207929;0.054567002;training
0;-10.27013684;106.4757108;0.052383192;training
0;-10.53246914;111.9329061;0.050306587;training
0;-10.11147774;103.2419821;0.053704042;training
0;-10.40468766;109.2575253;0.051301909;training
0;-10.91633549;120.1663806;0.047489366;training
0;-9.758931901;96.23675184;0.056829572;training
1;-17.59438763;356.4893434;0.067357466;training
1;-12.83793416;188.6993656;0.114817986;training
1;-15.41409843;270.8250379;0.083180283;training
1;-16.15268103;298.1969182;0.078720086;training
1;-15.84151036;286.3484222;0.079878504;training
1;-12.82209089;187.8977985;0.114390684;training
1;-16.32514663;306.1957895;0.077381002;training
1;-16.28889134;303.4727152;0.078733451;training
1;-16.15267642;298.3165629;0.078957583;training
1;-12.99873572;193.0744854;0.113669259;training
1;-23.6915582;652.7661547;0.039783765;training
1;-9.847749576;106.1008739;0.147690807;training
1;-10.58677137;122.8194944;0.132959358;training
1;-10.81614473;128.3570988;0.128400035;training
1;-10.48055091;120.0987384;0.135538426;training
1;-10.21867406;114.4654802;0.139980532;training
1;-10.19706184;113.7503971;0.140237726;training
1;-9.998721686;109.271022;0.144124613;training
1;-10.07732876;110.7728059;0.141530805;training
1;-10.23064653;114.3028632;0.138799725;training
1;-10.46198326;119.7060697;0.135985636;training
1;-9.999638496;109.4818212;0.144486887;training
1;-10.05620323;110.6395314;0.142446646;training
1;-2.518771004;7.400125056;0.456899833;training
1;-2.566424007;7.641469617;0.448370029;training
1;-2.527465867;7.44281103;0.45491844;training
1;-2.519762516;7.404770319;0.45325045;training
1;-2.531218842;7.462265418;0.454916725;training
1;-2.526021497;7.434654831;0.4555066;training
1;-2.525365439;7.432704351;0.456304392;training
1;-2.525682803;7.434697028;0.453221954;training
1;-2.515467052;7.383099044;0.45525631;training
1;-2.519417921;7.403145795;0.453392719;training
1;-2.528228341;7.447677614;0.455848601;training
1;-2.521302111;7.412215929;0.457286958;training
1;-38.26690758;1567.48227;0.011106952;training
1;-40.36337118;1731.69436;0.00956711;training
1;-37.83876722;1543.050914;0.012245027;training
1;-39.02453075;1637.390883;0.011248337;training
1;-8.109841783;66.76953374;0.075969101;training
1;-17.82611239;332.1675168;0.045653717;training
1;-8.569139762;74.43015625;0.069744157;training
1;-8.304007585;69.95654198;0.073237488;training
1;-8.235575878;68.82471004;0.074182778;training
1;-16.39707838;281.3638899;0.052251918;training
1;-17.24276197;311.1680435;0.047817908;training
1;-8.376736925;71.16972152;0.072252941;training
1;-8.533393272;73.81880074;0.070200047;training
1;-8.605315591;75.05145642;0.069287405;training
1;-8.726458043;77.15106997;0.067790863;training
1;-17.0257274;303.3225666;0.048828779;training
1;-12.39064845;154.5281691;0.038652737;training
1;-13.04157715;171.0827344;0.035538196;training
1;-12.84502975;165.9947892;0.036436447;training
1;-11.99523572;144.88568;0.040756018;training
1;-15.17118747;231.1649291;0.027661532;training
1;-15.81109156;250.9906164;0.025817006;training
1;-15.43144244;239.1294157;0.026887437;training
1;-15.67235857;246.622823;0.026200381;training
1;-28.08167325;943.9995911;0.031433762;training
1;-28.27056427;954.2662902;0.031944524;training
1;-29.09011869;1020.459398;0.031514357;training
1;-28.32022709;961.7539378;0.030543523;training
1;-28.0304844;928.7340469;0.028646739;training
1;-28.44851136;974.9267425;0.030296275;training
1;-27.70952011;914.7630449;0.033860114;training
1;-27.98749188;932.4324701;0.030669607;training
1;-28.11312831;941.5040567;0.032782815;training
1;-28.06265345;944.2978328;0.030399792;training
1;-28.32054813;952.3006926;0.032117078;training
1;-28.30925394;964.8356829;0.032637886;training
1;-5.538546064;31.67549251;0.133775255;training
1;-5.66417863;33.08291955;0.129586732;training
1;-5.611554172;32.48954023;0.131316963;training
1;-5.55363105;31.84281784;0.133261708;training
1;-5.566237641;31.98300148;0.132834794;training
1;-5.551347081;31.81745442;0.133339273;training
1;-5.573146081;32.05995724;0.132601711;training
1;-5.60949968;32.46648667;0.131385212;training
1;-5.589354802;32.2408871;0.132057245;training
1;-5.60686113;32.43689174;0.131472943;training
1;-5.659067158;33.0250411;0.129753289;training
1;-5.61478671;32.5258298;0.131209686;training
1;-9.774068834;96.53242157;0.056689672;training
1;-19.54348738;397.7892002;0.038256495;training
1;-19.03828749;378.5441353;0.04058326;training
1;-9.682904008;94.75863003;0.057540362;training
1;-9.454612438;90.38969635;0.059759032;training
1;-9.767180035;96.39780583;0.056753274;training
1;-9.859254761;98.20490444;0.055912166;training
1;-9.876265753;98.54062521;0.055758873;training
1;-9.248176088;86.52876095;0.061880856;training
1;-9.440853007;90.1297055;0.059896947;training
1;-9.735670647;95.78328295;0.0570456;training
1;-9.68156182;94.73263927;0.057553033;training
1;-12.43839773;170.3528221;0.10567818;training
1;-8.214519799;68.47833553;0.074477406;training
1;-12.35678418;168.2810603;0.106280184;training
1;-12.30376435;166.3571798;0.106202328;training
1;-12.49102851;172.2143453;0.103557345;training
1;-12.70097582;178.0805768;0.100456807;training
1;-12.83786482;181.6750849;0.098850128;training
1;-12.39292452;168.5017944;0.104322004;training
1;-12.22716435;164.1773822;0.107217914;training
1;-12.32358978;166.9850688;0.106029909;training
1;-13.76236872;209.5341504;0.08997459;training
1;-13.02050598;186.803106;0.096487018;training
1;-3.298274886;11.97687459;0.354204055;training
1;-3.2892067;11.91440499;0.357900617;training
1;-3.288155701;11.90989103;0.357595161;training
1;-3.309090394;12.04946687;0.35242403;training
1;-3.314416642;12.08518406;0.35485504;training
1;-3.299952047;11.98565197;0.356482266;training
1;-3.291685587;11.93195162;0.358207899;training
1;-3.314962225;12.0888184;0.35141418;training
1;-3.300257936;11.99058502;0.353076513;training
1;-3.30784774;12.04086197;0.352288773;training
1;-3.286582318;11.89973818;0.357910846;training
1;-3.31885942;12.11384602;0.354168694;training
1;-15.80670144;258.2874643;0.049195764;training
1;-15.71792022;255.1936026;0.049942151;training
1;-15.46210926;247.1319043;0.051081359;training
1;-16.87356326;294.7653602;0.044042039;training
1;-15.65631937;253.5116993;0.050591593;training
1;-15.36534444;244.4310143;0.053242078;training
1;-15.66139695;253.8723628;0.050652062;training
1;-16.70691216;288.9802579;0.045311923;training
1;-16.10090593;268.7560458;0.04883878;training
1;-16.67780475;287.9516921;0.045346627;training
1;-15.36921941;244.551217;0.052654065;training
1;-15.33976069;243.7229981;0.05290922;training
1;-4.702217963;23.37297305;0.246767403;training
1;-4.823573019;24.50786775;0.234331222;training
1;-4.788402902;24.19184766;0.240174731;training
1;-4.746334056;23.79168327;0.242042237;training
1;-4.740869518;23.73304725;0.24378018;training
1;-4.688580017;23.23369489;0.249104852;training
1;-4.646106794;22.83754079;0.252018803;training
1;-4.762754182;23.94943931;0.242264732;training
1;-4.657040915;22.94177601;0.249328953;training
1;-4.72158269;23.55467587;0.243725967;training
1;-4.746957644;23.79383586;0.244110125;training
1;-4.694333898;23.28539453;0.247458637;training
1;-8.823089415;80.60948169;0.118692685;training
1;-8.799785993;80.21672115;0.118173858;training
1;-8.998690673;83.72261626;0.113472112;training
1;-8.255492261;70.79380869;0.130780263;training
1;-8.641500715;77.43005909;0.123409065;training
1;-8.529508002;75.43729684;0.124657716;training
1;-8.438139276;73.93435251;0.126624275;training
1;-8.304850274;71.63861737;0.12845681;training
1;-8.334252203;72.13646906;0.127700344;training
1;-8.403490006;73.31110508;0.127739652;training
1;-8.251728577;70.7487946;0.130671244;training
1;-8.427729246;73.74636336;0.126347584;training
