0;0.00743224;11.31613035;184;150.236176;test
0;0.003310446;17.56992717;102;334.4052718;test
0;0.003504227;16.95734012;110;310.6083267;test
0;0.007965285;10.29601046;211;122.734909;test
0;0.003155706;17.89023067;97;346.5752747;test
0;0.003314774;17.31567224;101;326.0280711;test
0;0.00335931;17.35115213;103;326.5212801;test
0;0.004251637;15.22131877;127;255.1624738;test
0;0.00345837;16.96385839;104;315.0800128;test
0;0.003292014;17.44935221;101;330.5695864;test
0;0.003649599;16.69911253;111;304.1994608;test
0;0.003205989;17.68692063;99;338.3554983;test
0;0.003568037;16.66251998;107;303.8115462;test
0;0.003370127;17.18277244;102;321.4987009;test
0;0.003616473;16.41956234;109;295.2418593;test
0;0.003681603;16.20894521;111;287.3399848;test
0;0.004972385;13.9610943;132;221.0336463;test
0;0.003186054;17.76230877;98;341.6895158;test
0;0.003649822;16.38877615;107;296.1730971;test
0;0.004045831;15.85324193;118;276.3566112;test
0;0.003379606;17.44336152;101;331.8072409;test
0;0.00426867;14.83399016;122;246.1683159;test
0;0.003155706;17.89023067;97;346.5752747;test
0;0.003201025;17.7452593;98;341.4454704;test
0;0.004307133;15.00705602;126;249.6252895;test
0;0.004608106;14.2458977;128;230.1110642;test
0;0.003886916;15.67047955;113;272.7286499;test
0;0.00564582;12.79921311;158;185.3197416;test
0;0.006033485;12.33510425;164;173.6448324;test
0;0.004687845;14.53515015;127;238.5699089;test
0;0.009330963;9.770530161;191;119.8586897;test
0;0.003956005;15.61675837;116;270.0385494;test
0;0.005339544;13.32896059;141;202.6280575;test
0;0.003396425;16.99168327;105;312.7740339;test
0;0.006359599;12.30732516;151;178.8266682;test
0;0.004091776;15.72043595;118;273.8019168;test
0;0.005080508;13.73606158;153;209.0395157;test
0;0.00519779;13.34362862;154;197.8623744;test
0;0.004987423;13.9474429;144;217.3443539;test
0;0.003974822;15.76365711;119;273.179603;test
0;0.003596369;16.53062131;107;300.0619059;test
0;0.004314521;15.14296935;120;257.1084113;test
0;0.004912313;14.41107916;140;231.7107589;test
0;0.005270115;13.53769115;136;210.1480399;test
0;0.004335743;15.0526713;121;253.9062966;test
0;0.006287792;12.18459575;182;167.6916227;test
0;0.007455095;11.67129179;187;159.4437357;test
0;0.004467897;14.49880451;137;230.268682;test
0;0.004856799;14.29511027;143;226.2030219;test
0;0.003155706;17.89023067;97;346.5752747;test
0;0.010507371;9.147622987;221;105.0445529;test
0;0.005896874;12.51032043;164;178.3353735;test
0;0.00340426;17.12053386;104;319.1604292;test
0;0.007362602;11.30582767;176;151.1087907;test
0;0.003783748;16.11204468;115;283.1071967;test
0;0.00666032;11.95185396;164;166.5312664;test
0;0.006918638;11.76923404;163;164.2254109;test
1;0.003690435;16.19475734;109;288.8482022;test
1;0.005335723;13.25954164;148;199.4390612;test
1;0.005659562;12.80195002;148;189.2356793;test
1;0.004134291;15.5950923;115;270.9882207;test
1;0.004431095;14.80620176;129;243.4622881;test
1;0.00477904;14.00290174;134;220.6589914;test
1;0.00324247;17.57695455;99;335.4601091;test
1;0.003514841;16.87004078;104;312.0233424;test
1;0.003252336;17.49236052;100;331.6934872;test
1;0.003267439;17.44190193;100;330.3945502;test
1;0.004258969;14.88117782;123;246.4625963;test
1;0.004146344;15.1586256;122;253.6464602;test
1;0.003260862;17.48031339;100;331.4380344;test
1;0.003286667;17.55100039;102;333.26603;test
1;0.00334329;17.3485327;100;328.6910949;test
0;0.007530991;10.62995415;185;133.903021;training
0;0.004305949;15.3369781;116;266.4987126;training
0;0.00387902;16.07405473;112;286.2663013;training
0;0.00419882;15.5456229;113;272.2342622;training
0;0.006030161;12.33352597;148;178.9001098;training
0;0.005480836;13.65615509;131;217.4810217;training
0;0.009843725;9.312762322;248;102.4417816;training
0;0.011839564;8.580198437;309;87.05952109;training
0;0.011637618;8.528724975;309;85.46512986;training
0;0.009497845;9.788089883;271;109.8010114;training
0;0.004906936;13.82896075;148;211.9082754;training
0;0.005103877;13.85204647;154;211.6915505;training
0;0.005057337;13.76576147;125;222.0537861;training
0;0.005124636;13.66735856;130;216.688004;training
0;0.00625112;11.63477965;174;153.8947736;training
0;0.004516075;14.17665187;129;225.2802739;training
0;0.007969019;10.49155833;213;127.417259;training
0;0.005499166;13.40755794;144;205.0863207;training
0;0.007139173;10.8976271;185;138.1262778;training
0;0.006800368;11.84167974;165;164.5404581;training
0;0.005621767;12.64343916;160;180.2086865;training
0;0.006388353;11.86491391;181;159.7543737;training
0;0.004419052;14.2110903;132;223.6236592;training
0;0.003779531;16.22836324;114;287.5585642;training
0;0.005208078;13.20317276;148;195.9075833;training
0;0.008820013;9.879209495;222;115.3255752;training
0;0.00760415;10.75259526;207;133.754374;training
0;0.007757358;10.35092879;208;123.4482118;training
0;0.004166247;15.59122623;120;269.0868159;training
0;0.003793989;15.98768097;111;282.8715389;training
0;0.004040854;15.56868984;122;266.0904574;training
0;0.003711849;16.34172653;109;293.7930481;training
0;0.005026795;13.42437963;145;201.6036467;training
0;0.007904813;10.76992782;201;134.7466158;training
0;0.004420002;14.92828158;131;245.9718769;training
0;0.005145751;13.70265984;144;209.9480352;training
0;0.004510837;14.81286055;123;248.0385367;training
0;0.006856386;11.49265275;196;150.1569642;training
0;0.005452213;13.10789993;153;193.8039306;training
0;0.003180847;17.7877236;98;342.4173797;training
0;0.004218051;15.32249924;124;259.7255462;training
0;0.003840546;15.99461602;115;281.2142945;training
0;0.007474145;10.75232466;216;129.7803021;training
0;0.003987377;15.61297002;116;269.3850849;training
0;0.003644501;16.42943895;108;296.4333943;training
0;0.004437666;14.74233753;126;241.3739473;training
0;0.005716504;12.71986915;168;180.9514961;training
0;0.010856975;9.139876921;241;101.942382;training
0;0.006043497;12.70643045;162;184.6193678;training
0;0.006480047;12.32214167;169;174.6926451;training
0;0.006922963;11.54422626;183;152.9373362;training
0;0.00729644;10.89285852;197;137.2860291;training
0;0.00529866;13.05679915;148;192.202239;training
0;0.006456102;11.51413632;179;150.8522392;training
0;0.003793116;16.20248303;110;290.1756236;training
0;0.003720094;16.2888535;110;291.2835648;training
0;0.003456075;16.91472202;104;312.3051148;training
0;0.003255363;17.58542591;100;335.7542819;training
0;0.003370616;17.34217525;102;327.5009117;training
0;0.003339447;17.32606995;101;326.698904;training
0;0.003327196;17.23530589;102;322.4941922;training
0;0.003658518;16.7172382;108;306.4303551;training
0;0.003489033;16.76349408;106;306.3641551;training
0;0.003449664;16.90867874;106;310.8690173;training
0;0.003454873;17.08503321;104;318.3842781;training
0;0.003715591;16.31865076;113;290.1245412;training
0;0.003449174;16.94493356;106;312.2590907;training
0;0.0034398;17.10925276;104;319.0073458;training
0;0.003211333;17.7120241;98;340.603941;training
0;0.00321307;17.69347453;98;340.1421135;training
0;0.003584426;16.62299063;108;302.1043473;training
0;0.003714022;16.34462054;111;292.7407762;training
0;0.004400421;15.04217135;125;251.5915988;training
0;0.003642755;16.29701777;109;291.6855759;training
0;0.004258008;14.87263896;126;243.5803548;training
0;0.003266564;17.49747313;100;332.1281453;training
0;0.003592615;16.51741384;111;295.8526846;training
0;0.003467532;17.20525394;107;320.5476748;training
0;0.003205989;17.68692063;99;338.3554983;training
0;0.003155706;17.89023067;97;346.5752747;training
0;0.003387446;17.25638139;103;323.9258073;training
0;0.003283537;17.30339267;101;325.5312531;training
0;0.003308636;17.4305989;101;330.1649071;training
0;0.003233277;17.6040787;99;336.2333486;training
0;0.003224268;17.61533119;99;336.4675132;training
0;0.003439381;16.96773848;105;313.8817864;training
0;0.003526929;16.60248799;109;299.1662452;training
0;0.003543683;16.51145512;111;294.1484755;training
0;0.003505767;16.87435452;107;309.7919722;training
0;0.003513651;16.81678823;106;308.8498259;training
0;0.003256941;17.56916369;100;334.7018723;training
0;0.003536077;16.6754135;109;301.8045483;training
0;0.003601954;16.46686708;109;296.6218206;training
0;0.008368967;11.14470142;251;138.031329;training
0;0.003815347;16.47234623;107;301.3363549;training
0;0.003491133;17.12717054;105;319.8337262;training
0;0.00374326;16.14187262;111;286.8587028;training
0;0.003690466;16.2856467;109;291.9585991;training
0;0.003155706;17.89023067;97;346.5752747;training
0;0.003651347;16.60712511;104;305.7358331;training
0;0.004139755;15.14189741;118;255.5866921;training
0;0.00546255;13.33285452;138;204.1639896;training
0;0.003267594;17.49461898;100;332.33047;training
0;0.004142374;15.13093351;120;254.1789554;training
0;0.003334056;17.2679984;102;323.8311722;training
0;0.003620815;16.37784451;109;293.5200157;training
0;0.004131877;15.25027812;119;258.4730643;training
0;0.00401162;15.40343227;117;262.8631964;training
0;0.004088139;15.50602329;120;266.3818237;training
0;0.00404204;15.403822;122;261.5698527;training
0;0.003378709;17.17953995;102;321.9133162;training
0;0.003466659;16.86743217;105;310.324899;training
0;0.003363611;17.18274941;102;321.3075303;training
0;0.003283886;17.59999982;101;335.2450855;training
0;0.00317807;17.83302369;98;344.3501306;training
0;0.003155706;17.89023067;97;346.5752747;training
0;0.003183157;17.78435979;98;342.3642127;training
0;0.003268477;17.47879711;100;331.6183228;training
0;0.003309033;17.38245577;100;329.3964293;training
0;0.003259248;17.52913623;100;333.3109618;training
0;0.003379855;17.13579904;103;319.2168663;training
0;0.003185217;17.78260733;98;342.3689642;training
0;0.003155706;17.89023067;97;346.5752747;training
0;0.003155706;17.89023067;97;346.5752747;training
0;0.00318436;17.81087107;98;343.6167415;training
0;0.003155706;17.89023067;97;346.5752747;training
0;0.003212756;17.70003477;98;340.2839101;training
0;0.00318135;17.78788486;98;342.4263757;training
0;0.003155706;17.89023067;97;346.5752747;training
0;0.003155706;17.89023067;97;346.5752747;training
0;0.003205245;17.72614806;98;340.8824407;training
0;0.003206896;17.72809668;98;341.0272109;training
0;0.003275145;17.66168015;100;338.2992148;training
0;0.003306056;17.38391655;100;329.245262;training
0;0.003321914;17.31007526;102;325.0863657;training
0;0.003155706;17.89023067;97;346.5752747;training
0;0.003155706;17.89023067;97;346.5752747;training
0;0.003155706;17.89023067;97;346.5752747;training
0;0.003629341;16.36295173;111;292.1075766;training
0;0.003462238;16.453618;104;296.690925;training
0;0.003303491;17.31362841;101;325.7770003;training
0;0.003282715;17.54469195;100;334.4788949;training
0;0.003303071;17.52489642;101;333.2518122;training
0;0.00377916;16.19704822;112;288.5661357;training
0;0.003519212;16.75760463;110;304.7886838;training
0;0.003374495;17.17052659;102;321.6770578;training
0;0.003214156;17.68274367;99;338.6883281;training
0;0.003384209;17.15770242;104;320.2533119;training
0;0.003233092;17.6925713;98;340.2476662;training
0;0.003314335;17.41692455;102;328.7999192;training
0;0.003195718;17.75066611;98;341.4906476;training
0;0.003403144;17.21497134;104;321.7090662;training
0;0.003396228;17.06192213;103;317.1500424;training
0;0.003341551;17.23051967;101;323.9254066;training
0;0.003343226;17.26490123;102;324.0403373;training
0;0.003186185;17.75985539;98;341.5870584;training
0;0.003155706;17.89023067;97;346.5752747;training
0;0.003273527;17.45876475;100;331.1133577;training
0;0.003275042;17.44987949;100;330.676158;training
0;0.003383688;17.08006397;103;317.4419541;training
0;0.003530448;17.05490796;107;316.6486403;training
0;0.003452953;16.86226326;105;309.8697873;training
0;0.003205024;17.71167347;98;340.4838746;training
0;0.003191261;17.85799029;98;345.3013531;training
0;0.003246605;17.68052955;98;340.0073418;training
0;0.003297637;17.33103499;101;326.2493223;training
0;0.003423023;17.08251128;105;316.596623;training
0;0.003300454;17.38583642;101;328.2308975;training
0;0.00345717;16.84684806;106;308.9891678;training
0;0.003372407;17.11863707;102;319.7657529;training
0;0.00338866;17.2565543;103;324.0238288;training
0;0.00321192;17.706407;98;340.4044956;training
0;0.003327577;17.39576663;103;328.1522834;training
0;0.003922727;15.76930845;114;275.4820496;training
0;0.003680518;16.33440701;111;291.8435419;training
0;0.00357635;16.60912302;107;301.8737527;training
0;0.003547215;16.91988955;104;314.577437;training
0;0.003993983;15.61671008;116;269.635045;training
0;0.005151149;13.84073608;134;218.1071379;training
0;0.003815505;15.95395256;113;280.4162417;training
0;0.003782494;16.09062193;112;285.4208952;training
0;0.003806849;16.11205178;113;285.0272227;training
0;0.003837747;15.97571124;115;280.3787016;training
0;0.003294145;17.38171706;101;327.795867;training
0;0.003301562;17.45450385;101;330.5898168;training
0;0.003886381;15.85953631;112;279.366935;training
0;0.003807057;16.02097296;109;285.5733155;training
0;0.003279418;17.39919403;101;328.0298685;training
0;0.003879598;15.65008513;116;269.0589708;training
0;0.003823604;15.89484001;114;278.0018669;training
0;0.003508785;16.92096949;106;312.861826;training
0;0.003546215;16.58440065;106;301.5379427;training
0;0.004211333;15.34485762;118;262.1757388;training
0;0.004047822;15.39464181;122;260.2420192;training
0;0.00604782;12.17012861;189;162.414661;training
0;0.004574977;15.09518206;138;249.9485314;training
0;0.00478062;14.02238449;146;216.0231037;training
0;0.003695868;16.50237402;113;296.5029834;training
0;0.00359576;16.44727385;109;295.0243372;training
0;0.003619098;16.62470795;108;302.4136475;training
0;0.003960386;15.5772594;118;266.5080517;training
0;0.00339077;17.09138782;104;317.5768259;training
0;0.003182292;17.8095976;98;343.4994277;training
0;0.003155706;17.89023067;97;346.5752747;training
0;0.003260042;17.63996729;100;337.6178708;training
0;0.003291422;17.61384682;102;336.0105472;training
0;0.003644929;16.49885914;106;300.0871116;training
0;0.003913338;15.53001963;120;263.2219957;training
0;0.003945986;15.5695775;123;263.1718231;training
0;0.003362476;17.18802434;103;321.235574;training
0;0.004599936;14.50321471;139;230.5629077;training
0;0.00415856;14.9415774;126;245.2012982;training
0;0.003938583;15.46749007;119;261.7777001;training
0;0.003184745;17.77580511;98;342.1424345;training
0;0.003269556;17.4654486;100;331.3526289;training
0;0.00453648;14.79789353;137;240.7111829;training
0;0.00351757;16.65006055;105;304.431673;training
0;0.003226817;17.82529762;99;344.0063289;training
0;0.003914628;16.06599616;119;283.182515;training
0;0.004395325;15.15602025;135;251.0938456;training
0;0.004192395;15.56691739;117;269.7443142;training
0;0.004414979;14.79420949;135;239.2553779;training
0;0.004333172;14.97217087;130;247.5598786;training
0;0.00335694;17.26306961;103;323.7655488;training
0;0.003548923;16.74152691;110;304.5010419;training
0;0.003897886;15.81584359;121;271.6868481;training
0;0.003372688;17.12887649;104;317.8083089;training
0;0.003394194;17.19209826;105;319.9699638;training
0;0.003421962;17.06721848;103;317.5672785;training
0;0.0032874;17.41904723;101;328.8752029;training
0;0.003283148;17.53393036;101;333.7788089;training
0;0.003320348;17.29059922;101;325.3901696;training
0;0.003186867;17.77590338;98;342.2123096;training
0;0.003346006;17.33331337;101;327.5074211;training
0;0.003596135;16.70885018;105;306.6199486;training
0;0.003272217;17.48484149;101;331.2688902;training
0;0.003281877;17.47297859;100;331.8736085;training
0;0.003351762;17.26170489;101;325.1368629;training
0;0.00344187;17.05336255;105;316.1923577;training
0;0.00344367;16.9150027;104;312.2676233;training
0;0.003180485;17.79501256;98;342.7426261;training
0;0.003336732;17.29670289;101;325.6325451;training
0;0.003429366;17.10854182;104;319.4111296;training
0;0.005832904;12.47403339;155;178.7451853;training
0;0.003937094;16.14447105;110;290.1926145;training
0;0.005760226;12.48391918;157;178.0576309;training
0;0.004267018;15.42544245;120;265.2539309;training
0;0.005326592;13.06291197;147;193.2649385;training
0;0.013089272;8.501011749;242;93.1068019;training
0;0.00806922;10.51185311;214;128.1596756;training
0;0.010427097;9.045713067;279;95.60597936;training
0;0.011645325;8.434007826;296;84.80035798;training
0;0.00659803;11.40098617;173;150.5852974;training
0;0.006439793;11.84153349;178;159.7549081;training
0;0.011748171;8.318127915;290;82.65130657;training
0;0.005651658;12.84421121;147;191.5812378;training
0;0.004417484;14.70159577;124;242.5068561;training
0;0.005755231;12.80795432;174;182.7134362;training
0;0.00470078;14.23106906;141;223.5261938;training
0;0.004263485;14.86204377;130;241.4796548;training
0;0.005187645;13.55947963;148;206.0215107;training
0;0.005525156;12.86302826;165;184.4152479;training
0;0.006058629;12.45015029;165;177.5197997;training
0;0.005791243;12.64256047;168;178.5297434;training
0;0.005576492;12.81657832;164;183.0155784;training
0;0.004935577;13.59053314;150;203.8503866;training
0;0.003668369;16.02232352;110;281.594763;training
0;0.003793608;16.21006046;116;286.629674;training
0;0.004335225;14.98701849;129;247.138799;training
0;0.005526275;12.70165194;159;180.9302774;training
0;0.004893912;13.67367589;148;206.1910487;training
0;0.003460969;17.03640823;105;315.903322;training
0;0.003224986;17.60193884;99;335.9440444;training
0;0.003300337;17.54823096;101;334.0065576;training
0;0.003382661;17.24998885;105;322.9841472;training
0;0.003343205;17.41357867;102;329.290453;training
0;0.004585203;14.77157537;132;243.6873597;training
0;0.003581278;16.78628472;112;306.7936543;training
0;0.003784409;16.10324831;119;281.9647324;training
0;0.003586618;16.42997149;111;294.9268893;training
0;0.003695246;16.50291191;112;297.1608279;training
0;0.003602948;16.24850784;111;287.0713809;training
0;0.003226817;17.82529762;99;344.0063289;training
0;0.003216403;17.63685599;99;336.9290437;training
0;0.003288806;17.37102821;101;327.2829471;training
0;0.003155706;17.89023067;97;346.5752747;training
0;0.003155706;17.89023067;97;346.5752747;training
0;0.003155706;17.89023067;97;346.5752747;training
0;0.003155706;17.89023067;97;346.5752747;training
0;0.003155706;17.89023067;97;346.5752747;training
0;0.003155706;17.89023067;97;346.5752747;training
0;0.003191261;17.85799029;98;345.3013531;training
0;0.003268328;17.51000427;101;332.3550622;training
0;0.003386544;17.14814528;103;320.1262501;training
0;0.003370252;17.30101036;103;325.6841245;training
0;0.003452006;17.1002193;105;318.1699929;training
0;0.003155706;17.89023067;97;346.5752747;training
0;0.003155706;17.89023067;97;346.5752747;training
0;0.003155706;17.89023067;97;346.5752747;training
0;0.003445936;17.02277093;105;315.6290523;training
0;0.003462512;16.84189059;106;308.799669;training
0;0.003456864;16.94457843;105;313.4530104;training
0;0.003155706;17.89023067;97;346.5752747;training
0;0.003288048;17.4449197;100;330.7499861;training
0;0.003700832;16.30353253;109;292.3573741;training
0;0.003294349;17.40934477;101;328.9163214;training
0;0.003364739;17.3118227;103;325.5572169;training
0;0.003415745;17.06163724;104;317.0301905;training
0;0.003314592;17.46092571;101;331.1698167;training
0;0.003482474;16.83407306;107;307.9173146;training
0;0.003328011;17.25541809;103;321.9436593;training
0;0.003155706;17.89023067;97;346.5752747;training
0;0.003273047;17.65481678;100;338.1414297;training
0;0.003557094;16.5595878;106;300.9304788;training
0;0.004339116;14.94097915;132;245.5405082;training
0;0.004995796;13.62163312;143;207.8467527;training
0;0.003155706;17.89023067;97;346.5752747;training
0;0.00407927;15.33045735;116;262.4557239;training
0;0.005736974;13.35542068;146;204.4298758;training
0;0.003346383;17.27214707;102;324.9919612;training
0;0.003653366;16.47667478;110;297.197652;training
0;0.003693032;16.37450217;111;293.0461737;training
0;0.003731064;16.14852999;112;286.4159168;training
0;0.003412325;16.98960802;105;313.4987906;training
0;0.003335322;17.29041967;101;325.6090172;training
0;0.004229776;14.93212823;122;247.9576403;training
0;0.003896855;15.83158455;117;274.8404119;training
0;0.004670499;14.06773843;139;218.3118075;training
0;0.003326448;17.54450223;102;333.5646517;training
0;0.003449229;16.82214291;105;308.3426873;training
0;0.003155706;17.89023067;97;346.5752747;training
0;0.003636798;16.72810608;111;303.9545073;training
0;0.004569044;14.70678525;130;241.1884645;training
0;0.003299215;17.53557647;101;333.4536095;training
0;0.005293071;13.15468664;156;192.9646882;training
0;0.003332955;17.30913717;102;325.2228723;training
0;0.003840484;16.09969558;114;284.9270376;training
0;0.00384114;15.85558305;114;276.7931014;training
0;0.003475659;16.67713583;107;301.8848461;training
0;0.003403256;17.31160384;104;325.0006532;training
0;0.003584696;16.48158841;110;296.0815545;training
0;0.004213595;15.09935676;122;253.3872053;training
0;0.004267605;14.33589593;124;228.8439435;training
0;0.004937584;13.69371657;143;209.6931296;training
0;0.004012742;16.08140309;119;283.4422728;training
0;0.004134272;15.13320183;125;251.5359203;training
0;0.003969523;15.95523909;113;282.1314523;training
0;0.003913409;15.88368195;116;276.7508462;training
0;0.004340812;14.95018062;124;248.2732862;training
0;0.004929795;14.22496453;144;224.0817285;training
0;0.004604615;14.62095533;132;238.2221621;training
0;0.004887688;13.79138763;141;212.8193594;training
0;0.004170233;14.58641638;124;235.4220212;training
0;0.005189929;13.25510905;151;196.7146215;training
0;0.005205941;13.48746264;152;203.4730972;training
0;0.004185337;14.91726155;125;245.2356766;training
0;0.003716491;16.13628865;111;285.696407;training
0;0.003395293;17.06341555;103;317.2772933;training
0;0.0035155;16.9158986;106;312.5481282;training
0;0.003786492;16.23254958;114;288.3676893;training
0;0.00436995;15.00430286;127;249.6857664;training
0;0.004217314;14.90909013;126;244.3919913;training
0;0.004299517;14.88151688;132;241.9620906;training
0;0.003738831;16.09182186;115;282.255248;training
0;0.004479733;14.9100465;140;241.7235333;training
0;0.003650839;16.36444614;113;291.2911048;training
0;0.003561178;16.78647356;108;307.4620219;training
0;0.00356099;16.89853965;107;311.8767434;training
0;0.003779852;16.23303425;115;289.0943975;training
0;0.003595579;16.9415539;106;314.6408967;training
0;0.003962388;15.57835621;122;264.549404;training
0;0.003736039;16.39916051;112;293.950281;training
0;0.004430273;14.70807395;131;239.5000696;training
0;0.00478703;14.32931679;144;225.2907642;training
0;0.004708964;14.22261512;134;225.678964;training
0;0.003872573;15.5656349;117;265.5539995;training
0;0.00397274;16.03730189;115;283.7481299;training
0;0.004058533;15.62470623;121;268.2463445;training
0;0.004188072;15.75441703;120;274.9366249;training
0;0.004367769;15.10000154;124;254.3972647;training
0;0.004441566;15.06732407;132;250.9290816;training
0;0.003871629;15.71622738;117;270.9748558;training
0;0.004304617;15.43473401;128;261.1371114;training
0;0.005700749;12.48295664;158;177.123273;training
0;0.006253549;11.91999701;190;157.6435693;training
0;0.003155706;17.89023067;97;346.5752747;training
0;0.004117408;15.49437058;118;266.2439257;training
0;0.004881923;13.9724781;145;215.5083696;training
0;0.004428751;14.93249591;122;250.0313034;training
0;0.005982577;12.11403989;173;164.6923387;training
0;0.005427467;13.291228;168;194.6410449;training
0;0.004314251;14.76391247;131;239.432038;training
0;0.004479643;14.64155136;139;234.6938688;training
0;0.004568008;14.84307396;140;240.7915161;training
0;0.004198299;15.03505614;128;248.4475839;training
0;0.005080155;13.28787343;154;194.0441348;training
0;0.004063303;15.51647168;115;268.309843;training
0;0.008921278;9.71819503;222;112.491689;training
0;0.003240416;17.56893673;99;335.2499562;training
0;0.003865194;15.88188335;113;277.8197924;training
0;0.005596082;12.69871354;158;181.9545913;training
0;0.005100429;13.88498606;137;219.7049338;training
0;0.009221297;9.361470718;221;105.357625;training
0;0.005169564;13.44835268;147;202.5425015;training
0;0.004329391;15.13317233;130;251.5886243;training
0;0.0066841;11.6387698;185;154.4428246;training
0;0.004552709;14.47091608;133;233.0450889;training
0;0.00818465;10.33273925;204;126.3811622;training
0;0.009076907;9.323842327;228;102.7274222;training
0;0.010562782;8.743560501;262;91.4252052;training
0;0.015074128;7.094250042;365;60.95165638;training
0;0.005768242;13.23148202;145;201.0525432;training
0;0.010115952;9.027307851;261;95.83489863;training
0;0.008425047;10.08299425;221;117.9066312;training
0;0.008190807;10.47849141;180;133.3677975;training
0;0.008401874;10.07581608;232;117.024287;training
0;0.0034334;17.02080262;104;315.7475576;training
0;0.003785506;16.15893762;111;287.1792019;training
0;0.006584515;11.56564746;180;153.0033488;training
0;0.004835562;13.92300145;139;216.7542931;training
0;0.006521887;12.1241136;190;165.0715075;training
0;0.008532506;9.93452155;223;115.8287221;training
0;0.00619118;12.47871428;146;183.2830987;training
0;0.00468371;14.14019819;138;221.9183915;training
0;0.004104732;15.47414955;126;261.4071524;training
0;0.004194041;14.95444669;124;246.8782509;training
0;0.004244896;15.11193492;123;253.3554602;training
0;0.004599654;14.64386766;143;233.4345582;training
0;0.007036183;11.86620843;199;159.5110873;training
0;0.004707565;14.00674214;140;217.6264947;training
0;0.004801677;14.33155624;147;225.1271774;training
0;0.005033351;13.63622698;144;208.3894237;training
0;0.00542047;12.8917332;158;185.2430698;training
0;0.004193025;15.03798862;125;249.4423426;training
0;0.0038294;16.0853938;118;281.9769634;training
0;0.004628249;14.26420955;136;226.0627539;training
0;0.004608938;14.32911296;137;227.214691;training
0;0.008213963;10.52801356;182;135.3852366;training
0;0.006978034;11.55955136;172;156.9045811;training
0;0.007148999;11.41700018;180;151.7699562;training
0;0.005680849;13.21863898;143;202.613885;training
0;0.006377422;12.23691367;153;176.1876623;training
0;0.008853452;10.1789512;207;123.8058404;training
0;0.009597534;9.833748179;219;117.0793828;training
0;0.003801702;15.97266617;112;280.9447155;training
0;0.003335327;17.33307814;102;326.9136037;training
0;0.004863782;14.41047233;125;237.9620004;training
0;0.005324594;12.8151005;147;186.6425692;training
0;0.006185648;12.39752754;153;179.2448075;training
0;0.006688907;11.90950315;159;167.7031025;training
0;0.006470109;11.89772037;157;166.4657218;training
0;0.005141342;13.39200499;146;201.5828829;training
0;0.003740841;16.27920323;108;292.3659843;training
0;0.00377081;16.35654631;110;294.6399968;training
0;0.004339559;14.95296416;120;250.7811902;training
0;0.005471654;13.2214762;164;193.7178231;training
0;0.005012895;13.89312419;136;218.1693054;training
0;0.003985551;15.67985076;114;272.5362857;training
0;0.004029713;15.85705386;122;275.5339518;training
0;0.004125408;15.42663764;120;263.5094011;training
0;0.00513018;13.49167241;151;201.613142;training
0;0.00444624;14.48372374;132;232.5449702;training
0;0.004323294;15.18216467;129;253.3635827;training
0;0.005233142;13.08174609;147;192.9404284;training
0;0.004907577;13.5944932;138;208.3025979;training
0;0.004500164;14.68840719;123;242.0858652;training
0;0.005828366;12.7071582;164;182.1675197;training
0;0.005361408;13.51654914;143;206.9737715;training
0;0.00780236;11.04026465;209;140.7359781;training
0;0.006795367;11.98162921;197;160.7545752;training
0;0.004506218;15.01585508;134;247.6716187;training
0;0.004258236;15.14179567;121;255.7430908;training
0;0.006748148;11.62355547;177;155.3649981;training
0;0.006302853;12.44801544;173;175.7353041;training
0;0.004401093;14.78371228;121;245.6134161;training
0;0.004314713;15.03772912;121;252.4904177;training
0;0.005444742;13.15812079;149;197.1030466;training
0;0.004226044;15.35688202;126;258.9905054;training
0;0.005717403;12.68165224;164;181.0374187;training
0;0.004464045;14.71439404;125;242.8701031;training
0;0.004661642;14.29013232;130;229.6261872;training
0;0.003937397;16.09910076;111;287.2496212;training
0;0.00835053;10.15232267;195;123.0918712;training
0;0.005326118;13.66893628;146;209.91165;training
0;0.005963245;13.05228003;160;193.6609995;training
0;0.006076534;12.30429562;160;173.7276346;training
0;0.006850677;12.05706009;187;165.9098394;training
0;0.007764055;11.04267156;200;141.7431472;training
0;0.006916163;11.66387459;189;155.2888442;training
0;0.006914311;11.83481394;182;160.8253227;training
0;0.008398085;10.44231534;219;126.8874836;training
0;0.003609829;16.51378832;108;298.2930484;training
0;0.003226817;17.82529762;99;344.0063289;training
0;0.003294607;17.49891149;99;334.0191184;training
0;0.00348642;16.75162766;105;306.8688903;training
0;0.003594717;16.60628216;107;302.8165984;training
0;0.006179878;12.64671713;160;183.7187555;training
0;0.006682461;11.71091135;179;156.6488238;training
0;0.00684928;11.54699178;180;153.5981051;training
0;0.00445363;14.47112388;133;230.4277683;training
0;0.005606984;12.55241754;161;176.7227441;training
0;0.005783125;12.65726312;164;181.1849364;training
0;0.004157493;15.09984608;123;251.4370393;training
0;0.005113318;13.79548497;135;216.6353162;training
0;0.004315322;14.74481403;129;238.9238323;training
0;0.003203408;17.73427901;99;340.4204462;training
0;0.003545156;16.69131898;108;303.6666166;training
0;0.003787503;16.03119764;114;281.4654206;training
0;0.004542741;14.52299965;132;234.7125342;training
0;0.005487935;13.14560812;153;195.4113787;training
0;0.004092556;15.50658161;121;264.7519101;training
0;0.004194118;15.21814984;124;255.960614;training
0;0.004798661;14.40758986;133;233.8774396;training
0;0.003501446;17.11458879;105;319.7918788;training
0;0.003350546;17.20798751;101;323.4901825;training
0;0.004193248;15.19724951;125;254.0995419;training
0;0.004156034;15.09676948;120;253.1042175;training
0;0.004501018;14.88861522;127;247.704537;training
0;0.004577041;14.69308667;131;240.6690492;training
0;0.005428646;13.27247137;143;201.2301613;training
0;0.005460846;13.32848622;145;203.1665227;training
0;0.005017103;13.94559941;134;220.6121244;training
0;0.005644887;13.04556184;146;196.0048807;training
0;0.003563951;16.64104938;106;303.915279;training
0;0.005119507;13.82812048;140;216.4666704;training
0;0.003355527;17.23048829;103;322.4343886;training
0;0.004357046;14.92641912;122;248.6975958;training
0;0.006547492;12.22010089;169;172.4295362;training
0;0.007008102;11.65061738;177;158.2003977;training
0;0.004155903;15.26948859;123;256.5630953;training
0;0.004229348;14.96381778;121;250.2783351;training
0;0.005063118;13.87767238;141;217.4260522;training
0;0.004703806;14.5458536;136;235.4886434;training
0;0.004672954;14.48394374;136;233.1336777;training
0;0.004829006;14.08679944;142;220.384649;training
0;0.005480533;13.01883383;148;193.3260046;training
0;0.003564145;16.84341525;104;312.1323071;training
0;0.00914523;9.934380578;204;120.6277925;training
0;0.005572261;13.05259142;148;195.3873122;training
0;0.005887584;12.51941187;153;181.4137508;training
0;0.003768679;16.14019414;114;285.207447;training
0;0.003155706;17.89023067;97;346.5752747;training
0;0.003191261;17.85799029;98;345.3013531;training
0;0.003484231;16.84741156;105;309.5116045;training
0;0.003682485;16.39795479;112;294.127058;training
0;0.004337995;15.15603723;129;253.1728425;training
0;0.003997103;15.64228952;122;267.2752974;training
0;0.003879661;15.86722772;118;275.4246991;training
0;0.0040887;15.34840026;122;258.6881136;training
0;0.004002808;15.60147772;120;268.1606758;training
0;0.004017434;15.48619375;121;262.5454206;training
0;0.003553613;16.78125665;108;306.4941906;training
0;0.003364343;17.21819678;102;323.0775374;training
0;0.003155706;17.89023067;97;346.5752747;training
0;0.004123041;15.35345069;118;263.077465;training
0;0.006166709;12.03974311;167;165.5485057;training
0;0.00577387;12.56100713;158;179.7127414;training
0;0.004026248;15.7247547;118;273.5466538;training
0;0.004243229;14.92055451;124;246.6098694;training
0;0.006221206;11.80447225;163;160.6488137;training
0;0.003867401;15.7292533;117;271.1991889;training
0;0.003371141;17.08801319;103;317.6412764;training
0;0.003406736;17.07102076;104;317.4924893;training
0;0.003737603;16.21055832;113;286.8934399;training
0;0.004662196;14.06428684;135;220.6220895;training
0;0.00493712;13.74300208;135;213.8297062;training
0;0.005199867;13.45351563;146;204.2579706;training
0;0.005438611;12.83216933;158;184.1105793;training
0;0.007172762;11.39146067;182;152.1962914;training
0;0.010206512;9.654022514;240;112.302865;training
0;0.003155706;17.89023067;97;346.5752747;training
0;0.006139932;12.51918987;163;179.8969053;training
0;0.005099529;13.58406919;135;211.7977962;training
0;0.007830067;10.84765796;201;138.2492134;training
0;0.007355552;11.06409812;183;144.0260423;training
0;0.007746443;10.95918873;200;140.5824508;training
0;0.008768034;9.93838501;223;115.7873464;training
0;0.011771947;8.539354066;266;90.28220516;training
0;0.011438961;8.882832703;255;96.52094139;training
0;0.00547411;13.47594524;141;208.6489358;training
0;0.005653746;12.97338582;153;191.4737883;training
0;0.009901435;9.604143268;211;114.5570316;training
0;0.007202553;10.89250432;190;137.7859684;training
0;0.005493069;13.73682079;143;215.8738069;training
0;0.009099508;9.851425272;249;112.9374177;training
0;0.005156687;13.76484041;133;216.6141801;training
0;0.007605052;10.74533059;195;134.9416614;training
0;0.007003693;11.64794599;167;160.6301069;training
0;0.006304329;11.01731951;163;141.0187022;training
0;0.0050865;13.9497778;148;216.8480571;training
0;0.004567918;14.78696562;126;245.3924429;training
0;0.004221815;15.01378767;121;251.7429991;training
0;0.005012793;13.61839244;140;209.3988612;training
0;0.007959661;10.63728878;209;131.8470503;training
0;0.007471031;10.71031332;194;133.85984;training
0;0.005184825;13.7574476;133;217.2646934;training
0;0.003155706;17.89023067;97;346.5752747;training
0;0.003155706;17.89023067;97;346.5752747;training
0;0.003155706;17.89023067;97;346.5752747;training
0;0.003155706;17.89023067;97;346.5752747;training
0;0.003155706;17.89023067;97;346.5752747;training
0;0.003155706;17.89023067;97;346.5752747;training
0;0.003155706;17.89023067;97;346.5752747;training
0;0.003277719;17.438994;101;329.4943673;training
0;0.003345712;17.28904536;102;325.2782408;training
0;0.00341356;17.12059614;105;318.3930743;training
0;0.003461746;17.34158058;107;325.6761235;training
0;0.003155706;17.89023067;97;346.5752747;training
0;0.003155706;17.89023067;97;346.5752747;training
0;0.003155706;17.89023067;97;346.5752747;training
0;0.004432088;14.75001509;133;240.5487342;training
0;0.006860497;11.3676258;195;147.0238108;training
0;0.007866013;10.77011999;226;131.5350573;training
0;0.004436139;14.66786582;124;240.8395727;training
0;0.004653635;14.14092176;135;222.6502006;training
0;0.005136178;13.89597532;141;217.6892253;training
0;0.003720771;15.91749668;109;279.8799033;training
0;0.00405407;15.42202108;120;262.6311484;training
0;0.003742884;16.31759031;112;292.361794;training
0;0.004045945;15.46851432;118;264.6068584;training
0;0.005182293;13.46289067;146;204.564589;training
0;0.007506665;11.03368926;209;138.2110066;training
0;0.005654376;12.44941808;160;175.9774891;training
0;0.006861896;11.40354742;196;147.1642577;training
0;0.005096121;13.89935589;131;222.2001445;training
0;0.007192867;11.28203074;166;151.7264568;training
0;0.003155706;17.89023067;97;346.5752747;training
0;0.006990844;11.84561219;183;162.7800806;training
0;0.005663847;13.34234337;151;202.3120936;training
0;0.008644601;10.10132884;206;123.0073721;training
0;0.003605725;16.57907433;110;299.7604228;training
0;0.00431277;15.16027856;124;254.9062549;training
0;0.00398876;15.67902881;115;272.2107722;training
0;0.004411773;14.98336405;120;251.8495517;training
0;0.007094366;11.31511347;174;150.9985314;training
0;0.004010549;15.56501153;113;270.2221149;training
0;0.00998993;9.430888089;216;109.9528604;training
0;0.006015169;12.42195625;164;175.104067;training
0;0.005675418;12.80612088;147;188.5204911;training
0;0.006007731;12.54960441;159;180.2482377;training
0;0.005434948;13.51711274;152;204.3458188;training
0;0.004400755;14.86057862;122;247.4248876;training
0;0.004398195;14.88349313;119;249.9681697;training
0;0.005432093;13.25275183;144;200.0609094;training
0;0.004790684;14.48719696;138;233.5133929;training
0;0.004916289;14.24423395;141;227.3221662;training
0;0.00453803;14.67078169;126;242.3297686;training
0;0.00550773;13.16484044;149;197.395219;training
0;0.00515326;13.97750287;143;219.2561171;training
0;0.005415788;13.11644581;142;196.9146576;training
0;0.004170978;15.86385748;120;277.051096;training
0;0.004748661;14.23454236;128;229.6940154;training
0;0.003824116;15.83013169;118;272.7583511;training
0;0.003881062;15.62428778;117;267.187309;training
0;0.003407181;17.12378909;104;318.8058705;training
0;0.00354448;16.79257184;109;306.2589586;training
0;0.003302978;17.58496932;102;334.6990529;training
0;0.0056666;13.17313372;159;195.9336103;training
0;0.003705188;16.43614409;114;293.4683577;training
0;0.003605021;16.57783223;111;298.895998;training
0;0.004020931;15.42769633;122;260.2355134;training
0;0.003849638;15.98213568;117;278.818245;training
0;0.003763692;15.9705649;116;277.5102214;training
0;0.00342042;17.21304872;105;321.7732464;training
0;0.003525144;16.59553402;107;300.6540749;training
0;0.003590725;16.83040832;111;306.8412276;training
0;0.009587472;9.662025172;212;114.1680024;training
0;0.010497524;9.259904151;233;104.1187812;training
0;0.012406942;8.505995572;258;90.24761859;training
0;0.008299924;10.82350706;190;140.9810163;training
0;0.009050715;9.941093983;199;120.5599666;training
0;0.012123854;8.44084323;260;88.33810728;training
0;0.007168874;11.54592795;171;158.244753;training
0;0.006054871;12.9049198;156;191.297798;training
0;0.005644364;13.0922847;144;198.1783214;training
0;0.006252759;12.20759275;159;172.7773864;training
0;0.00746902;11.0018848;178;144.0470428;training
0;0.009291182;9.978080912;207;121.1916858;training
0;0.009233378;10.11819148;207;124.5585969;training
0;0.008650883;10.93555479;201;143.0538262;training
0;0.006094329;12.36993194;147;179.6268405;training
0;0.003155706;17.89023067;97;346.5752747;training
0;0.003155706;17.89023067;97;346.5752747;training
0;0.005370479;13.52952766;134;212.7898646;training
0;0.010126272;9.26379444;222;105.2802953;training
0;0.00728317;11.36230239;164;155.5561333;training
0;0.008423156;10.69720109;204;134.9968108;training
0;0.008315103;10.64924849;206;133.5727898;training
0;0.006920603;11.52105979;170;156.1365175;training
0;0.007879019;10.96641007;185;143.5083423;training
0;0.010319944;9.263996681;225;105.813878;training
0;0.005359539;13.31017791;137;203.7284673;training
0;0.00593963;12.98783053;151;194.5725609;training
0;0.006511216;11.82353619;180;159.5924043;training
0;0.004110951;15.47714208;117;266.1917691;training
0;0.004073785;15.48526803;115;266.8590865;training
0;0.006041737;12.94403955;145;195.4443562;training
0;0.005375287;13.20220535;158;193.6727968;training
0;0.005281764;13.43051192;147;203.4623915;training
0;0.005099139;13.68527753;133;214.5578855;training
0;0.005078517;13.86421505;131;220.4689588;training
0;0.005539833;13.19290039;136;202.3348868;training
0;0.010392208;8.922139576;261;94.73910911;training
0;0.00806186;10.0598081;224;116.0966651;training
0;0.004362412;15.067548;121;253.8529521;training
0;0.004029356;15.61669534;116;270.371188;training
0;0.004006229;15.52026295;116;266.9393894;training
0;0.004681304;13.82837292;140;211.9936447;training
0;0.005365477;12.76678086;162;179.6970525;training
0;0.004261123;14.83627846;128;242.7142975;training
0;0.003607015;16.48350348;107;299.0389563;training
0;0.005590606;13.0721307;166;189.8891352;training
0;0.007701377;10.75406434;206;133.4796507;training
0;0.004682827;14.31942938;143;224.8727506;training
0;0.004669924;14.17905785;141;220.9290241;training
0;0.004639034;14.06474202;139;219.1483325;training
0;0.004992346;13.78874159;141;214.5104966;training
0;0.004779046;14.02861903;144;217.4831383;training
0;0.006491664;11.47419869;197;146.7511843;training
0;0.005519654;12.73838689;164;180.6150314;training
0;0.003719436;16.30007266;114;290.775279;training
0;0.007636668;10.96736936;184;143.1729644;training
0;0.00701079;11.66347693;173;158.4706615;training
0;0.005937778;12.69936768;147;186.2226609;training
0;0.012929646;8.160255791;303;81.68317455;training
0;0.01032597;9.071507549;230;100.8399247;training
0;0.013087487;8.367825951;314;85.20531065;training
0;0.008762295;9.851586324;211;115.075089;training
0;0.007499355;10.8636625;189;138.5044049;training
0;0.007641075;10.54066383;185;131.7093064;training
0;0.003590361;16.58587474;105;303.560057;training
0;0.008710255;10.2071479;200;125.6753763;training
0;0.004369522;15.45759177;115;270.1845189;training
0;0.00946194;9.996585043;218;120.4907594;training
0;0.008241078;10.56874992;200;132.4114328;training
0;0.003155706;17.89023067;97;346.5752747;training
0;0.003155706;17.89023067;97;346.5752747;training
0;0.003456582;16.93540492;105;312.6474689;training
0;0.003876739;15.97769609;109;284.4597559;training
0;0.004047338;15.41550165;115;265.6615385;training
0;0.004005691;15.66544079;116;272.225842;training
0;0.003698701;16.54143508;111;299.1601142;training
0;0.004122657;15.33742866;118;262.1248024;training
0;0.00375896;16.18109358;113;287.804305;training
0;0.003409808;17.0646331;104;316.7223768;training
0;0.00378141;15.97513018;110;282.8054249;training
0;0.003875891;15.74327497;114;273.8626929;training
0;0.003750325;16.12153952;111;286.1284852;training
0;0.003155706;17.89023067;97;346.5752747;training
0;0.003155706;17.89023067;97;346.5752747;training
0;0.003303397;17.53131329;101;333.9431605;training
0;0.003340767;17.38645401;103;328.2747807;training
0;0.003558481;16.78328292;106;308.4349738;training
0;0.004003272;15.70506577;119;271.2648688;training
0;0.003795618;16.15380262;112;287.1371245;training
0;0.0042016;15.06837621;119;253.6797947;training
0;0.005340105;13.25839215;150;198.2456013;training
0;0.003783499;16.00780189;109;284.6413952;training
0;0.004878311;13.83381371;141;214.1314495;training
0;0.003212761;17.69836385;98;340.2327293;training
0;0.003155706;17.89023067;97;346.5752747;training
1;0.006977972;12.02554776;146;176.9251046;training
1;0.005682802;12.89459534;141;193.1313709;training
1;0.003155706;17.89023067;97;346.5752747;training
1;0.005994407;12.91025181;133;200.092906;training
1;0.0085232;10.77899788;169;146.0215118;training
1;0.008159578;10.909746;184;143.8674271;training
1;0.011373756;8.619046361;241;92.95376619;training
1;0.003751654;16.34628361;109;295.1188884;training
1;0.013919123;7.658841721;286;73.87855477;training
1;0.007345708;11.3695874;154;158.8335348;training
1;0.006528515;12.04689675;157;171.0381806;training
1;0.004622055;14.69554733;123;243.9999661;training
1;0.004727805;14.35762276;129;231.6904334;training
1;0.007223462;11.43908402;166;156.69891;training
1;0.004050568;15.55849133;113;270.3326204;training
1;0.005062829;13.87339805;134;219.3526613;training
1;0.006400554;12.5147847;161;180.6012468;training
1;0.006408447;12.02515827;156;170.2437981;training
1;0.007197449;11.35073564;166;153.6362203;training
1;0.004923186;14.55222062;119;245.5679164;training
1;0.012959645;8.083760576;265;81.94853374;training
1;0.00354554;16.97085489;103;316.6856543;training
1;0.003496953;17.14675589;103;321.9957155;training
1;0.006258486;12.1114553;162;167.9073085;training
1;0.003155706;17.89023067;97;346.5752747;training
1;0.003155706;17.89023067;97;346.5752747;training
1;0.005098365;13.71606233;138;212.7362085;training
1;0.00649191;12.11124018;165;169.5681001;training
1;0.007579912;11.34119642;195;148.9326645;training
1;0.009214915;10.0628347;231;119.1545452;training
1;0.01016224;9.63675073;263;108.5223623;training
1;0.005808704;12.97007742;164;188.239064;training
1;0.012671542;8.225285665;301;81.13844052;training
1;0.006040925;12.32469068;153;175.7389356;training
1;0.005091292;13.82246668;136;216.8849673;training
1;0.003210591;17.71210954;98;340.5539809;training
1;0.004391915;14.96353569;132;245.6417801;training
1;0.004832541;14.20053295;142;222.8815354;training
1;0.003455424;17.04191204;104;317.2129657;training
1;0.005534357;12.81351284;155;186.3083389;training
1;0.005165337;13.71235255;138;213.8039811;training
1;0.007752075;10.53574237;220;126.5011418;training
1;0.00537419;12.84973057;150;186.6372205;training
1;0.004746292;13.26902595;133;198.6447651;training
1;0.003946033;15.96390672;115;281.2504577;training
1;0.00390928;15.89137875;111;280.4501404;training
1;0.003883735;15.40732195;115;262.2661398;training
1;0.003983473;15.54511328;114;269.7031359;training
1;0.008571103;9.975406148;232;114.7017181;training
1;0.005406946;12.91857862;154;187.9955154;training
1;0.004870112;14.10568001;130;225.166669;training
1;0.004760903;14.07559191;143;218.2661024;training
1;0.003343678;17.31606778;103;325.1102844;training
1;0.005205605;13.97486271;156;214.3336647;training
1;0.00703105;11.81658806;198;158.0627186;training
1;0.003657497;16.47870974;113;295.2560188;training
1;0.004474615;15.08090634;138;247.267819;training
1;0.003517622;16.71727656;106;305.1131091;training
1;0.008148873;10.72754966;239;128.9174813;training
1;0.00487504;14.26539558;128;232.5907514;training
1;0.004198906;15.16028563;122;254.1046322;training
1;0.00470279;14.34909165;133;230.1570213;training
1;0.00422426;15.02009327;119;252.1427721;training
1;0.005423697;13.47251424;138;208.8874897;training
1;0.005650319;13.00692528;148;193.416342;training
1;0.006511261;12.06139539;156;172.39004;training
1;0.00703681;11.49584572;173;155.7134605;training
1;0.003694659;16.42496845;112;294.0618682;training
1;0.00566957;12.69634249;154;183.3046014;training
1;0.003701136;16.27017858;110;290.9662791;training
1;0.004091234;15.36684931;117;262.6124005;training
1;0.006568327;11.7676787;168;161.4838536;training
1;0.003530106;16.81409903;109;306.8287932;training
1;0.003815806;16.03135217;116;280.9269242;training
1;0.005610263;12.6359345;150;182.2281052;training
1;0.007051379;11.33569183;179;150.5100767;training
1;0.00798909;10.49036924;193;130.8753031;training
1;0.00456939;14.30661276;132;229.1200554;training
1;0.003450961;16.85505719;106;308.6719357;training
1;0.00571926;12.97371232;152;192.5435427;training
1;0.00558459;12.64842802;153;181.0813936;training
1;0.006600426;11.89202607;173;163.8793563;training
1;0.007441607;10.83859047;189;137.9229559;training
1;0.00408545;15.3065376;118;260.5245837;training
1;0.004387045;15.2266382;120;261.2103808;training
1;0.003155706;17.89023067;97;346.5752747;training
1;0.003668155;16.26161392;109;290.2044725;training
1;0.005156025;13.79858796;151;212.7389396;training
1;0.004549515;14.57867791;138;233.1947577;training
1;0.004770763;14.27016842;142;224.1997896;training
1;0.007103715;11.57967199;197;152.8043777;training
1;0.005020781;13.65846524;137;212.5534101;training
1;0.006471509;12.00216451;186;162.393515;training
1;0.00363464;16.43989291;108;296.9617925;training
1;0.00392294;15.67757466;117;270.0118066;training
1;0.005505944;13.6253355;132;216.4767382;training
1;0.008333982;9.832508541;274;116.7980719;training
1;0.003155706;17.89023067;97;346.5752747;training
1;0.003721912;16.48761143;106;300.1730306;training
1;0.006825857;12.0420803;147;175.324911;training
1;0.008328748;10.65448023;174;140.7503966;training
1;0.009270783;10.00680043;195;123.4577278;training
1;0.013794264;7.756438734;297;73.83379528;training
1;0.003475003;16.92604748;104;312.9876593;training
1;0.008092831;10.12349725;197;121.245156;training
1;0.003155706;17.89023067;97;346.5752747;training
1;0.004107296;15.51634344;116;268.2043445;training
1;0.006394521;12.32932404;163;175.7368014;training
1;0.003155706;17.89023067;97;346.5752747;training
1;0.003155706;17.89023067;97;346.5752747;training
1;0.005261477;13.7256418;140;213.2741994;training
1;0.007188453;11.76954645;178;161.79038;training
1;0.00809737;11.22677614;213;145.4052151;training
1;0.007796843;11.24468971;206;146.2347827;training
1;0.008503203;10.72011819;219;133.4035323;training
1;0.003871014;15.90485002;114;278.6052254;training
1;0.010456731;9.073298509;244;98.48299004;training
1;0.004983367;14.02124677;129;224.9208927;training
1;0.005983101;12.73146707;150;187.8012495;training
1;0.004136457;15.41690758;119;263.5962379;training
1;0.003155706;17.89023067;97;346.5752747;training
1;0.003155706;17.89023067;97;346.5752747;training
1;0.003245596;17.55735816;99;334.9625778;training
1;0.004512486;14.84460534;124;248.6307555;training
1;0.005488373;13.28594718;145;202.2527819;training
1;0.005969961;12.67775143;163;183.0735886;training
1;0.007409491;11.58303789;202;152.8511819;training
1;0.00368242;16.60663262;108;303.4634248;training
1;0.00496772;14.31828251;136;230.9618755;training
1;0.003503606;16.84030165;105;310.4271563;training
1;0.004465017;14.89599158;125;248.2700943;training
1;0.004962593;13.94532699;138;218.0600728;training
1;0.003155706;17.89023067;97;346.5752747;training
1;0.003155706;17.89023067;97;346.5752747;training
1;0.003775946;16.45898662;112;296.7555013;training
1;0.004957714;14.00145417;138;220.20646;training
1;0.005276388;13.76368524;152;210.7065235;training
1;0.006972978;12.10389696;191;166.6609041;training
1;0.010685041;8.975073177;273;94.06112629;training
1;0.003324192;17.3370486;101;326.9007412;training
1;0.011277479;8.68200766;272;89.59795003;training
1;0.005059212;13.74143547;135;214.4511376;training
1;0.004317066;15.22534107;120;258.4703898;training
1;0.005936876;12.78126607;154;187.8840672;training
1;0.006579146;11.93505034;166;165.1821038;training
1;0.003155706;17.89023067;97;346.5752747;training
1;0.004260149;15.32031018;117;263.2644957;training
1;0.005916178;12.69132073;164;181.5509316;training
1;0.007574839;11.15789365;186;145.1270996;training
1;0.00616391;12.30121771;159;174.5252346;training
1;0.007180385;11.45358391;175;153.3069898;training
1;0.004028777;15.91795577;112;282.9826829;training
1;0.005555402;13.21410787;150;197.8516943;training
1;0.004089087;15.48204026;118;264.9751991;training
1;0.004071142;15.62835209;115;271.398474;training
