epoch,time,train/box_loss,train/cls_loss,train/dfl_loss,metrics/precision(B),metrics/recall(B),metrics/mAP50(B),metrics/mAP50-95(B),val/box_loss,val/cls_loss,val/dfl_loss,lr/pg0,lr/pg1,lr/pg2
1,61.2183,4.57798,13.3959,3.19052,0.043,0.34836,0.06373,0.03222,3.09432,13.6907,2.69068,6.668e-05,6.668e-05,6.668e-05
2,94.9643,3.91419,11.3508,2.86901,0.04671,0.40574,0.07398,0.03997,3.06138,13.4583,2.61923,0.000149881,0.000149881,0.000149881
3,129.227,3.71121,9.60783,2.66312,0.04498,0.41393,0.08538,0.04941,3.06898,13.5914,2.58193,0.000232918,0.000232918,0.000232918
4,162.629,3.48293,10.1782,2.66203,0.03071,0.36339,0.08301,0.04437,3.29043,13.7317,2.69039,0.000315789,0.000315789,0.000315789
5,195.985,3.86612,9.10135,2.67764,0.05277,0.44672,0.12374,0.05631,3.24422,13.8439,3.05654,0.000398496,0.000398496,0.000398496
6,229.332,3.76662,8.7125,2.54209,0.05305,0.41393,0.10519,0.06028,2.76027,13.432,3.07761,0.000481037,0.000481037,0.000481037
7,262.898,3.77623,8.9865,2.59888,0.04367,0.49727,0.16295,0.07274,3.07036,13.5655,3.03204,0.000563413,0.000563413,0.000563413
8,296.007,3.94671,9.05665,2.78093,0.00919,0.43033,0.10838,0.04206,3.0649,13.7266,3.22095,0.000645625,0.000645625,0.000645625
9,329.668,3.59023,8.6547,2.7347,0.00223,0.1653,0.02187,0.00797,4.25385,15.336,4.66396,0.000727671,0.000727671,0.000727671
10,362.56,3.96212,9.72195,3.00043,0.0024,0.22404,0.0124,0.00318,5.45832,17.3457,7.77057,0.000809552,0.000809552,0.000809552
11,395.225,4.17466,9.30442,2.90406,0.00304,0.39754,0.04273,0.01016,4.56008,15.3412,5.72578,0.000891268,0.000891268,0.000891268
12,427.984,4.03457,8.09125,2.89794,0.00296,0.45492,0.08425,0.02778,4.25024,14.9773,6.80695,0.000972819,0.000972819,0.000972819
13,460.539,4.06559,8.57875,2.95892,0.59338,0.04098,0.06577,0.02298,4.45034,14.8381,7.11125,0.00105421,0.00105421,0.00105421
14,493.15,3.99582,9.50134,2.9183,0.01028,0.4959,0.04353,0.01714,5.00197,16.3497,7.22568,0.00113543,0.00113543,0.00113543
15,525.707,4.0926,8.71691,3.00135,0.65217,0.02459,0.05828,0.01974,4.71897,14.9775,5.97691,0.00121648,0.00121648,0.00121648
16,558.257,4.0659,7.95838,3.03826,0.57619,0.02459,0.03157,0.01347,4.83103,17.0563,6.11582,0.00129737,0.00129737,0.00129737
17,590.772,4.25748,8.26466,3.13118,0.02124,0.01639,0.01258,0.0024,4.6236,20.3823,6.32476,0.0013781,0.0013781,0.0013781
18,623.267,4.34544,8.1417,3.03829,0.00356,0.33197,0.00265,0.0009,5.20876,19.6132,8.79547,0.00145866,0.00145866,0.00145866
19,655.678,4.4621,7.77538,3.12367,0.00302,0.31557,0.00324,0.00131,5.46411,19.8505,8.97556,0.00153906,0.00153906,0.00153906
20,688.276,4.07918,7.52916,2.88669,0.07473,0.05189,0.03199,0.01103,5.42322,22.8726,7.50667,0.00161929,0.00161929,0.00161929
21,720.692,4.02429,7.81008,2.84522,0.05366,0.04098,0.03453,0.01253,5.5328,23.4926,7.2281,0.00163399,0.00163399,0.00163399
22,753.301,4.04418,6.9676,2.90418,0.08349,0.09973,0.01929,0.00653,6.30602,25.7349,8.97185,0.00163234,0.00163234,0.00163234
23,785.718,4.1465,7.19883,3.08671,0.03827,0.0082,0.00555,0.00163,6.719,18.6508,10.8916,0.00163069,0.00163069,0.00163069
24,818.287,4.21634,6.31605,2.85108,0.00163,0.37295,0.00128,0.00041,6.8219,13.6558,10.0986,0.00162904,0.00162904,0.00162904
25,850.761,4.12624,6.75514,2.97255,0.00134,0.35656,0.00104,0.00043,6.48344,14.6412,8.44114,0.00162739,0.00162739,0.00162739
26,883.626,3.88379,7.14316,2.79117,0.0014,0.28962,0.00114,0.00051,6.29863,13.1048,6.20357,0.00162574,0.00162574,0.00162574
27,916.601,4.05804,6.33471,2.8308,0.17219,0.10792,0.04417,0.01375,4.60881,12.0985,4.07546,0.00162409,0.00162409,0.00162409
28,949.335,3.79796,5.95888,2.74497,0.17231,0.02459,0.0357,0.01406,5.66026,12.6508,5.00796,0.00162244,0.00162244,0.00162244
29,981.838,3.87363,6.27423,2.60756,0.14258,0.04918,0.03528,0.01388,6.40847,13.6992,6.21057,0.00162079,0.00162079,0.00162079
30,1014.4,4.08664,6.62994,2.84542,0.07727,0.10792,0.01917,0.00784,6.19926,12.6532,6.00112,0.00161914,0.00161914,0.00161914
31,1046.87,3.62507,6.15209,2.82268,0.30272,0.0904,0.04019,0.01508,5.89774,13.1854,5.88116,0.00161749,0.00161749,0.00161749
32,1080,3.90413,5.55057,2.76789,0.1122,0.10792,0.04098,0.01521,6.27648,14.5562,8.57487,0.00161584,0.00161584,0.00161584
33,1112.92,3.89734,6.16069,2.87579,0.10812,0.05738,0.04903,0.02228,5.1427,12.7782,5.13598,0.00161419,0.00161419,0.00161419
34,1145.86,3.62212,5.13159,2.5862,0.1595,0.10753,0.10631,0.04371,4.47335,10.0797,4.32588,0.00161254,0.00161254,0.00161254
35,1178.73,3.85235,5.51359,2.75326,0.19535,0.21759,0.1166,0.04592,4.21593,9.31973,4.17502,0.00161089,0.00161089,0.00161089
36,1211.83,3.76891,5.50485,2.71606,0.70552,0.23466,0.2788,0.06811,3.88581,8.7342,3.67233,0.00160924,0.00160924,0.00160924
37,1245.04,3.86169,5.27943,2.62771,0.2851,0.54781,0.26504,0.10126,3.93528,9.85558,3.97119,0.00160759,0.00160759,0.00160759
38,1277.97,3.72705,5.45167,2.75884,0.27045,0.31421,0.31263,0.10104,3.66497,9.65649,3.32834,0.00160594,0.00160594,0.00160594
39,1310.87,3.88311,5.2589,2.69142,0.22752,0.4005,0.22705,0.08947,3.4923,9.69359,3.39804,0.00160429,0.00160429,0.00160429
40,1343.92,3.9656,5.11439,2.73274,0.4246,0.30601,0.33797,0.12561,4.03318,7.28385,4.1971,0.00160264,0.00160264,0.00160264
41,1377.04,3.92128,5.07319,2.64821,0.60118,0.30738,0.35398,0.11977,3.8922,7.04145,4.24275,0.00160099,0.00160099,0.00160099
42,1410.01,3.70145,5.30296,2.7067,0.45489,0.38934,0.40922,0.15557,3.98323,6.53494,4.10412,0.00159934,0.00159934,0.00159934
43,1443.52,3.84852,5.21521,2.76788,0.66352,0.33434,0.38204,0.18089,3.65732,6.39124,3.46549,0.00159769,0.00159769,0.00159769
44,1476.4,3.89284,5.20605,2.83337,0.37108,0.42213,0.35439,0.13733,3.67819,6.64608,3.35784,0.00159604,0.00159604,0.00159604
45,1509.59,3.78256,5.25451,2.77614,0.3236,0.28962,0.27849,0.10902,3.51767,6.7739,3.45243,0.00159439,0.00159439,0.00159439
46,1542.21,3.81463,4.49518,2.62163,0.3386,0.38589,0.30256,0.10504,3.72169,6.62263,3.4936,0.00159274,0.00159274,0.00159274
47,1574.73,3.69903,4.64558,2.68402,0.32559,0.3567,0.3443,0.14857,3.97782,6.96825,3.76795,0.00159108,0.00159108,0.00159108
48,1608.31,3.86705,4.71766,2.6082,0.18242,0.35519,0.20155,0.07392,4.05443,6.42076,3.84696,0.00158943,0.00158943,0.00158943
49,1641.44,3.9457,4.53206,2.75736,0.27878,0.25683,0.15409,0.05595,4.13944,6.39064,3.86764,0.00158778,0.00158778,0.00158778
50,1675.43,3.59662,4.73398,2.68329,0.22981,0.26503,0.20055,0.07894,4.13131,6.28279,3.61249,0.00158613,0.00158613,0.00158613
51,1708.49,3.57008,4.37944,2.60594,0.43317,0.39664,0.3396,0.13338,3.80868,6.09812,3.24134,0.00158448,0.00158448,0.00158448
52,1741.02,3.80109,4.70768,2.64906,0.51732,0.36979,0.32386,0.10823,3.70737,5.89678,3.05153,0.00158283,0.00158283,0.00158283
53,1773.53,3.85019,4.28077,2.68987,0.30466,0.45492,0.25746,0.08964,3.48185,5.59991,2.84606,0.00158118,0.00158118,0.00158118
54,1805.85,3.74795,4.7701,2.70832,0.32663,0.45492,0.25134,0.09437,3.53597,5.45264,3.06741,0.00157953,0.00157953,0.00157953
55,1838.69,3.88332,3.90927,2.63873,0.38169,0.38442,0.26454,0.10193,3.55409,5.80013,3.14095,0.00157788,0.00157788,0.00157788
56,1871.41,3.9585,4.36298,2.74238,0.21202,0.17213,0.16735,0.06988,3.50094,5.64692,3.04125,0.00157623,0.00157623,0.00157623
57,1904.21,3.49808,4.2215,2.58736,0.20858,0.26366,0.16588,0.06848,3.51902,5.59263,3.02401,0.00157458,0.00157458,0.00157458
58,1936.79,3.65754,4.07868,2.57926,0.37857,0.34699,0.34011,0.1429,3.38612,5.4573,3.07823,0.00157293,0.00157293,0.00157293
59,1968.08,3.4442,3.9345,2.58864,0.34517,0.3854,0.23297,0.10337,3.24779,5.70187,2.99149,0.00157128,0.00157128,0.00157128
60,1999.54,3.71529,4.40944,2.83248,0.0239,0.50546,0.04748,0.01532,5.11296,9.47087,5.01787,0.00156963,0.00156963,0.00156963
61,2031.21,3.68279,4.17624,2.56033,0.00943,0.40437,0.07438,0.02355,5.00739,8.40424,5.15386,0.00156798,0.00156798,0.00156798
62,2062.98,3.68296,4.09222,2.55271,0.14659,0.04098,0.03792,0.0138,4.77457,7.97143,5.00634,0.00156633,0.00156633,0.00156633
63,2094.16,3.40101,4.02189,2.57485,0.1701,0.1735,0.09951,0.03923,4.47397,7.7638,4.74146,0.00156468,0.00156468,0.00156468
64,2125.63,3.76958,4.0533,2.66947,0.52675,0.14071,0.15954,0.05829,4.30033,8.90278,4.55524,0.00156303,0.00156303,0.00156303
65,2159.07,3.55667,3.59102,2.52331,0.51983,0.13836,0.15179,0.05336,4.79575,8.3301,4.92283,0.00156138,0.00156138,0.00156138
66,2194.03,3.44427,4.00792,2.6387,0.17672,0.10792,0.04096,0.01867,4.98587,8.49077,5.35655,0.00155973,0.00155973,0.00155973
67,2228.56,3.43885,3.7891,2.48915,0.15726,0.09973,0.06121,0.02833,4.86608,8.25023,5.19179,0.00155808,0.00155808,0.00155808
68,2262.43,3.63869,3.71526,2.57768,0.19853,0.22268,0.19766,0.08124,4.24739,5.86192,3.99079,0.00155643,0.00155643,0.00155643
69,2296.43,3.51693,4.00046,2.60554,0.42925,0.3306,0.30236,0.13951,4.0157,5.35196,3.65613,0.00155478,0.00155478,0.00155478
70,2330.04,3.31793,3.6364,2.59455,0.61864,0.28114,0.3713,0.14343,4.04005,4.83557,3.59667,0.00155313,0.00155313,0.00155313
71,2363.44,3.54314,3.70602,2.58861,0.47155,0.32019,0.38939,0.15244,3.57803,4.46782,3.08243,0.00155148,0.00155148,0.00155148
72,2396.99,3.59819,3.68008,2.66697,0.40345,0.36339,0.39738,0.18345,3.52091,4.04721,2.96857,0.00154983,0.00154983,0.00154983
73,2431.11,3.56747,3.63669,2.51213,0.40325,0.57104,0.4016,0.18301,3.55044,4.05584,2.96794,0.00154818,0.00154818,0.00154818
74,2464.71,3.44375,3.80977,2.49742,0.42734,0.38115,0.35791,0.1567,3.557,4.27543,2.9796,0.00154653,0.00154653,0.00154653
75,2498.28,3.47147,3.86968,2.4926,0.24183,0.37158,0.31322,0.15664,3.4077,4.38369,2.94359,0.00154488,0.00154488,0.00154488
76,2531.83,3.5049,3.61245,2.4723,0.28889,0.22268,0.2234,0.10293,3.76536,4.87667,3.12822,0.00154323,0.00154323,0.00154323
77,2565.46,3.60873,3.75079,2.51886,0.36676,0.18169,0.19253,0.08105,4.35937,5.48868,3.63891,0.00154157,0.00154157,0.00154157
78,2599.34,3.75425,3.65765,2.50009,0.29397,0.14891,0.14102,0.04862,4.95232,6.77281,4.44771,0.00153992,0.00153992,0.00153992
79,2634.16,3.75011,3.6614,2.47162,0.26139,0.09145,0.11927,0.03277,4.94185,7.53558,4.78008,0.00153827,0.00153827,0.00153827
80,2669.48,3.5299,3.44782,2.40313,0.25894,0.14071,0.09117,0.03242,4.85504,8.74268,4.60566,0.00153662,0.00153662,0.00153662
81,2703.39,3.60617,3.75114,2.60131,0.26054,0.34836,0.18329,0.06216,4.34394,8.54444,4.1814,0.00153497,0.00153497,0.00153497
82,2737.05,3.37111,3.5472,2.55751,0.44186,0.43852,0.34059,0.14026,3.67211,5.88827,3.22878,0.00153332,0.00153332,0.00153332
83,2770.38,3.49064,3.81188,2.55552,0.56184,0.35519,0.41991,0.16781,3.58037,4.39745,2.97296,0.00153167,0.00153167,0.00153167
84,2803.82,3.55011,3.49195,2.5487,0.71276,0.26008,0.43165,0.1583,3.76442,4.84779,3.06053,0.00153002,0.00153002,0.00153002
85,2837.61,3.21803,3.56304,2.52588,0.47287,0.53844,0.48199,0.21861,3.74211,4.42543,2.92876,0.00152837,0.00152837,0.00152837
86,2870.87,3.69336,3.33668,2.44436,0.31908,0.55464,0.36299,0.17085,4.07561,4.34892,3.45662,0.00152672,0.00152672,0.00152672
87,2904.09,3.43333,3.52262,2.47953,0.33176,0.53005,0.3722,0.18719,3.80212,4.81714,3.33342,0.00152507,0.00152507,0.00152507
88,2937.54,3.85937,3.30912,2.49509,0.3973,0.28482,0.28326,0.13548,3.6986,5.83341,3.40937,0.00152342,0.00152342,0.00152342
89,2970.7,3.54811,3.38401,2.49365,0.27551,0.41393,0.29471,0.13579,4.06199,7.03039,3.60193,0.00152177,0.00152177,0.00152177
90,3003.66,3.15669,3.25743,2.51887,0.34016,0.3306,0.26352,0.11629,4.22684,6.69106,3.79556,0.00152012,0.00152012,0.00152012
91,3036.65,3.30639,3.28334,2.39476,0.32024,0.3306,0.25433,0.1124,4.0199,5.6954,3.70307,0.00151847,0.00151847,0.00151847
92,3069.87,3.45159,3.25296,2.51596,0.45756,0.40574,0.33744,0.15737,3.81224,4.41357,3.34778,0.00151682,0.00151682,0.00151682
93,3103.53,3.44948,3.29476,2.50221,0.63551,0.39701,0.39457,0.15823,3.79642,4.25781,3.30775,0.00151517,0.00151517,0.00151517
94,3136.75,3.52498,3.24622,2.50277,0.45543,0.31036,0.33263,0.13805,3.80049,4.45552,3.30206,0.00151352,0.00151352,0.00151352
95,3169.96,3.42742,3.1655,2.51345,0.45033,0.32102,0.3793,0.14941,3.2673,4.3107,2.91362,0.00151187,0.00151187,0.00151187
96,3203.93,3.2747,3.08447,2.45742,0.80994,0.30125,0.46424,0.20468,3.35195,3.91519,2.81579,0.00151022,0.00151022,0.00151022
97,3237.83,3.28342,3.075,2.4764,0.93554,0.29918,0.46201,0.20702,3.32638,4.14918,2.93952,0.00150857,0.00150857,0.00150857
98,3272.11,3.27731,3.11863,2.41615,1,0.29608,0.46132,0.22238,3.30853,3.89238,2.82775,0.00150692,0.00150692,0.00150692
99,3307.52,3.18944,3.08035,2.44186,0.74402,0.39891,0.50711,0.24008,3.37081,3.7828,2.79019,0.00150527,0.00150527,0.00150527
100,3342.48,3.35517,3.07606,2.40776,0.67947,0.4071,0.47674,0.22865,3.63842,3.99567,2.93499,0.00150362,0.00150362,0.00150362
101,3376.78,3.35889,2.96124,2.52534,0.73927,0.39071,0.50601,0.24119,3.57616,3.99371,2.99122,0.00150197,0.00150197,0.00150197
102,3411.61,3.14407,2.94761,2.45178,0.634,0.53791,0.56626,0.24859,3.5476,3.71734,2.99974,0.00150032,0.00150032,0.00150032
103,3445.48,3.332,2.97662,2.53453,0.74922,0.5806,0.61028,0.27118,3.24688,3.84107,2.87047,0.00149867,0.00149867,0.00149867
104,3480.32,3.5829,3.07758,2.48754,0.42151,0.63118,0.4809,0.20364,3.26926,4.04359,2.80273,0.00149702,0.00149702,0.00149702
105,3514.32,3.39026,3.08527,2.55557,0.36473,0.53402,0.4334,0.18666,3.26195,3.98038,2.85602,0.00149537,0.00149537,0.00149537
106,3547.46,3.52016,2.92276,2.50831,0.58679,0.31421,0.40415,0.18008,3.30013,3.72003,2.88387,0.00149372,0.00149372,0.00149372
107,3580.9,3.55083,3.05927,2.49686,0.40301,0.57134,0.4371,0.19491,3.2056,3.67976,2.8187,0.00149207,0.00149207,0.00149207
108,3614.7,3.47188,2.99373,2.51625,0.7441,0.30371,0.45634,0.21393,3.22464,3.70438,2.75147,0.00149041,0.00149041,0.00149041
109,3648.74,3.33107,2.74485,2.3718,0.72126,0.34699,0.44193,0.20765,3.11188,3.74928,2.73601,0.00148876,0.00148876,0.00148876
110,3683.13,3.36815,3.04907,2.3992,0.35357,0.42445,0.40853,0.18154,3.10092,3.71516,2.69371,0.00148711,0.00148711,0.00148711
111,3717.78,3.43287,2.75464,2.34845,0.46293,0.42077,0.41913,0.18606,3.02614,3.68447,2.67359,0.00148546,0.00148546,0.00148546
112,3752.82,3.29868,3.04898,2.42254,0.67169,0.36204,0.45129,0.14914,3.16817,3.46245,2.6861,0.00148381,0.00148381,0.00148381
113,3786.89,3.23462,2.93569,2.44208,0.6593,0.42079,0.44672,0.14363,2.98617,3.82501,2.6776,0.00148216,0.00148216,0.00148216
114,3820.87,3.10488,3.03515,2.38119,0.64791,0.39246,0.47091,0.14918,3.11144,3.84161,2.80122,0.00148051,0.00148051,0.00148051
115,3855.04,3.18935,2.79619,2.39717,0.44476,0.44672,0.36969,0.15269,3.11553,3.81159,2.84975,0.00147886,0.00147886,0.00147886
116,3889.76,3.21687,3.01124,2.39177,0.81715,0.44809,0.56741,0.21178,3.26384,3.7828,2.95053,0.00147721,0.00147721,0.00147721
117,3925.55,3.36245,3.09715,2.41386,0.52379,0.48587,0.40894,0.15847,3.09848,3.6842,2.83581,0.00147556,0.00147556,0.00147556
118,3960.37,3.35248,2.94575,2.41905,0.49039,0.3306,0.40194,0.16384,3.12718,3.34105,2.77263,0.00147391,0.00147391,0.00147391
119,3995.33,3.14995,2.72992,2.43737,0.56805,0.3306,0.39448,0.1759,3.1407,3.30289,2.89563,0.00147226,0.00147226,0.00147226
120,4030.59,3.25419,2.93363,2.40123,0.57595,0.4659,0.47401,0.18219,3.08105,3.25912,2.89117,0.00147061,0.00147061,0.00147061
121,4065.55,3.19174,2.97333,2.42944,0.67026,0.40574,0.50723,0.22202,3.35688,3.72161,3.03799,0.00146896,0.00146896,0.00146896
122,4099.98,3.44001,3.10785,2.47317,0.5865,0.51318,0.57045,0.27038,3.3822,4.08899,3.06051,0.00146731,0.00146731,0.00146731
123,4135.11,3.40531,3.17553,2.51052,0.69278,0.50546,0.60735,0.28703,3.26402,3.94137,2.9486,0.00146566,0.00146566,0.00146566
124,4169.29,3.22266,2.90033,2.32246,0.58277,0.46448,0.53668,0.30212,3.02648,3.33248,2.79464,0.00146401,0.00146401,0.00146401
125,4202.8,3.06392,2.91674,2.43542,0.55584,0.3698,0.44685,0.22139,3.34149,3.48465,2.98161,0.00146236,0.00146236,0.00146236
126,4235.56,3.12828,2.72119,2.3798,0.54294,0.39754,0.39711,0.18896,3.526,3.44597,3.03313,0.00146071,0.00146071,0.00146071
127,4268.63,3.12607,2.58071,2.34631,0.42993,0.32297,0.3003,0.15067,3.58698,3.6592,2.96657,0.00145906,0.00145906,0.00145906
128,4302.6,3.03089,2.61904,2.33434,0.52833,0.42213,0.38015,0.17356,3.33936,3.78467,2.86084,0.00145741,0.00145741,0.00145741
129,4335.85,3.0296,2.69601,2.33391,0.70289,0.40574,0.51817,0.21793,3.41583,3.62822,2.81411,0.00145576,0.00145576,0.00145576
130,4369.17,3.46868,2.98221,2.39696,0.68027,0.42809,0.49168,0.21004,3.36119,3.42106,2.85457,0.00145411,0.00145411,0.00145411
131,4402.42,3.31729,2.97051,2.47531,0.71445,0.41334,0.51174,0.24956,3.16911,3.27136,2.77079,0.00145246,0.00145246,0.00145246
132,4435.72,3.28427,2.96137,2.44554,0.6302,0.53005,0.60279,0.29267,3.02601,3.08643,2.72912,0.00145081,0.00145081,0.00145081
133,4469.3,3.14983,2.65721,2.32392,0.7871,0.51191,0.63624,0.29021,3.04215,3.13658,2.69147,0.00144916,0.00144916,0.00144916
134,4502.71,3.13844,2.63786,2.31838,0.61593,0.54376,0.5836,0.24994,2.82383,3.27028,2.74057,0.00144751,0.00144751,0.00144751
135,4536.22,3.04107,2.9238,2.40646,0.65255,0.41952,0.51796,0.2175,2.85112,3.28846,2.7667,0.00144586,0.00144586,0.00144586
136,4569.62,3.31522,2.75734,2.46129,0.64589,0.43712,0.52156,0.21899,2.78958,3.39371,2.84299,0.00144421,0.00144421,0.00144421
137,4602.9,3.0714,2.7065,2.33786,0.53166,0.64617,0.56403,0.24795,2.79328,3.23452,2.79169,0.00144256,0.00144256,0.00144256
138,4636.26,3.22437,2.70422,2.38168,0.64474,0.5934,0.58406,0.29471,2.82229,3.12043,2.78316,0.0014409,0.0014409,0.0014409
139,4669.51,3.09502,2.75176,2.37681,0.62648,0.59108,0.59536,0.31407,2.71899,3.24763,2.70871,0.00143925,0.00143925,0.00143925
140,4702.97,2.97429,2.44004,2.35487,0.79293,0.38115,0.50649,0.26404,2.93762,3.27515,2.66405,0.0014376,0.0014376,0.0014376
141,4736.45,3.4384,3.00522,2.41234,0.75211,0.40719,0.5129,0.26566,2.88239,3.1891,2.67943,0.00143595,0.00143595,0.00143595
142,4770.12,3.38338,2.94109,2.47457,0.47644,0.53005,0.53514,0.28791,2.97361,3.10684,2.68242,0.0014343,0.0014343,0.0014343
143,4803.34,2.91244,2.60414,2.28957,0.63447,0.38095,0.44234,0.21816,3.74596,4.81664,3.31469,0.00143265,0.00143265,0.00143265
144,4837.17,3.46796,2.79029,2.52471,0.32091,0.26359,0.19878,0.0849,4.37015,6.63596,3.94728,0.001431,0.001431,0.001431
145,4870.61,3.31534,2.70927,2.44497,0.26409,0.27322,0.16848,0.06953,4.59768,7.23618,4.36903,0.00142935,0.00142935,0.00142935
146,4903.73,3.24134,2.54511,2.35144,0.21979,0.25927,0.12578,0.04967,4.91984,9.01734,4.54651,0.0014277,0.0014277,0.0014277
147,4937.1,2.95684,2.22305,2.31458,0.23097,0.28501,0.14239,0.05839,5.00771,8.20533,4.62674,0.00142605,0.00142605,0.00142605
148,4970.47,3.00327,2.47987,2.30055,0.56049,0.54645,0.55864,0.27159,3.30986,3.36179,2.73047,0.0014244,0.0014244,0.0014244
149,5003.81,3.00391,2.85431,2.35364,0.84135,0.40764,0.58926,0.27998,3.11854,3.32432,2.68318,0.00142275,0.00142275,0.00142275
150,5037.27,3.28018,2.71892,2.43473,0.83485,0.39754,0.58012,0.27368,3.26878,2.94523,2.69535,0.0014211,0.0014211,0.0014211
151,5070.51,3.06686,2.53738,2.35578,0.42805,0.56439,0.50408,0.25406,3.18558,2.90324,2.7049,0.00141945,0.00141945,0.00141945
152,5103.88,2.96602,2.49706,2.36753,0.64361,0.48087,0.51317,0.28027,3.05805,2.63529,2.68291,0.0014178,0.0014178,0.0014178
153,5137.12,3.39764,2.61509,2.51023,0.57573,0.64617,0.54857,0.29791,3.05175,2.62667,2.68943,0.00141615,0.00141615,0.00141615
154,5170.62,3.17479,2.63799,2.31154,0.56903,0.62158,0.59665,0.31177,3.15208,2.82198,2.72575,0.0014145,0.0014145,0.0014145
155,5204.03,3.17755,2.70973,2.43247,0.63963,0.5888,0.58159,0.32463,3.43219,3.01113,2.89646,0.00141285,0.00141285,0.00141285
156,5237.46,2.97326,2.54189,2.34506,0.45402,0.3306,0.39918,0.20673,4.10456,3.72652,3.56803,0.0014112,0.0014112,0.0014112
157,5270.84,3.02526,2.49647,2.35164,0.45813,0.26633,0.35255,0.17264,4.11218,4.51851,3.91267,0.00140955,0.00140955,0.00140955
158,5304.32,3.05741,2.76814,2.38952,0.44023,0.23252,0.2785,0.12195,4.34348,5.02611,4.11085,0.0014079,0.0014079,0.0014079
159,5337.79,3.02636,2.69436,2.32032,0.44787,0.23224,0.21577,0.09046,4.71566,5.86437,4.6605,0.00140625,0.00140625,0.00140625
160,5371.55,3.21971,2.54647,2.31865,0.53435,0.10792,0.12575,0.0525,5.30138,8.06855,5.43313,0.0014046,0.0014046,0.0014046
161,5405.35,3.20063,2.64184,2.31619,0.46372,0.32697,0.23361,0.11422,4.30059,4.78901,4.0482,0.00140295,0.00140295,0.00140295
162,5438.69,2.87063,2.56737,2.20435,0.72658,0.30601,0.43624,0.23241,3.20939,3.22046,2.95044,0.0014013,0.0014013,0.0014013
163,5472.39,3.11486,2.67413,2.3551,0.74145,0.42807,0.54195,0.29042,2.95686,2.81936,2.69077,0.00139965,0.00139965,0.00139965
164,5505.88,3.14976,2.51761,2.32358,0.74637,0.42213,0.58065,0.33222,2.96094,2.68189,2.64089,0.001398,0.001398,0.001398
165,5538.98,3.44481,2.65002,2.33905,0.75052,0.43852,0.59036,0.32017,3.198,2.70428,2.76145,0.00139635,0.00139635,0.00139635
166,5572.2,3.44921,2.71454,2.45522,0.61177,0.51368,0.60337,0.28331,3.24618,2.74854,2.77779,0.0013947,0.0013947,0.0013947
167,5605.65,2.89805,2.46121,2.32888,0.79488,0.54354,0.6338,0.27203,3.14597,2.66182,2.72273,0.00139305,0.00139305,0.00139305
168,5639.48,3.02946,2.58695,2.32577,0.58913,0.55464,0.53819,0.27522,2.96835,2.81834,2.59332,0.00139139,0.00139139,0.00139139
169,5673.12,3.08343,2.52399,2.38317,0.78238,0.49285,0.58871,0.29519,3.03849,2.96116,2.64319,0.00138974,0.00138974,0.00138974
170,5706.81,3.24939,2.50581,2.24042,0.67941,0.53825,0.56732,0.27013,2.98098,2.98125,2.65833,0.00138809,0.00138809,0.00138809
171,5740.77,3.22766,2.90214,2.36214,0.54947,0.59528,0.61707,0.29563,3.0415,2.92282,2.78528,0.00138644,0.00138644,0.00138644
172,5774.12,3.0317,2.42648,2.35019,0.44665,0.57943,0.57592,0.27789,3.01037,2.74136,2.68626,0.00138479,0.00138479,0.00138479
173,5807.6,3.23049,2.80918,2.52964,0.61309,0.63798,0.59157,0.29398,3.08366,2.95556,2.69807,0.00138314,0.00138314,0.00138314
174,5840.78,2.80602,2.55532,2.30703,0.55063,0.50546,0.58948,0.25949,3.234,3.52936,2.7769,0.00138149,0.00138149,0.00138149
175,5874.38,3.21413,2.51253,2.35436,0.78091,0.42034,0.58468,0.26152,3.31997,3.12284,2.88409,0.00137984,0.00137984,0.00137984
176,5908.36,3.02875,2.5359,2.31277,0.81098,0.4515,0.62289,0.32569,3.16386,2.64797,2.62892,0.00137819,0.00137819,0.00137819
177,5941.94,3.11959,2.51508,2.3578,0.55014,0.58821,0.6206,0.34435,3.17812,2.73106,2.61753,0.00137654,0.00137654,0.00137654
178,5975.62,3.31167,2.35226,2.30878,0.86957,0.48907,0.63315,0.3299,2.93918,2.80748,2.53018,0.00137489,0.00137489,0.00137489
179,6009.04,3.16997,2.58549,2.44365,0.72893,0.46909,0.58987,0.31112,2.82959,3.01041,2.51669,0.00137324,0.00137324,0.00137324
180,6042.7,2.95518,2.53495,2.44359,0.69333,0.47268,0.60553,0.3249,2.91083,3.03786,2.56106,0.00137159,0.00137159,0.00137159
181,6076.06,2.96828,2.59097,2.31537,0.66569,0.39617,0.5444,0.31225,2.85009,2.84259,2.64413,0.00136994,0.00136994,0.00136994
182,6109.2,3.0698,2.53862,2.27794,0.48039,0.44569,0.54371,0.29957,2.84954,2.83815,2.69011,0.00136829,0.00136829,0.00136829
183,6142.62,3.08285,2.48781,2.28535,0.54156,0.56284,0.63712,0.30432,2.90852,2.78239,2.63219,0.00136664,0.00136664,0.00136664
184,6176.22,3.05464,2.33033,2.28943,0.61128,0.57794,0.65117,0.25696,3.1588,3.31431,2.83153,0.00136499,0.00136499,0.00136499
185,6209.65,2.82107,2.33178,2.31048,0.62334,0.5645,0.58431,0.22255,3.21732,3.4197,2.91592,0.00136334,0.00136334,0.00136334
186,6243.07,2.84783,2.3362,2.22082,0.79541,0.42569,0.52623,0.20356,3.36322,3.54376,3.03232,0.00136169,0.00136169,0.00136169
187,6276.89,3.2063,2.53138,2.30573,0.65566,0.41393,0.49207,0.18009,3.34176,3.40339,2.97402,0.00136004,0.00136004,0.00136004
188,6310.69,3.02906,2.19281,2.23707,0.49223,0.40639,0.43242,0.17566,3.24396,3.54212,2.88991,0.00135839,0.00135839,0.00135839
189,6344.2,3.14668,2.41616,2.33314,0.46758,0.43033,0.42024,0.18622,3.376,3.76534,2.96466,0.00135674,0.00135674,0.00135674
190,6377.42,2.94597,2.668,2.46244,0.56675,0.37986,0.44479,0.20098,3.43929,3.7707,3.05957,0.00135509,0.00135509,0.00135509
191,6410.89,3.20251,2.51338,2.31575,0.56258,0.37295,0.46917,0.23993,3.3299,3.49109,2.94949,0.00135344,0.00135344,0.00135344
192,6444.53,2.77492,2.23815,2.21406,0.51511,0.47914,0.51929,0.28393,3.07107,2.97437,2.69235,0.00135179,0.00135179,0.00135179
193,6478.01,3.19693,2.45801,2.23367,0.56572,0.45492,0.53477,0.31372,3.03319,2.81175,2.72475,0.00135014,0.00135014,0.00135014
194,6511.53,2.83659,2.10492,2.27359,0.56049,0.4309,0.5344,0.29011,3.19973,2.82499,2.84458,0.00134849,0.00134849,0.00134849
195,6544.89,2.88971,2.33262,2.32362,0.6319,0.43852,0.56997,0.29194,3.27664,2.7987,2.89283,0.00134684,0.00134684,0.00134684
196,6578.46,3.20767,2.56053,2.36995,0.82492,0.43956,0.62322,0.32319,3.25273,2.69882,2.76937,0.00134519,0.00134519,0.00134519
197,6611.98,3.04166,2.35508,2.22589,0.62715,0.55482,0.61827,0.32335,3.11571,2.6073,2.70908,0.00134354,0.00134354,0.00134354
198,6645.16,2.82411,2.23741,2.28714,0.65182,0.54325,0.58384,0.30475,3.08085,2.54773,2.71543,0.00134188,0.00134188,0.00134188
199,6678.34,2.72635,2.40686,2.19827,0.66687,0.57104,0.5837,0.32476,2.95578,2.61554,2.669,0.00134023,0.00134023,0.00134023
200,6711.53,3.18856,2.41783,2.32058,0.72428,0.47554,0.52251,0.23529,3.48212,2.85953,3.00662,0.00133858,0.00133858,0.00133858
201,6744.54,2.82782,2.33818,2.27089,0.77299,0.43033,0.4662,0.17351,3.70053,3.21325,3.25792,0.00133693,0.00133693,0.00133693
202,6778.21,2.9279,2.40319,2.25953,0.61064,0.46311,0.46962,0.19846,3.62637,3.2297,3.25834,0.00133528,0.00133528,0.00133528
203,6812.51,2.86039,2.40096,2.28387,0.81133,0.44927,0.51981,0.23461,3.55939,3.06886,3.21418,0.00133363,0.00133363,0.00133363
204,6847,3.13335,2.31422,2.2258,0.7028,0.3388,0.36931,0.17681,3.71135,3.72735,3.49602,0.00133198,0.00133198,0.00133198
205,6881.97,2.84671,2.22293,2.21984,0.58704,0.35673,0.36105,0.16496,3.70381,3.87928,3.51186,0.00133033,0.00133033,0.00133033
206,6916.68,3.01266,2.45577,2.29917,0.50874,0.39617,0.34946,0.16612,3.60875,3.50988,3.15371,0.00132868,0.00132868,0.00132868
207,6948.57,2.72106,2.11682,2.14263,0.61057,0.47288,0.46896,0.21595,3.33812,3.05932,2.87297,0.00132703,0.00132703,0.00132703
208,6980.69,3.03149,2.42755,2.21635,0.5386,0.47178,0.48482,0.25566,3.34754,2.63968,2.69407,0.00132538,0.00132538,0.00132538
209,7012.24,2.87684,2.27631,2.26666,0.50677,0.53417,0.53899,0.27062,3.26217,2.6409,2.73172,0.00132373,0.00132373,0.00132373
210,7043.79,2.88309,2.44381,2.2049,0.55908,0.56145,0.51079,0.28097,3.19303,2.77386,2.7312,0.00132208,0.00132208,0.00132208
211,7076.26,2.95202,2.23177,2.21176,0.64382,0.43033,0.47277,0.27192,3.22282,2.78846,2.83386,0.00132043,0.00132043,0.00132043
212,7108.14,2.96523,2.52305,2.17359,0.567,0.59563,0.54444,0.26194,3.29918,2.53503,2.84856,0.00131878,0.00131878,0.00131878
213,7139.42,2.97407,2.2973,2.25885,0.69503,0.57104,0.58333,0.28841,3.27581,2.48916,2.845,0.00131713,0.00131713,0.00131713
214,7170.74,2.88445,2.41246,2.25599,0.71768,0.49683,0.55334,0.29082,3.22777,2.41727,2.78941,0.00131548,0.00131548,0.00131548
215,7201.95,3.0577,2.52475,2.36022,0.55588,0.47181,0.48167,0.26364,3.21805,2.41907,2.78858,0.00131383,0.00131383,0.00131383
216,7233.41,2.98884,2.23676,2.24297,0.51385,0.56826,0.51279,0.27931,3.24859,2.39553,2.83738,0.00131218,0.00131218,0.00131218
217,7264.74,2.74455,2.327,2.22567,0.64372,0.56543,0.58477,0.31111,3.14971,2.45116,2.78131,0.00131053,0.00131053,0.00131053
218,7296.24,2.74156,2.10092,2.19913,0.6878,0.55323,0.61988,0.3016,3.14248,2.61535,2.83763,0.00130888,0.00130888,0.00130888
219,7327.56,3.00267,2.35764,2.24471,0.74326,0.56249,0.61981,0.25093,3.33189,2.68307,2.86631,0.00130723,0.00130723,0.00130723
220,7358.89,2.95112,2.28982,2.34066,0.63215,0.57104,0.54139,0.2158,3.5601,2.89494,2.93276,0.00130558,0.00130558,0.00130558
221,7390.19,3.01845,2.39446,2.26906,0.69931,0.43033,0.49606,0.2086,3.6221,2.96191,2.97549,0.00130393,0.00130393,0.00130393
222,7421.37,3.07052,2.34076,2.24385,0.56462,0.4611,0.49217,0.20959,3.71161,3.09503,3.03513,0.00130228,0.00130228,0.00130228
223,7452.68,3.00565,2.21692,2.26895,0.42176,0.49373,0.38628,0.15673,3.95047,3.50705,3.20381,0.00130063,0.00130063,0.00130063
224,7483.94,2.8813,2.31938,2.21901,0.66842,0.38934,0.45741,0.18168,3.93922,3.7089,3.45349,0.00129898,0.00129898,0.00129898
225,7515.13,2.80595,2.19139,2.22839,0.75076,0.38132,0.4591,0.17804,3.87669,3.78973,3.54296,0.00129733,0.00129733,0.00129733
226,7546.22,2.83162,2.23736,2.27315,0.59903,0.40574,0.46416,0.18697,3.75442,3.65661,3.43909,0.00129568,0.00129568,0.00129568
227,7577.41,2.71221,2.12876,2.26177,0.56566,0.50546,0.48659,0.21221,3.74634,3.52845,3.42141,0.00129403,0.00129403,0.00129403
228,7608.64,2.85772,2.16577,2.21523,0.72781,0.34836,0.45711,0.21784,3.69723,3.7221,3.3528,0.00129238,0.00129238,0.00129238
229,7639.88,2.96642,2.49098,2.25599,0.64518,0.37295,0.43265,0.22616,3.69015,3.646,3.29196,0.00129072,0.00129072,0.00129072
230,7671.06,2.94796,2.36109,2.28066,0.62156,0.40574,0.45636,0.2365,3.60135,3.48948,3.07111,0.00128907,0.00128907,0.00128907
231,7702.37,2.97608,2.24107,2.19681,0.62193,0.40028,0.44011,0.23685,3.58422,3.21879,3.06953,0.00128742,0.00128742,0.00128742
232,7733.54,2.89057,2.25305,2.1962,0.50079,0.46311,0.3822,0.20539,3.47625,2.78458,3.02792,0.00128577,0.00128577,0.00128577
233,7764.69,2.89182,2.31678,2.29641,0.4896,0.47131,0.35873,0.20494,3.29745,2.58541,2.90169,0.00128412,0.00128412,0.00128412
234,7795.85,2.8704,2.28096,2.26058,0.55036,0.44672,0.39705,0.21626,3.37014,2.55224,2.9877,0.00128247,0.00128247,0.00128247
235,7827.2,2.8452,2.05549,2.18023,0.40079,0.47951,0.29501,0.1627,3.52282,2.97409,3.34397,0.00128082,0.00128082,0.00128082
236,7858.48,2.85903,2.19974,2.23368,0.36199,0.36339,0.23813,0.13507,3.69433,3.82059,3.70434,0.00127917,0.00127917,0.00127917
237,7889.6,2.68201,2.41795,2.26672,0.55472,0.28962,0.28112,0.15765,3.65952,3.55944,3.66116,0.00127752,0.00127752,0.00127752
238,7920.73,2.7538,2.27712,2.26746,0.64295,0.27322,0.28651,0.15278,3.6433,3.33453,3.56002,0.00127587,0.00127587,0.00127587
239,7951.97,2.79537,2.15551,2.20048,0.62718,0.29673,0.30219,0.16032,3.67788,3.10934,3.37979,0.00127422,0.00127422,0.00127422
240,7983.09,2.98332,2.54334,2.22366,0.72079,0.28962,0.35909,0.1701,3.6687,3.43151,3.40644,0.00127257,0.00127257,0.00127257
241,8014.33,2.75286,2.22386,2.30647,0.35173,0.38121,0.29429,0.15299,3.4431,3.55607,3.21535,0.00127092,0.00127092,0.00127092
242,8045.57,2.77753,2.10854,2.22926,0.55529,0.22268,0.31153,0.15808,3.25557,3.57504,3.0432,0.00126927,0.00126927,0.00126927
243,8076.66,2.77831,2.17718,2.28001,0.44963,0.26366,0.31741,0.15058,3.23136,3.65271,3.00374,0.00126762,0.00126762,0.00126762
244,8107.83,2.67595,2.09462,2.15978,0.50593,0.5643,0.46804,0.20595,3.06179,2.91467,2.84032,0.00126597,0.00126597,0.00126597
245,8139.05,2.83625,2.06694,2.21012,0.50024,0.59167,0.57786,0.2674,2.93321,2.39756,2.77614,0.00126432,0.00126432,0.00126432
246,8170.18,2.70621,2.10876,2.2006,0.4547,0.67951,0.63531,0.3132,3.05515,2.38851,2.79946,0.00126267,0.00126267,0.00126267
247,8201.32,2.63881,2.21705,2.3032,0.65208,0.53005,0.55789,0.22245,3.06284,2.51087,2.76183,0.00126102,0.00126102,0.00126102
248,8232.58,3.03344,2.17046,2.15559,0.70714,0.51176,0.57617,0.22234,3.25845,2.84842,2.76874,0.00125937,0.00125937,0.00125937
249,8263.72,2.68446,2.03416,2.12971,0.60165,0.49727,0.55657,0.21437,3.27409,3.04962,2.72422,0.00125772,0.00125772,0.00125772
250,8294.95,2.71112,2.17713,2.21848,0.53426,0.49108,0.51094,0.2631,3.21199,3.15587,2.68819,0.00125607,0.00125607,0.00125607
251,8326.06,2.91995,2.32254,2.24218,0.57665,0.56845,0.56859,0.2896,3.1698,3.33861,2.74859,0.00125442,0.00125442,0.00125442
252,8357.18,2.75092,2.0813,2.15242,0.8551,0.5554,0.69392,0.27622,3.19892,2.89398,2.87097,0.00125277,0.00125277,0.00125277
253,8388.47,2.94957,2.13299,2.0852,0.68882,0.61553,0.65748,0.27276,3.02366,2.98561,2.76694,0.00125112,0.00125112,0.00125112
254,8419.69,2.75806,2.01814,2.13672,0.63025,0.55464,0.64735,0.30991,3.08054,2.87338,2.75067,0.00124947,0.00124947,0.00124947
255,8450.86,2.59536,2.01421,2.13194,0.79374,0.53825,0.63375,0.30733,3.08805,2.87948,2.76864,0.00124782,0.00124782,0.00124782
256,8482.15,2.70869,1.95371,2.12968,0.60942,0.57104,0.60467,0.27243,3.11912,3.05572,2.7907,0.00124617,0.00124617,0.00124617
257,8513.2,2.85893,2.29298,2.28537,0.54799,0.54838,0.56082,0.26607,2.98509,2.92112,2.7579,0.00124452,0.00124452,0.00124452
258,8544.48,2.62889,2.08633,2.14985,0.56862,0.56284,0.56489,0.28223,2.87755,2.66712,2.75346,0.00124287,0.00124287,0.00124287
259,8575.67,2.75024,2.18068,2.13492,0.65043,0.56284,0.55552,0.28419,2.89783,2.61301,2.74856,0.00124121,0.00124121,0.00124121
260,8606.82,2.85716,2.08955,2.27579,0.50654,0.60485,0.5706,0.24814,3.02345,2.44192,2.85318,0.00123956,0.00123956,0.00123956
261,8638.03,2.79669,2.24681,2.13343,0.52106,0.60383,0.6018,0.24414,3.00563,2.39914,2.84257,0.00123791,0.00123791,0.00123791
262,8669.3,2.73245,2.03495,2.21911,0.50513,0.48027,0.51813,0.25181,2.85992,2.47709,2.76674,0.00123626,0.00123626,0.00123626
263,8700.42,2.85213,2.13064,2.24893,0.56085,0.36339,0.35724,0.17129,3.13615,3.54728,2.97316,0.00123461,0.00123461,0.00123461
264,8731.61,2.75585,2.27666,2.18425,0.21243,0.18852,0.18933,0.09676,4.24494,5.17825,4.08114,0.00123296,0.00123296,0.00123296
265,8762.8,2.80486,2.19302,2.20366,0.31081,0.28825,0.23014,0.13522,3.71291,4.11611,3.46457,0.00123131,0.00123131,0.00123131
266,8793.94,2.63109,2.06112,2.18647,0.50371,0.26458,0.32731,0.1794,3.3809,3.25719,2.93641,0.00122966,0.00122966,0.00122966
267,8824.93,2.57296,2.17707,2.21534,0.48675,0.5041,0.54096,0.28526,3.1708,2.83825,2.76235,0.00122801,0.00122801,0.00122801
268,8856.23,2.90456,2.32197,2.21076,0.5324,0.57104,0.55197,0.32195,2.91543,2.5726,2.63781,0.00122636,0.00122636,0.00122636
269,8887.36,2.93891,2.11367,2.12797,0.5255,0.54645,0.56922,0.29484,3.01059,2.64733,2.65309,0.00122471,0.00122471,0.00122471
270,8918.57,2.88204,2.08598,2.1678,0.58635,0.60324,0.58169,0.24257,3.20741,2.77692,2.7474,0.00122306,0.00122306,0.00122306
271,8949.79,2.71243,2.21899,2.21621,0.67124,0.60139,0.58877,0.2266,3.35037,2.85128,2.82231,0.00122141,0.00122141,0.00122141
272,8981.15,2.58338,2.01698,2.15463,0.67451,0.54674,0.57884,0.21601,3.47169,3.19038,2.87911,0.00121976,0.00121976,0.00121976
273,9012.48,2.97106,2.25392,2.30652,0.74413,0.41515,0.5067,0.20489,3.64066,3.4497,2.98084,0.00121811,0.00121811,0.00121811
274,9043.72,2.70706,2.13316,2.18804,0.5244,0.44672,0.44584,0.18034,3.82941,3.69311,3.157,0.00121646,0.00121646,0.00121646
275,9074.93,2.71209,2.36041,2.21545,0.82896,0.41683,0.51462,0.19065,3.88215,3.89556,3.21818,0.00121481,0.00121481,0.00121481
276,9106.13,2.8572,2.21385,2.28834,0.83975,0.40574,0.57231,0.21852,3.72491,3.44433,3.08347,0.00121316,0.00121316,0.00121316
277,9137.34,2.73642,2.09339,2.25083,0.91398,0.41393,0.61348,0.26677,3.25566,2.69651,2.83114,0.00121151,0.00121151,0.00121151
