0;-4.976328835;25.76384867;0.1552356967
0;-5.584710957;32.18899647;0.1322128939
0;-4.933738101;25.34177165;0.157065725
0;-14.90978459;234.2288344;0.06409053994
0;-4.914140209;25.14877399;0.1579185191
0;-15.98564453;294.6997159;0.08447057586
0;-27.71246693;821.9545004;0.01947563757
0;-11.0603395;133.5580295;0.1236952639
0;-24.29407656;635.583426;0.02577184821
0;-23.55496578;585.6718637;0.02065443351
0;-16.71396109;280.3564954;0.02352157161
0;-22.80915888;521.2577287;0.01387297401
0;-5.727423199;33.8033765;0.1275521654
0;-24.4531683;631.076912;0.01968845871
0;-11.62437484;141.3522794;0.09183143966
1;-12.9810333;177.5517022;0.07226338717
1;-13.70713085;188.8854362;0.03273793096
1;-13.87627613;193.5510391;0.0320806207
1;-6.396905293;41.92039733;0.1086716826
1;-127.983006;17282.72521;0.001384297058
1;-17.27746698;299.5108654;0.02224533057
1;-21.98837298;484.4885463;0.01477159354
1;-9.582398087;92.82235309;0.05850122805
1;-22.73954061;532.7727401;0.02401382066
1;-104.6713947;11473.07593;0.001624873901
1;-49.45684988;2446.98;0.003594649199
1;-80.15966307;6426.571584;0.00151953353
1;-13.31450276;178.2759838;0.03434662058
1;-22.62975259;529.5372922;0.02439079414
1;-50.90357136;2895.655131;0.009787872133
1;-7.339141897;54.86300379;0.08851215602
1;-11.27638198;133.1601325;0.08754636326
1;-22.45092937;505.0442296;0.01425444828
1;-80.02022712;6851.617852;0.003110083152
1;-6.778237613;47.71226671;0.1501235371
1;-18.01596123;332.344137;0.03218360454
1;-8.920822099;80.58106693;0.06549146097
1;-31.6194009;1000.786514;0.007888065817
1;-52.78763725;2937.192089;0.00577598458
1;-11.12112024;124.6793155;0.04608491165
1;-24.05711854;601.7643745;0.02404348599
1;-10.18783549;107.6326646;0.09499962243
1;-5.559638362;31.90957871;0.1330580188
1;-6.709789609;46.0212766;0.1012648176
1;-7.292034138;55.20757294;0.1398649637
1;-8.138683312;69.81170006;0.1458043309
1;-4.967350938;25.67457534;0.1556188273
1;-8.626415674;78.21004977;0.1289844305
1;-34.83126525;1214.217039;0.006662539542
1;-9.66586071;97.60637493;0.1067369908
1;-12.13898496;153.8124508;0.07553078783
1;-6.90466681;48.67442376;0.09703201669
1;-8.208647304;68.38189057;0.07455989748
1;-6.140664702;38.70776299;0.1153665598
1;-9.994816349;100.8963539;0.0547083353
1;-15.82798429;251.5250868;0.02577091867
1;-14.49094457;220.133029;0.0587088098
1;-27.8927654;819.04539;0.02010695933
1;-9.853034116;102.4120129;0.1139052711
1;-9.445910205;93.56503901;0.1156387802
1;-7.41668644;56.00723775;0.08711191541
1;-20.24172643;429.1702498;0.03346167365
1;-10.78391156;117.2927484;0.04843308399
1;-79.46753602;6853.864819;0.003987119347
1;-37.99592422;1538.940074;0.01283214496
1;-10.41727522;115.3764033;0.1091394893
1;-4.551979888;21.7205209;0.1749866537
1;-16.93689861;287.8585344;0.02300340651
1;-10.46977869;113.8220423;0.09001724045
1;-11.08125341;123.7941772;0.04635325231
1;-4.066199539;17.80884779;0.3079655241
1;-10.88404748;123.5262407;0.08669210847
0;-27.10546579;735.7062754;0.010306107
0;-81.30057826;7066.671415;0.003490449215
0;-7.459844055;56.64927332;0.08634720566
0;-5.464171582;30.85717107;0.1363510126
0;-10.15586468;104.1415873;0.05332938521
0;-15.02281832;235.1294015;0.05363535968
0;-25.40964763;646.6501927;0.01152260162
0;-21.15574221;448.5654284;0.0157788913
0;-14.55223906;227.3505323;0.05870706806
0;-13.15137997;173.958795;0.0350512212
0;-44.93854031;2020.472405;0.004258070757
0;-66.23627503;4388.24413;0.00213815596
0;-83.02159758;7510.310288;0.00324915938
0;-35.43645092;1256.742054;0.00646476797
0;-37.75674945;1426.572129;0.005784856099
0;-14.35493085;207.0640398;0.03032739589
0;-29.80084281;889.0902324;0.008744224381
0;-37.31036235;1437.542286;0.009682132164
0;-25.13806302;632.9222124;0.01173802155
0;-10.23443934;109.8931427;0.1032930099
0;-30.62312171;980.7929613;0.01652988424
0;-52.31663047;2964.455635;0.007982782335
0;-43.37991799;1882.817285;0.004531645074
0;-24.7040389;611.2895378;0.01209549172
0;-24.746439;613.386243;0.0120598311
0;-40.19463697;1673.836798;0.009442515144
0;-15.39569278;243.3729303;0.04348718946
0;-44.92702755;2111.679007;0.008078720624
0;-38.46954369;1567.752848;0.01221300457
0;-11.85528091;141.5476854;0.04154311781
0;-5.442939055;30.62558555;0.1370999461
0;-3.701532984;14.70134643;0.2272578636
0;-21.96439974;525.67185;0.0342372703
0;-8.595753523;74.88697863;0.06940768671
0;-8.941513191;83.38565302;0.1171263051
0;-6.19748573;39.40882938;0.113829206
0;-3.924487997;16.40160604;0.2115974898
0;-13.59282755;194.0448674;0.06751668268
0;-12.86950787;166.6242329;0.03632267332
0;-22.37040708;523.244058;0.02922720266
0;-13.78630208;199.4159894;0.06668200929
0;-10.98724212;121.7194894;0.04699567832
0;-10.20862803;105.2160862;0.05288924636
0;-6.53390869;44.70978793;0.1873850819
0;-74.05721198;5914.556856;0.004192919376
0;-4.824997179;24.28059778;0.1618850144
0;-27.86076209;777.2220642;0.00982732068
0;-10.18369981;104.7077419;0.05309649018
0;-109.941561;12669.69004;0.00176735619
0;-12.71413626;169.8608724;0.07280407892
0;-6.699064621;47.13645075;0.1804788939
0;-6.597343546;45.7655079;0.1837579943
0;-5.596656458;32.7357145;0.190170475
0;-42.39977158;1973.563196;0.01247696516
0;-159.343211;26955.34359;0.0009543904047
0;-18.30385577;336.0311361;0.02018071046
0;-10.4195858;109.5677682;0.05118430504
1;-16.15139076;298.1626391;0.0787872423
1;-10.48055091;120.0987384;0.135538426
1;-2.519762516;7.404770319;0.4532504502
1;-39.93772894;1696.836282;0.009870482376
1;-8.404368048;71.63340228;0.07188421027
1;-12.97822942;169.434439;0.03582392527
1;-14.74644739;218.4577105;0.02900123503
1;-27.84206785;929.3415167;0.02921230268
1;-5.821876049;34.89424073;0.1246017431
1;-12.30376435;166.3571798;0.1062023276
1;-9.682904008;94.75863003;0.05754036184
1;-3.309090394;12.04946687;0.35242403
1;-16.87356326;294.7653602;0.04404203862
1;-4.746708128;23.7940897;0.2431702725
1;-8.256711213;70.82630741;0.1304148614
